split,model,cohort,FN_to_FP_cost_ratio,threshold,n,TP,TN,FP,FN,precision,recall,approval_rate,rejection_rate,default_rate_among_approved,expected_cost,normalized_expected_cost
validation,Application + Bureau,Overall,1:1,0.01,46127,3720,413,41990,4,0.08138262962152702,0.9989258861439313,0.009040258416979209,0.9909597415830208,0.009592326139088728,41994,0.910399549071043
validation,Application + Bureau,Overall,2:1,0.01,46127,3720,413,41990,4,0.08138262962152702,0.9989258861439313,0.009040258416979209,0.9909597415830208,0.009592326139088728,41998,0.9104862661781603
validation,Application + Bureau,Overall,5:1,0.01,46127,3720,413,41990,4,0.08138262962152702,0.9989258861439313,0.009040258416979209,0.9909597415830208,0.009592326139088728,42010,0.9107464174995122
validation,Application + Bureau,Overall,10:1,0.01,46127,3720,413,41990,4,0.08138262962152702,0.9989258861439313,0.009040258416979209,0.9909597415830208,0.009592326139088728,42030,0.9111800030350987
validation,Application + Bureau,Overall,1:1,0.02,46127,3665,4828,37575,59,0.08887002909796314,0.984156820622986,0.10594662562056929,0.8940533743794307,0.012072846326989973,37634,0.8158779023131788
validation,Application + Bureau,Overall,2:1,0.02,46127,3665,4828,37575,59,0.08887002909796314,0.984156820622986,0.10594662562056929,0.8940533743794307,0.012072846326989973,37693,0.8171569796431591
validation,Application + Bureau,Overall,5:1,0.02,46127,3665,4828,37575,59,0.08887002909796314,0.984156820622986,0.10594662562056929,0.8940533743794307,0.012072846326989973,37870,0.8209942116330999
validation,Application + Bureau,Overall,10:1,0.02,46127,3665,4828,37575,59,0.08887002909796314,0.984156820622986,0.10594662562056929,0.8940533743794307,0.012072846326989973,38165,0.8273895982830013
validation,Application + Bureau,Overall,1:1,0.03,46127,3494,11347,31056,230,0.1011287988422576,0.9382384532760473,0.25098098727426454,0.7490190127257355,0.019866977628055626,31286,0.6782578533180134
validation,Application + Bureau,Overall,2:1,0.03,46127,3494,11347,31056,230,0.1011287988422576,0.9382384532760473,0.25098098727426454,0.7490190127257355,0.019866977628055626,31516,0.6832440869772585
validation,Application + Bureau,Overall,5:1,0.03,46127,3494,11347,31056,230,0.1011287988422576,0.9382384532760473,0.25098098727426454,0.7490190127257355,0.019866977628055626,32206,0.6982027879549938
validation,Application + Bureau,Overall,10:1,0.03,46127,3494,11347,31056,230,0.1011287988422576,0.9382384532760473,0.25098098727426454,0.7490190127257355,0.019866977628055626,33356,0.7231339562512195
validation,Application + Bureau,Overall,1:1,0.04,46127,3287,16848,25555,437,0.11396574440052701,0.8826530612244898,0.374726299130661,0.625273700869339,0.0252820364477871,25992,0.5634877620482581
validation,Application + Bureau,Overall,2:1,0.04,46127,3287,16848,25555,437,0.11396574440052701,0.8826530612244898,0.374726299130661,0.625273700869339,0.0252820364477871,26429,0.5729616060008238
validation,Application + Bureau,Overall,5:1,0.04,46127,3287,16848,25555,437,0.11396574440052701,0.8826530612244898,0.374726299130661,0.625273700869339,0.0252820364477871,27740,0.601383137858521
validation,Application + Bureau,Overall,10:1,0.04,46127,3287,16848,25555,437,0.11396574440052701,0.8826530612244898,0.374726299130661,0.625273700869339,0.0252820364477871,29925,0.6487523576213498
validation,Application + Bureau,Overall,1:1,0.05,46127,3089,21207,21196,635,0.12719785876055179,0.829484425349087,0.4735187634140525,0.5264812365859475,0.029072429264719347,21831,0.4732802913694799
validation,Application + Bureau,Overall,2:1,0.05,46127,3089,21207,21196,635,0.12719785876055179,0.829484425349087,0.4735187634140525,0.5264812365859475,0.029072429264719347,22466,0.48704663212435234
validation,Application + Bureau,Overall,5:1,0.05,46127,3089,21207,21196,635,0.12719785876055179,0.829484425349087,0.4735187634140525,0.5264812365859475,0.029072429264719347,24371,0.5283456543889696
validation,Application + Bureau,Overall,10:1,0.05,46127,3089,21207,21196,635,0.12719785876055179,0.829484425349087,0.4735187634140525,0.5264812365859475,0.029072429264719347,27546,0.5971773581633316
validation,Application + Bureau,Overall,1:1,0.06,46127,2886,24546,17857,838,0.1391312732005978,0.7749731471535983,0.5503067617664275,0.44969323823357255,0.03301292152537031,18695,0.40529407938951156
validation,Application + Bureau,Overall,2:1,0.06,46127,2886,24546,17857,838,0.1391312732005978,0.7749731471535983,0.5503067617664275,0.44969323823357255,0.03301292152537031,19533,0.4234613133305873
validation,Application + Bureau,Overall,5:1,0.06,46127,2886,24546,17857,838,0.1391312732005978,0.7749731471535983,0.5503067617664275,0.44969323823357255,0.03301292152537031,22047,0.47796301515381445
validation,Application + Bureau,Overall,10:1,0.06,46127,2886,24546,17857,838,0.1391312732005978,0.7749731471535983,0.5503067617664275,0.44969323823357255,0.03301292152537031,26237,0.5687991848591931
validation,Application + Bureau,Overall,1:1,0.07,46127,2678,27306,15097,1046,0.15066104078762307,0.7191192266380236,0.614650855247469,0.38534914475253107,0.03689334085778781,16143,0.34996856504866997
validation,Application + Bureau,Overall,2:1,0.07,46127,2678,27306,15097,1046,0.15066104078762307,0.7191192266380236,0.614650855247469,0.38534914475253107,0.03689334085778781,17189,0.3726450885598456
validation,Application + Bureau,Overall,5:1,0.07,46127,2678,27306,15097,1046,0.15066104078762307,0.7191192266380236,0.614650855247469,0.38534914475253107,0.03689334085778781,20327,0.44067465909337267
validation,Application + Bureau,Overall,10:1,0.07,46127,2678,27306,15097,1046,0.15066104078762307,0.7191192266380236,0.614650855247469,0.38534914475253107,0.03689334085778781,25557,0.554057276649251
validation,Application + Bureau,Overall,1:1,0.08,46127,2496,29585,12818,1228,0.16298811544991512,0.6702470461868958,0.6680035554013918,0.33199644459860816,0.03985330866841917,14046,0.304507121642422
validation,Application + Bureau,Overall,2:1,0.08,46127,2496,29585,12818,1228,0.16298811544991512,0.6702470461868958,0.6680035554013918,0.33199644459860816,0.03985330866841917,15274,0.3311292735274351
validation,Application + Bureau,Overall,5:1,0.08,46127,2496,29585,12818,1228,0.16298811544991512,0.6702470461868958,0.6680035554013918,0.33199644459860816,0.03985330866841917,18958,0.41099572918247446
validation,Application + Bureau,Overall,10:1,0.08,46127,2496,29585,12818,1228,0.16298811544991512,0.6702470461868958,0.6680035554013918,0.33199644459860816,0.03985330866841917,25098,0.5441064886075401
validation,Application + Bureau,Overall,1:1,0.09,46127,2321,31396,11007,1403,0.17414465786314526,0.6232545649838883,0.7110585990851345,0.2889414009148655,0.042775694380926245,12410,0.2690398248314436
validation,Application + Bureau,Overall,2:1,0.09,46127,2321,31396,11007,1403,0.17414465786314526,0.6232545649838883,0.7110585990851345,0.2889414009148655,0.042775694380926245,13813,0.2994558501528389
validation,Application + Bureau,Overall,5:1,0.09,46127,2321,31396,11007,1403,0.17414465786314526,0.6232545649838883,0.7110585990851345,0.2889414009148655,0.042775694380926245,18022,0.39070392611702476
validation,Application + Bureau,Overall,10:1,0.09,46127,2321,31396,11007,1403,0.17414465786314526,0.6232545649838883,0.7110585990851345,0.2889414009148655,0.042775694380926245,25037,0.5427840527240011
validation,Application + Bureau,Overall,1:1,0.1,46127,2174,32872,9531,1550,0.18573259290901326,0.583780880773362,0.7462440652979817,0.25375593470201835,0.04502934170007553,11081,0.2402280659917185
validation,Application + Bureau,Overall,2:1,0.1,46127,2174,32872,9531,1550,0.18573259290901326,0.583780880773362,0.7462440652979817,0.25375593470201835,0.04502934170007553,12631,0.2738309449996748
validation,Application + Bureau,Overall,5:1,0.1,46127,2174,32872,9531,1550,0.18573259290901326,0.583780880773362,0.7462440652979817,0.25375593470201835,0.04502934170007553,17281,0.3746395820235437
validation,Application + Bureau,Overall,10:1,0.1,46127,2174,32872,9531,1550,0.18573259290901326,0.583780880773362,0.7462440652979817,0.25375593470201835,0.04502934170007553,25031,0.5426539770633252
validation,Application + Bureau,Overall,1:1,0.11,46127,2020,34146,8257,1704,0.1965554150043787,0.5424274973147154,0.7772020725388601,0.22279792746113988,0.04753138075313808,9961,0.21594727599887267
validation,Application + Bureau,Overall,2:1,0.11,46127,2020,34146,8257,1704,0.1965554150043787,0.5424274973147154,0.7772020725388601,0.22279792746113988,0.04753138075313808,11665,0.2528887636308453
validation,Application + Bureau,Overall,5:1,0.11,46127,2020,34146,8257,1704,0.1965554150043787,0.5424274973147154,0.7772020725388601,0.22279792746113988,0.04753138075313808,16777,0.3637132265267631
validation,Application + Bureau,Overall,10:1,0.11,46127,2020,34146,8257,1704,0.1965554150043787,0.5424274973147154,0.7772020725388601,0.22279792746113988,0.04753138075313808,25297,0.5484206646866261
validation,Application + Bureau,Overall,1:1,0.12,46127,1888,35235,7168,1836,0.20848056537102475,0.5069817400644469,0.8036724694864179,0.19632753051358207,0.049526584122359794,9004,0.1952002081210571
validation,Application + Bureau,Overall,2:1,0.12,46127,1888,35235,7168,1836,0.20848056537102475,0.5069817400644469,0.8036724694864179,0.19632753051358207,0.049526584122359794,10840,0.2350033602879008
validation,Application + Bureau,Overall,5:1,0.12,46127,1888,35235,7168,1836,0.20848056537102475,0.5069817400644469,0.8036724694864179,0.19632753051358207,0.049526584122359794,16348,0.35441281678843195
validation,Application + Bureau,Overall,10:1,0.12,46127,1888,35235,7168,1836,0.20848056537102475,0.5069817400644469,0.8036724694864179,0.19632753051358207,0.049526584122359794,25528,0.5534285776226505
validation,Application + Bureau,Overall,1:1,0.13,46127,1755,36128,6275,1969,0.21855541718555418,0.4712674543501611,0.8259154074620071,0.17408459253799294,0.05168385962149251,8244,0.17872395776876884
validation,Application + Bureau,Overall,2:1,0.13,46127,1755,36128,6275,1969,0.21855541718555418,0.4712674543501611,0.8259154074620071,0.17408459253799294,0.05168385962149251,10213,0.22141045374726298
validation,Application + Bureau,Overall,5:1,0.13,46127,1755,36128,6275,1969,0.21855541718555418,0.4712674543501611,0.8259154074620071,0.17408459253799294,0.05168385962149251,16120,0.3494699416827455
validation,Application + Bureau,Overall,10:1,0.13,46127,1755,36128,6275,1969,0.21855541718555418,0.4712674543501611,0.8259154074620071,0.17408459253799294,0.05168385962149251,25965,0.5629024215752163
validation,Application + Bureau,Overall,1:1,0.14,46127,1631,36891,5512,2093,0.22833543329133418,0.43796992481203006,0.8451449259652698,0.1548550740347302,0.05368869279704494,7605,0.1648708999067791
validation,Application + Bureau,Overall,2:1,0.14,46127,1631,36891,5512,2093,0.22833543329133418,0.43796992481203006,0.8451449259652698,0.1548550740347302,0.05368869279704494,9698,0.21024562620590978
validation,Application + Bureau,Overall,5:1,0.14,46127,1631,36891,5512,2093,0.22833543329133418,0.43796992481203006,0.8451449259652698,0.1548550740347302,0.05368869279704494,15977,0.34636980510330173
validation,Application + Bureau,Overall,10:1,0.14,46127,1631,36891,5512,2093,0.22833543329133418,0.43796992481203006,0.8451449259652698,0.1548550740347302,0.05368869279704494,26442,0.573243436598955
validation,Application + Bureau,Overall,1:1,0.15,46127,1518,37574,4829,2206,0.2391681109185442,0.40762620837808805,0.8624016302816138,0.13759836971838618,0.05545500251382604,7035,0.15251371214256293
validation,Application + Bureau,Overall,2:1,0.15,46127,1518,37574,4829,2206,0.2391681109185442,0.40762620837808805,0.8624016302816138,0.13759836971838618,0.05545500251382604,9241,0.2003381967177575
validation,Application + Bureau,Overall,5:1,0.15,46127,1518,37574,4829,2206,0.2391681109185442,0.40762620837808805,0.8624016302816138,0.13759836971838618,0.05545500251382604,15859,0.3438116504433412
validation,Application + Bureau,Overall,10:1,0.15,46127,1518,37574,4829,2206,0.2391681109185442,0.40762620837808805,0.8624016302816138,0.13759836971838618,0.05545500251382604,26889,0.582934073319314
validation,Application + Bureau,Overall,1:1,0.16,46127,1413,38127,4276,2311,0.2483740551942345,0.37943071965628355,0.8766665944024107,0.12333340559758926,0.057149216083881495,6587,0.1428013961454246
validation,Application + Bureau,Overall,2:1,0.16,46127,1413,38127,4276,2311,0.2483740551942345,0.37943071965628355,0.8766665944024107,0.12333340559758926,0.057149216083881495,8898,0.19290220478244846
validation,Application + Bureau,Overall,5:1,0.16,46127,1413,38127,4276,2311,0.2483740551942345,0.37943071965628355,0.8766665944024107,0.12333340559758926,0.057149216083881495,15831,0.3432046306935201
validation,Application + Bureau,Overall,10:1,0.16,46127,1413,38127,4276,2311,0.2483740551942345,0.37943071965628355,0.8766665944024107,0.12333340559758926,0.057149216083881495,27386,0.5937086738786395
validation,Application + Bureau,Overall,1:1,0.17,46127,1302,38592,3811,2422,0.25464502249168786,0.34962406015037595,0.8891538578273028,0.11084614217269712,0.05905300629053494,6233,0.13512693216554295
validation,Application + Bureau,Overall,2:1,0.17,46127,1302,38592,3811,2422,0.25464502249168786,0.34962406015037595,0.8891538578273028,0.11084614217269712,0.05905300629053494,8655,0.18763414052507207
validation,Application + Bureau,Overall,5:1,0.17,46127,1302,38592,3811,2422,0.25464502249168786,0.34962406015037595,0.8891538578273028,0.11084614217269712,0.05905300629053494,15921,0.34515576560365946
validation,Application + Bureau,Overall,10:1,0.17,46127,1302,38592,3811,2422,0.25464502249168786,0.34962406015037595,0.8891538578273028,0.11084614217269712,0.05905300629053494,28031,0.6076918074013051
validation,Application + Bureau,Overall,1:1,0.18,46127,1204,39007,3396,2520,0.2617391304347826,0.3233082706766917,0.9002753268150975,0.09972467318490255,0.060683410792978065,5916,0.12825460142649642
validation,Application + Bureau,Overall,2:1,0.18,46127,1204,39007,3396,2520,0.2617391304347826,0.3233082706766917,0.9002753268150975,0.09972467318490255,0.060683410792978065,8436,0.18288637891039955
validation,Application + Bureau,Overall,5:1,0.18,46127,1204,39007,3396,2520,0.2617391304347826,0.3233082706766917,0.9002753268150975,0.09972467318490255,0.060683410792978065,15996,0.34678171136210895
validation,Application + Bureau,Overall,10:1,0.18,46127,1204,39007,3396,2520,0.2617391304347826,0.3233082706766917,0.9002753268150975,0.09972467318490255,0.060683410792978065,28596,0.6199405987816247
validation,Application + Bureau,Overall,1:1,0.19,46127,1129,39367,3036,2595,0.2710684273709484,0.30316863587540277,0.9097058122141045,0.09029418778589546,0.06184166626948191,5631,0.12207600754438831
validation,Application + Bureau,Overall,2:1,0.19,46127,1129,39367,3036,2595,0.2710684273709484,0.30316863587540277,0.9097058122141045,0.09029418778589546,0.06184166626948191,8226,0.17833373078674095
validation,Application + Bureau,Overall,5:1,0.19,46127,1129,39367,3036,2595,0.2710684273709484,0.30316863587540277,0.9097058122141045,0.09029418778589546,0.06184166626948191,16011,0.34710690051379883
validation,Application + Bureau,Overall,10:1,0.19,46127,1129,39367,3036,2595,0.2710684273709484,0.30316863587540277,0.9097058122141045,0.09029418778589546,0.06184166626948191,28986,0.628395516725562
validation,Application + Bureau,Overall,1:1,0.2,46127,1036,39681,2722,2688,0.2756785524215008,0.2781954887218045,0.9185292778632905,0.08147072213670951,0.06344261134319903,5410,0.11728488737615714
validation,Application + Bureau,Overall,2:1,0.2,46127,1036,39681,2722,2688,0.2756785524215008,0.2781954887218045,0.9185292778632905,0.08147072213670951,0.06344261134319903,8098,0.17555878335898714
validation,Application + Bureau,Overall,5:1,0.2,46127,1036,39681,2722,2688,0.2756785524215008,0.2781954887218045,0.9185292778632905,0.08147072213670951,0.06344261134319903,16162,0.3503804713074772
validation,Application + Bureau,Overall,10:1,0.2,46127,1036,39681,2722,2688,0.2756785524215008,0.2781954887218045,0.9185292778632905,0.08147072213670951,0.06344261134319903,29602,0.6417499512216273
validation,Application + Bureau,Overall,1:1,0.21,46127,965,39981,2422,2759,0.28491290227339827,0.2591299677765843,0.9265722895484206,0.07342771045157934,0.06455311183902668,5181,0.11232033299369133
validation,Application + Bureau,Overall,2:1,0.21,46127,965,39981,2422,2759,0.28491290227339827,0.2591299677765843,0.9265722895484206,0.07342771045157934,0.06455311183902668,7940,0.17213345762785354
validation,Application + Bureau,Overall,5:1,0.21,46127,965,39981,2422,2759,0.28491290227339827,0.2591299677765843,0.9265722895484206,0.07342771045157934,0.06455311183902668,16217,0.35157283153034014
validation,Application + Bureau,Overall,10:1,0.21,46127,965,39981,2422,2759,0.28491290227339827,0.2591299677765843,0.9265722895484206,0.07342771045157934,0.06455311183902668,30012,0.6506384547011511
validation,Application + Bureau,Overall,1:1,0.22,46127,900,40251,2152,2824,0.2948885976408912,0.24167561761546724,0.9338348472694951,0.06616515273050491,0.06556006964596633,4976,0.10787608125392936
validation,Application + Bureau,Overall,2:1,0.22,46127,900,40251,2152,2824,0.2948885976408912,0.24167561761546724,0.9338348472694951,0.06616515273050491,0.06556006964596633,7800,0.1690983588787478
validation,Application + Bureau,Overall,5:1,0.22,46127,900,40251,2152,2824,0.2948885976408912,0.24167561761546724,0.9338348472694951,0.06616515273050491,0.06556006964596633,16272,0.3527651917532031
validation,Application + Bureau,Overall,10:1,0.22,46127,900,40251,2152,2824,0.2948885976408912,0.24167561761546724,0.9338348472694951,0.06616515273050491,0.06556006964596633,30392,0.6588765798772953
validation,Application + Bureau,Overall,1:1,0.23,46127,838,40480,1923,2886,0.3035132198478812,0.22502685284640173,0.9401435168122791,0.059856483187720855,0.06654983166535997,4809,0.10425564203178182
validation,Application + Bureau,Overall,2:1,0.23,46127,838,40480,1923,2886,0.3035132198478812,0.22502685284640173,0.9401435168122791,0.059856483187720855,0.06654983166535997,7695,0.1668220348169185
validation,Application + Bureau,Overall,5:1,0.23,46127,838,40480,1923,2886,0.3035132198478812,0.22502685284640173,0.9401435168122791,0.059856483187720855,0.06654983166535997,16353,0.3545212131723286
validation,Application + Bureau,Overall,10:1,0.23,46127,838,40480,1923,2886,0.3035132198478812,0.22502685284640173,0.9401435168122791,0.059856483187720855,0.06654983166535997,30783,0.667353177098012
validation,Application + Bureau,Overall,1:1,0.24,46127,774,40704,1699,2950,0.3129801860088961,0.20784103114930183,0.9463871485247252,0.05361285147527479,0.0675768543546983,4649,0.10078695774708955
validation,Application + Bureau,Overall,2:1,0.24,46127,774,40704,1699,2950,0.3129801860088961,0.20784103114930183,0.9463871485247252,0.05361285147527479,0.0675768543546983,7599,0.16474082424610315
validation,Application + Bureau,Overall,5:1,0.24,46127,774,40704,1699,2950,0.3129801860088961,0.20784103114930183,0.9463871485247252,0.05361285147527479,0.0675768543546983,16449,0.35660242374314394
validation,Application + Bureau,Overall,10:1,0.24,46127,774,40704,1699,2950,0.3129801860088961,0.20784103114930183,0.9463871485247252,0.05361285147527479,0.0675768543546983,31199,0.6763717562382119
validation,Application + Bureau,Overall,1:1,0.25,46127,720,40900,1503,3004,0.32388663967611336,0.1933404940923738,0.9518069677195569,0.048193032280443124,0.06842201166180759,4507,0.09770850044442518
validation,Application + Bureau,Overall,2:1,0.25,46127,720,40900,1503,3004,0.32388663967611336,0.1933404940923738,0.9518069677195569,0.048193032280443124,0.06842201166180759,7511,0.1628330478895224
validation,Application + Bureau,Overall,5:1,0.25,46127,720,40900,1503,3004,0.32388663967611336,0.1933404940923738,0.9518069677195569,0.048193032280443124,0.06842201166180759,16523,0.3582066902248141
validation,Application + Bureau,Overall,10:1,0.25,46127,720,40900,1503,3004,0.32388663967611336,0.1933404940923738,0.9518069677195569,0.048193032280443124,0.06842201166180759,31543,0.6838294274503003
validation,Application + Bureau,Overall,1:1,0.26,46127,677,41072,1331,3047,0.33715139442231074,0.1817937701396348,0.9564680122271121,0.043531987772887894,0.0690632153947279,4378,0.09491187373989203
validation,Application + Bureau,Overall,2:1,0.26,46127,677,41072,1331,3047,0.33715139442231074,0.1817937701396348,0.9564680122271121,0.043531987772887894,0.0690632153947279,7425,0.1609686300865003
validation,Application + Bureau,Overall,5:1,0.26,46127,677,41072,1331,3047,0.33715139442231074,0.1817937701396348,0.9564680122271121,0.043531987772887894,0.0690632153947279,16566,0.35913889912632513
validation,Application + Bureau,Overall,10:1,0.26,46127,677,41072,1331,3047,0.33715139442231074,0.1817937701396348,0.9564680122271121,0.043531987772887894,0.0690632153947279,31801,0.6894226808593665
validation,Application + Bureau,Overall,1:1,0.27,46127,638,41245,1158,3086,0.35523385300668153,0.17132116004296455,0.9610640189043294,0.038935981095670646,0.06961268638199003,4244,0.09200685065146227
validation,Application + Bureau,Overall,2:1,0.27,46127,638,41245,1158,3086,0.35523385300668153,0.17132116004296455,0.9610640189043294,0.038935981095670646,0.06961268638199003,7330,0.1589090987924643
validation,Application + Bureau,Overall,5:1,0.27,46127,638,41245,1158,3086,0.35523385300668153,0.17132116004296455,0.9610640189043294,0.038935981095670646,0.06961268638199003,16588,0.35961584321547035
validation,Application + Bureau,Overall,10:1,0.27,46127,638,41245,1158,3086,0.35523385300668153,0.17132116004296455,0.9610640189043294,0.038935981095670646,0.06961268638199003,32018,0.6941270839204804
validation,Application + Bureau,Overall,1:1,0.28,46127,600,41379,1024,3124,0.3694581280788177,0.1611170784103115,0.9647928545103736,0.03520714548962647,0.07019751477428487,4148,0.08992564008064691
validation,Application + Bureau,Overall,2:1,0.28,46127,600,41379,1024,3124,0.3694581280788177,0.1611170784103115,0.9647928545103736,0.03520714548962647,0.07019751477428487,7272,0.15765170073926335
validation,Application + Bureau,Overall,5:1,0.28,46127,600,41379,1024,3124,0.3694581280788177,0.1611170784103115,0.9647928545103736,0.03520714548962647,0.07019751477428487,16644,0.3608298827151126
validation,Application + Bureau,Overall,10:1,0.28,46127,600,41379,1024,3124,0.3694581280788177,0.1611170784103115,0.9647928545103736,0.03520714548962647,0.07019751477428487,32264,0.6994601860081948
validation,Application + Bureau,Overall,1:1,0.29,46127,544,41489,914,3180,0.3731138545953361,0.1460794844253491,0.9683916144557417,0.031608385544258245,0.07119031095390539,4094,0.08875495913456327
validation,Application + Bureau,Overall,2:1,0.29,46127,544,41489,914,3180,0.3731138545953361,0.1460794844253491,0.9683916144557417,0.031608385544258245,0.07119031095390539,7274,0.157695059292822
validation,Application + Bureau,Overall,5:1,0.29,46127,544,41489,914,3180,0.3731138545953361,0.1460794844253491,0.9683916144557417,0.031608385544258245,0.07119031095390539,16814,0.36451535976759813
validation,Application + Bureau,Overall,10:1,0.29,46127,544,41489,914,3180,0.3731138545953361,0.1460794844253491,0.9683916144557417,0.031608385544258245,0.07119031095390539,32714,0.7092158605588917
validation,Application + Bureau,Overall,1:1,0.3,46127,502,41599,804,3222,0.38437978560490044,0.1348012889366273,0.9716868645261995,0.028313135473800596,0.07188594631980545,4026,0.08728076831356905
validation,Application + Bureau,Overall,2:1,0.3,46127,502,41599,804,3222,0.38437978560490044,0.1348012889366273,0.9716868645261995,0.028313135473800596,0.07188594631980545,7248,0.1571313980965595
validation,Application + Bureau,Overall,5:1,0.3,46127,502,41599,804,3222,0.38437978560490044,0.1348012889366273,0.9716868645261995,0.028313135473800596,0.07188594631980545,16914,0.3666832874455308
validation,Application + Bureau,Overall,10:1,0.3,46127,502,41599,804,3222,0.38437978560490044,0.1348012889366273,0.9716868645261995,0.028313135473800596,0.07188594631980545,33024,0.715936436360483
validation,Application + Bureau,Overall,1:1,0.31,46127,459,41690,713,3265,0.3916382252559727,0.12325456498388829,0.9745918876146292,0.025408112385370826,0.07262818373929485,3978,0.08624016302816138
validation,Application + Bureau,Overall,2:1,0.31,46127,459,41690,713,3265,0.3916382252559727,0.12325456498388829,0.9745918876146292,0.025408112385370826,0.07262818373929485,7243,0.15702300171266287
validation,Application + Bureau,Overall,5:1,0.31,46127,459,41690,713,3265,0.3916382252559727,0.12325456498388829,0.9745918876146292,0.025408112385370826,0.07262818373929485,17038,0.36937151776616733
validation,Application + Bureau,Overall,10:1,0.31,46127,459,41690,713,3265,0.3916382252559727,0.12325456498388829,0.9745918876146292,0.025408112385370826,0.07262818373929485,33363,0.7232857111886748
validation,Application + Bureau,Overall,1:1,0.32,46127,414,41783,620,3310,0.40038684719535783,0.11117078410311493,0.9775836278101763,0.022416372189823747,0.07340385425675826,3930,0.0851995577427537
validation,Application + Bureau,Overall,2:1,0.32,46127,414,41783,620,3310,0.40038684719535783,0.11117078410311493,0.9775836278101763,0.022416372189823747,0.07340385425675826,7240,0.15695796388232489
validation,Application + Bureau,Overall,5:1,0.32,46127,414,41783,620,3310,0.40038684719535783,0.11117078410311493,0.9775836278101763,0.022416372189823747,0.07340385425675826,17170,0.3722331823010384
validation,Application + Bureau,Overall,10:1,0.32,46127,414,41783,620,3310,0.40038684719535783,0.11117078410311493,0.9775836278101763,0.022416372189823747,0.07340385425675826,33720,0.7310252129988943
validation,Application + Bureau,Overall,1:1,0.33,46127,377,41854,549,3347,0.40712742980561556,0.10123523093447906,0.9799249897023435,0.02007501029765647,0.07404703435764695,3896,0.0844624623322566
validation,Application + Bureau,Overall,2:1,0.33,46127,377,41854,549,3347,0.40712742980561556,0.10123523093447906,0.9799249897023435,0.02007501029765647,0.07404703435764695,7243,0.15702300171266287
validation,Application + Bureau,Overall,5:1,0.33,46127,377,41854,549,3347,0.40712742980561556,0.10123523093447906,0.9799249897023435,0.02007501029765647,0.07404703435764695,17284,0.37470461985388165
validation,Application + Bureau,Overall,10:1,0.33,46127,377,41854,549,3347,0.40712742980561556,0.10123523093447906,0.9799249897023435,0.02007501029765647,0.07404703435764695,34019,0.7375073167559131
validation,Application + Bureau,Overall,1:1,0.34,46127,348,41937,466,3376,0.4275184275184275,0.09344790547798067,0.9823530687016281,0.017646931298371887,0.07450400547304306,3842,0.08329178138617296
validation,Application + Bureau,Overall,2:1,0.34,46127,348,41937,466,3376,0.4275184275184275,0.09344790547798067,0.9823530687016281,0.017646931298371887,0.07450400547304306,7218,0.1564810197931797
validation,Application + Bureau,Overall,5:1,0.34,46127,348,41937,466,3376,0.4275184275184275,0.09344790547798067,0.9823530687016281,0.017646931298371887,0.07450400547304306,17346,0.37604873501419994
validation,Application + Bureau,Overall,10:1,0.34,46127,348,41937,466,3376,0.4275184275184275,0.09344790547798067,0.9823530687016281,0.017646931298371887,0.07450400547304306,34226,0.7419949270492336
validation,Application + Bureau,Overall,1:1,0.35,46127,324,42000,403,3400,0.44566712517193946,0.08700322234156821,0.9842391657814296,0.01576083421857047,0.07488986784140969,3803,0.08244628959177921
validation,Application + Bureau,Overall,2:1,0.35,46127,324,42000,403,3400,0.44566712517193946,0.08700322234156821,0.9842391657814296,0.01576083421857047,0.07488986784140969,7203,0.1561558306414898
validation,Application + Bureau,Overall,5:1,0.35,46127,324,42000,403,3400,0.44566712517193946,0.08700322234156821,0.9842391657814296,0.01576083421857047,0.07488986784140969,17403,0.37728445379062153
validation,Application + Bureau,Overall,10:1,0.35,46127,324,42000,403,3400,0.44566712517193946,0.08700322234156821,0.9842391657814296,0.01576083421857047,0.07488986784140969,34403,0.7458321590391744
validation,Application + Bureau,Overall,1:1,0.36,46127,296,42056,347,3428,0.4603421461897356,0.079484425349087,0.986060225030893,0.013939774969107031,0.07536716207897283,3775,0.08183926984195808
validation,Application + Bureau,Overall,2:1,0.36,46127,296,42056,347,3428,0.4603421461897356,0.079484425349087,0.986060225030893,0.013939774969107031,0.07536716207897283,7203,0.1561558306414898
validation,Application + Bureau,Overall,5:1,0.36,46127,296,42056,347,3428,0.4603421461897356,0.079484425349087,0.986060225030893,0.013939774969107031,0.07536716207897283,17487,0.379105513040085
validation,Application + Bureau,Overall,10:1,0.36,46127,296,42056,347,3428,0.4603421461897356,0.079484425349087,0.986060225030893,0.013939774969107031,0.07536716207897283,34627,0.7506883170377436
validation,Application + Bureau,Overall,1:1,0.37,46127,273,42099,304,3451,0.4731369150779896,0.07330827067669173,0.9874910572983285,0.012508942701671473,0.0757628979143798,3755,0.08140568430637155
validation,Application + Bureau,Overall,2:1,0.37,46127,273,42099,304,3451,0.4731369150779896,0.07330827067669173,0.9874910572983285,0.012508942701671473,0.0757628979143798,7206,0.15622086847182778
validation,Application + Bureau,Overall,5:1,0.37,46127,273,42099,304,3451,0.4731369150779896,0.07330827067669173,0.9874910572983285,0.012508942701671473,0.0757628979143798,17559,0.38066642096819653
validation,Application + Bureau,Overall,10:1,0.37,46127,273,42099,304,3451,0.4731369150779896,0.07330827067669173,0.9874910572983285,0.012508942701671473,0.0757628979143798,34814,0.7547423417954777
validation,Application + Bureau,Overall,1:1,0.38,46127,245,42150,253,3479,0.4919678714859438,0.06578947368421052,0.9892037201638954,0.010796279836104667,0.07624537026890793,3732,0.08090706094044703
validation,Application + Bureau,Overall,2:1,0.38,46127,245,42150,253,3479,0.4919678714859438,0.06578947368421052,0.9892037201638954,0.010796279836104667,0.07624537026890793,7211,0.1563292648557244
validation,Application + Bureau,Overall,5:1,0.38,46127,245,42150,253,3479,0.4919678714859438,0.06578947368421052,0.9892037201638954,0.010796279836104667,0.07624537026890793,17648,0.3825958766015566
validation,Application + Bureau,Overall,10:1,0.38,46127,245,42150,253,3479,0.4919678714859438,0.06578947368421052,0.9892037201638954,0.010796279836104667,0.07624537026890793,35043,0.7597068961779435
validation,Application + Bureau,Overall,1:1,0.39,46127,213,42186,217,3511,0.49534883720930234,0.05719656283566058,0.9906779109848896,0.009322089015110457,0.07683217716699127,3728,0.08082034383332971
validation,Application + Bureau,Overall,2:1,0.39,46127,213,42186,217,3511,0.49534883720930234,0.05719656283566058,0.9906779109848896,0.009322089015110457,0.07683217716699127,7239,0.15693628460554557
validation,Application + Bureau,Overall,5:1,0.39,46127,213,42186,217,3511,0.49534883720930234,0.05719656283566058,0.9906779109848896,0.009322089015110457,0.07683217716699127,17772,0.38528410692219306
validation,Application + Bureau,Overall,10:1,0.39,46127,213,42186,217,3511,0.49534883720930234,0.05719656283566058,0.9906779109848896,0.009322089015110457,0.07683217716699127,35327,0.7658638107832723
validation,Application + Bureau,Overall,1:1,0.4,46127,198,42226,177,3526,0.528,0.05316863587540279,0.9918702712077525,0.00812972879224749,0.07706766917293233,3703,0.08027836191384656
validation,Application + Bureau,Overall,2:1,0.4,46127,198,42226,177,3526,0.528,0.05316863587540279,0.9918702712077525,0.00812972879224749,0.07706766917293233,7229,0.1567194918377523
validation,Application + Bureau,Overall,5:1,0.4,46127,198,42226,177,3526,0.528,0.05316863587540279,0.9918702712077525,0.00812972879224749,0.07706766917293233,17807,0.38604288160946953
validation,Application + Bureau,Overall,10:1,0.4,46127,198,42226,177,3526,0.528,0.05316863587540279,0.9918702712077525,0.00812972879224749,0.07706766917293233,35437,0.7682485312289982
validation,Application + Bureau,Overall,1:1,0.41,46127,168,42241,162,3556,0.509090909090909,0.045112781954887216,0.9928458386628222,0.007154161337177792,0.07764700744590257,3718,0.08060355106553645
validation,Application + Bureau,Overall,2:1,0.41,46127,168,42241,162,3556,0.509090909090909,0.045112781954887216,0.9928458386628222,0.007154161337177792,0.07764700744590257,7274,0.157695059292822
validation,Application + Bureau,Overall,5:1,0.41,46127,168,42241,162,3556,0.509090909090909,0.045112781954887216,0.9928458386628222,0.007154161337177792,0.07764700744590257,17942,0.3889695839746786
validation,Application + Bureau,Overall,10:1,0.41,46127,168,42241,162,3556,0.509090909090909,0.045112781954887216,0.9928458386628222,0.007154161337177792,0.07764700744590257,35722,0.7744271251111063
validation,Application + Bureau,Overall,1:1,0.42,46127,154,42270,133,3570,0.5365853658536586,0.041353383458646614,0.9937780475643333,0.006221952435666746,0.07787958115183247,3703,0.08027836191384656
validation,Application + Bureau,Overall,2:1,0.42,46127,154,42270,133,3570,0.5365853658536586,0.041353383458646614,0.9937780475643333,0.006221952435666746,0.07787958115183247,7273,0.15767338001604267
validation,Application + Bureau,Overall,5:1,0.42,46127,154,42270,133,3570,0.5365853658536586,0.041353383458646614,0.9937780475643333,0.006221952435666746,0.07787958115183247,17983,0.389858434322631
validation,Application + Bureau,Overall,10:1,0.42,46127,154,42270,133,3570,0.5365853658536586,0.041353383458646614,0.9937780475643333,0.006221952435666746,0.07787958115183247,35833,0.7768335248336116
validation,Application + Bureau,Overall,1:1,0.43,46127,141,42293,110,3583,0.5617529880478087,0.0378625134264232,0.994558501528389,0.005441498471610987,0.07810183974191298,3693,0.0800615691460533
validation,Application + Bureau,Overall,2:1,0.43,46127,141,42293,110,3583,0.5617529880478087,0.0378625134264232,0.994558501528389,0.005441498471610987,0.07810183974191298,7276,0.15773841784638065
validation,Application + Bureau,Overall,5:1,0.43,46127,141,42293,110,3583,0.5617529880478087,0.0378625134264232,0.994558501528389,0.005441498471610987,0.07810183974191298,18025,0.3907689639473627
validation,Application + Bureau,Overall,10:1,0.43,46127,141,42293,110,3583,0.5617529880478087,0.0378625134264232,0.994558501528389,0.005441498471610987,0.07810183974191298,35940,0.7791532074489995
validation,Application + Bureau,Overall,1:1,0.44,46127,130,42309,94,3594,0.5803571428571429,0.03490870032223416,0.9951438420014308,0.004856157998569168,0.07829553623946148,3688,0.07995317276215666
validation,Application + Bureau,Overall,2:1,0.44,46127,130,42309,94,3594,0.5803571428571429,0.03490870032223416,0.9951438420014308,0.004856157998569168,0.07829553623946148,7282,0.15786849350705662
validation,Application + Bureau,Overall,5:1,0.44,46127,130,42309,94,3594,0.5803571428571429,0.03490870032223416,0.9951438420014308,0.004856157998569168,0.07829553623946148,18064,0.39161445574175646
validation,Application + Bureau,Overall,10:1,0.44,46127,130,42309,94,3594,0.5803571428571429,0.03490870032223416,0.9951438420014308,0.004856157998569168,0.07829553623946148,36034,0.7811910594662562
validation,Application + Bureau,Overall,1:1,0.45,46127,115,42323,80,3609,0.5897435897435898,0.03088077336197637,0.9957725410280313,0.0042274589719686955,0.07857267264652094,3689,0.07997485203893598
validation,Application + Bureau,Overall,2:1,0.45,46127,115,42323,80,3609,0.5897435897435898,0.03088077336197637,0.9957725410280313,0.0042274589719686955,0.07857267264652094,7298,0.15821536193552582
validation,Application + Bureau,Overall,5:1,0.45,46127,115,42323,80,3609,0.5897435897435898,0.03088077336197637,0.9957725410280313,0.0042274589719686955,0.07857267264652094,18125,0.3929368916252954
validation,Application + Bureau,Overall,10:1,0.45,46127,115,42323,80,3609,0.5897435897435898,0.03088077336197637,0.9957725410280313,0.0042274589719686955,0.07857267264652094,36170,0.7841394411082446
validation,Application + Bureau,Overall,1:1,0.46,46127,105,42331,72,3619,0.5932203389830508,0.02819548872180451,0.9961627680100592,0.0038372319899408155,0.07875952121871599,3691,0.08001821059249463
validation,Application + Bureau,Overall,2:1,0.46,46127,105,42331,72,3619,0.5932203389830508,0.02819548872180451,0.9961627680100592,0.0038372319899408155,0.07875952121871599,7310,0.15847551325687775
validation,Application + Bureau,Overall,5:1,0.46,46127,105,42331,72,3619,0.5932203389830508,0.02819548872180451,0.9961627680100592,0.0038372319899408155,0.07875952121871599,18167,0.3938474212500271
validation,Application + Bureau,Overall,10:1,0.46,46127,105,42331,72,3619,0.5932203389830508,0.02819548872180451,0.9961627680100592,0.0038372319899408155,0.07875952121871599,36262,0.7861339345719427
validation,Application + Bureau,Overall,1:1,0.47,46127,89,42342,61,3635,0.5933333333333334,0.02389903329752954,0.996748108483101,0.003251891516898996,0.07906126976531744,3696,0.08012660697639126
validation,Application + Bureau,Overall,2:1,0.47,46127,89,42342,61,3635,0.5933333333333334,0.02389903329752954,0.996748108483101,0.003251891516898996,0.07906126976531744,7331,0.1589307780692436
validation,Application + Bureau,Overall,5:1,0.47,46127,89,42342,61,3635,0.5933333333333334,0.02389903329752954,0.996748108483101,0.003251891516898996,0.07906126976531744,18236,0.39534329134780066
validation,Application + Bureau,Overall,10:1,0.47,46127,89,42342,61,3635,0.5933333333333334,0.02389903329752954,0.996748108483101,0.003251891516898996,0.07906126976531744,36411,0.7893641468120624
validation,Application + Bureau,Overall,1:1,0.48,46127,79,42348,55,3645,0.5895522388059702,0.02121374865735768,0.9970949769115702,0.00290502308842977,0.07925119039853891,3700,0.08021332408350858
validation,Application + Bureau,Overall,2:1,0.48,46127,79,42348,55,3645,0.5895522388059702,0.02121374865735768,0.9970949769115702,0.00290502308842977,0.07925119039853891,7345,0.15923428794415417
validation,Application + Bureau,Overall,5:1,0.48,46127,79,42348,55,3645,0.5895522388059702,0.02121374865735768,0.9970949769115702,0.00290502308842977,0.07925119039853891,18280,0.396297179526091
validation,Application + Bureau,Overall,10:1,0.48,46127,79,42348,55,3645,0.5895522388059702,0.02121374865735768,0.9970949769115702,0.00290502308842977,0.07925119039853891,36505,0.791401998829319
validation,Application + Bureau,Overall,1:1,0.49,46127,68,42352,51,3656,0.5714285714285714,0.018259935553168637,0.9974201660632601,0.0025798339367398703,0.07946444096678838,3707,0.08036507902096386
validation,Application + Bureau,Overall,2:1,0.49,46127,68,42352,51,3656,0.5714285714285714,0.018259935553168637,0.9974201660632601,0.0025798339367398703,0.07946444096678838,7363,0.15962451492618207
validation,Application + Bureau,Overall,5:1,0.49,46127,68,42352,51,3656,0.5714285714285714,0.018259935553168637,0.9974201660632601,0.0025798339367398703,0.07946444096678838,18331,0.3974028226418367
validation,Application + Bureau,Overall,10:1,0.49,46127,68,42352,51,3656,0.5714285714285714,0.018259935553168637,0.9974201660632601,0.0025798339367398703,0.07946444096678838,36611,0.7937000021679277
validation,Application + Bureau,Overall,1:1,0.5,46127,57,42361,42,3667,0.5757575757575758,0.015306122448979591,0.9978537515988467,0.0021462484011533375,0.07966889719301296,3709,0.08040843757452251
validation,Application + Bureau,Overall,2:1,0.5,46127,57,42361,42,3667,0.5757575757575758,0.015306122448979591,0.9978537515988467,0.0021462484011533375,0.07966889719301296,7376,0.15990634552431332
validation,Application + Bureau,Overall,5:1,0.5,46127,57,42361,42,3667,0.5757575757575758,0.015306122448979591,0.9978537515988467,0.0021462484011533375,0.07966889719301296,18377,0.3984000693736857
validation,Application + Bureau,Overall,10:1,0.5,46127,57,42361,42,3667,0.5757575757575758,0.015306122448979591,0.9978537515988467,0.0021462484011533375,0.07966889719301296,36712,0.7958896091226396
validation,Application + Bureau,Thin-file,1:1,0.01,6573,642,11,5920,0,0.09783602560195062,1.0,0.001673512855621482,0.9983264871443785,0.0,5920,0.9006541913890157
validation,Application + Bureau,Thin-file,2:1,0.01,6573,642,11,5920,0,0.09783602560195062,1.0,0.001673512855621482,0.9983264871443785,0.0,5920,0.9006541913890157
validation,Application + Bureau,Thin-file,5:1,0.01,6573,642,11,5920,0,0.09783602560195062,1.0,0.001673512855621482,0.9983264871443785,0.0,5920,0.9006541913890157
validation,Application + Bureau,Thin-file,10:1,0.01,6573,642,11,5920,0,0.09783602560195062,1.0,0.001673512855621482,0.9983264871443785,0.0,5920,0.9006541913890157
validation,Application + Bureau,Thin-file,1:1,0.02,6573,639,245,5686,3,0.10102766798418972,0.9953271028037384,0.03773010801764795,0.962269891982352,0.012096774193548387,5689,0.8655104214209646
validation,Application + Bureau,Thin-file,2:1,0.02,6573,639,245,5686,3,0.10102766798418972,0.9953271028037384,0.03773010801764795,0.962269891982352,0.012096774193548387,5692,0.8659668340179523
validation,Application + Bureau,Thin-file,5:1,0.02,6573,639,245,5686,3,0.10102766798418972,0.9953271028037384,0.03773010801764795,0.962269891982352,0.012096774193548387,5701,0.8673360718089153
validation,Application + Bureau,Thin-file,10:1,0.02,6573,639,245,5686,3,0.10102766798418972,0.9953271028037384,0.03773010801764795,0.962269891982352,0.012096774193548387,5716,0.8696181347938536
validation,Application + Bureau,Thin-file,1:1,0.03,6573,625,725,5206,17,0.10718573143543132,0.9735202492211839,0.11288604898828541,0.8871139510117146,0.022911051212938006,5223,0.7946143313555454
validation,Application + Bureau,Thin-file,2:1,0.03,6573,625,725,5206,17,0.10718573143543132,0.9735202492211839,0.11288604898828541,0.8871139510117146,0.022911051212938006,5240,0.7972006694051422
validation,Application + Bureau,Thin-file,5:1,0.03,6573,625,725,5206,17,0.10718573143543132,0.9735202492211839,0.11288604898828541,0.8871139510117146,0.022911051212938006,5291,0.8049596835539328
validation,Application + Bureau,Thin-file,10:1,0.03,6573,625,725,5206,17,0.10718573143543132,0.9735202492211839,0.11288604898828541,0.8871139510117146,0.022911051212938006,5376,0.8178913738019169
validation,Application + Bureau,Thin-file,1:1,0.04,6573,608,1217,4714,34,0.11424276587748966,0.9470404984423676,0.19032405294386126,0.8096759470561388,0.02717825739408473,4748,0.7223490034991632
validation,Application + Bureau,Thin-file,2:1,0.04,6573,608,1217,4714,34,0.11424276587748966,0.9470404984423676,0.19032405294386126,0.8096759470561388,0.02717825739408473,4782,0.7275216795983569
validation,Application + Bureau,Thin-file,5:1,0.04,6573,608,1217,4714,34,0.11424276587748966,0.9470404984423676,0.19032405294386126,0.8096759470561388,0.02717825739408473,4884,0.7430397078959379
validation,Application + Bureau,Thin-file,10:1,0.04,6573,608,1217,4714,34,0.11424276587748966,0.9470404984423676,0.19032405294386126,0.8096759470561388,0.02717825739408473,5054,0.7689030883919062
validation,Application + Bureau,Thin-file,1:1,0.05,6573,587,1742,4189,55,0.12290619765494137,0.9143302180685359,0.27339114559561845,0.7266088544043816,0.03060656649972176,4244,0.6456716872052335
validation,Application + Bureau,Thin-file,2:1,0.05,6573,587,1742,4189,55,0.12290619765494137,0.9143302180685359,0.27339114559561845,0.7266088544043816,0.03060656649972176,4299,0.654039251483341
validation,Application + Bureau,Thin-file,5:1,0.05,6573,587,1742,4189,55,0.12290619765494137,0.9143302180685359,0.27339114559561845,0.7266088544043816,0.03060656649972176,4464,0.6791419443176632
validation,Application + Bureau,Thin-file,10:1,0.05,6573,587,1742,4189,55,0.12290619765494137,0.9143302180685359,0.27339114559561845,0.7266088544043816,0.03060656649972176,4739,0.7209797657082002
validation,Application + Bureau,Thin-file,1:1,0.06,6573,553,2229,3702,89,0.1299647473560517,0.8613707165109035,0.352654799939145,0.647345200060855,0.038395168248490076,3791,0.5767533850600943
validation,Application + Bureau,Thin-file,2:1,0.06,6573,553,2229,3702,89,0.1299647473560517,0.8613707165109035,0.352654799939145,0.647345200060855,0.038395168248490076,3880,0.5902936254373954
validation,Application + Bureau,Thin-file,5:1,0.06,6573,553,2229,3702,89,0.1299647473560517,0.8613707165109035,0.352654799939145,0.647345200060855,0.038395168248490076,4147,0.6309143465692987
validation,Application + Bureau,Thin-file,10:1,0.06,6573,553,2229,3702,89,0.1299647473560517,0.8613707165109035,0.352654799939145,0.647345200060855,0.038395168248490076,4592,0.6986155484558041
validation,Application + Bureau,Thin-file,1:1,0.07,6573,512,2744,3187,130,0.13841578805082455,0.7975077881619937,0.43724326791419443,0.5627567320858056,0.04523312456506611,3317,0.5046401947360414
validation,Application + Bureau,Thin-file,2:1,0.07,6573,512,2744,3187,130,0.13841578805082455,0.7975077881619937,0.43724326791419443,0.5627567320858056,0.04523312456506611,3447,0.5244180739388408
validation,Application + Bureau,Thin-file,5:1,0.07,6573,512,2744,3187,130,0.13841578805082455,0.7975077881619937,0.43724326791419443,0.5627567320858056,0.04523312456506611,3837,0.5837517115472387
validation,Application + Bureau,Thin-file,10:1,0.07,6573,512,2744,3187,130,0.13841578805082455,0.7975077881619937,0.43724326791419443,0.5627567320858056,0.04523312456506611,4487,0.6826411075612353
validation,Application + Bureau,Thin-file,1:1,0.08,6573,475,3190,2741,167,0.14769900497512436,0.7398753894080997,0.5107256960292104,0.4892743039707896,0.04974679773607388,2908,0.44241594401338813
validation,Application + Bureau,Thin-file,2:1,0.08,6573,475,3190,2741,167,0.14769900497512436,0.7398753894080997,0.5107256960292104,0.4892743039707896,0.04974679773607388,3075,0.4678229119123688
validation,Application + Bureau,Thin-file,5:1,0.08,6573,475,3190,2741,167,0.14769900497512436,0.7398753894080997,0.5107256960292104,0.4892743039707896,0.04974679773607388,3576,0.5440438156093108
validation,Application + Bureau,Thin-file,10:1,0.08,6573,475,3190,2741,167,0.14769900497512436,0.7398753894080997,0.5107256960292104,0.4892743039707896,0.04974679773607388,4411,0.6710786551042142
validation,Application + Bureau,Thin-file,1:1,0.09,6573,437,3589,2342,205,0.15725080964375673,0.6806853582554517,0.577209797657082,0.422790202342918,0.054032683183974695,2547,0.38749429484253767
validation,Application + Bureau,Thin-file,2:1,0.09,6573,437,3589,2342,205,0.15725080964375673,0.6806853582554517,0.577209797657082,0.422790202342918,0.054032683183974695,2752,0.4186824889700289
validation,Application + Bureau,Thin-file,5:1,0.09,6573,437,3589,2342,205,0.15725080964375673,0.6806853582554517,0.577209797657082,0.422790202342918,0.054032683183974695,3367,0.5122470713525027
validation,Application + Bureau,Thin-file,10:1,0.09,6573,437,3589,2342,205,0.15725080964375673,0.6806853582554517,0.577209797657082,0.422790202342918,0.054032683183974695,4392,0.668188041989959
validation,Application + Bureau,Thin-file,1:1,0.1,6573,413,3916,2015,229,0.1700988467874794,0.6433021806853583,0.6306100715046402,0.3693899284953598,0.055247285886610376,2244,0.34139662254678227
validation,Application + Bureau,Thin-file,2:1,0.1,6573,413,3916,2015,229,0.1700988467874794,0.6433021806853583,0.6306100715046402,0.3693899284953598,0.055247285886610376,2473,0.37623611745017493
validation,Application + Bureau,Thin-file,5:1,0.1,6573,413,3916,2015,229,0.1700988467874794,0.6433021806853583,0.6306100715046402,0.3693899284953598,0.055247285886610376,3160,0.480754602160353
validation,Application + Bureau,Thin-file,10:1,0.1,6573,413,3916,2015,229,0.1700988467874794,0.6433021806853583,0.6306100715046402,0.3693899284953598,0.055247285886610376,4305,0.6549520766773163
validation,Application + Bureau,Thin-file,1:1,0.11,6573,384,4223,1708,258,0.1835564053537285,0.5981308411214953,0.68172828236726,0.31827171763274,0.05757643383173399,1966,0.2991023885592576
validation,Application + Bureau,Thin-file,2:1,0.11,6573,384,4223,1708,258,0.1835564053537285,0.5981308411214953,0.68172828236726,0.31827171763274,0.05757643383173399,2224,0.3383538719001978
validation,Application + Bureau,Thin-file,5:1,0.11,6573,384,4223,1708,258,0.1835564053537285,0.5981308411214953,0.68172828236726,0.31827171763274,0.05757643383173399,2998,0.4561083219230184
validation,Application + Bureau,Thin-file,10:1,0.11,6573,384,4223,1708,258,0.1835564053537285,0.5981308411214953,0.68172828236726,0.31827171763274,0.05757643383173399,4288,0.6523657386277194
validation,Application + Bureau,Thin-file,1:1,0.12,6573,359,4467,1464,283,0.19692814042786616,0.559190031152648,0.7226532785638217,0.2773467214361783,0.05957894736842105,1747,0.26578426897915713
validation,Application + Bureau,Thin-file,2:1,0.12,6573,359,4467,1464,283,0.19692814042786616,0.559190031152648,0.7226532785638217,0.2773467214361783,0.05957894736842105,2030,0.308839190628328
validation,Application + Bureau,Thin-file,5:1,0.12,6573,359,4467,1464,283,0.19692814042786616,0.559190031152648,0.7226532785638217,0.2773467214361783,0.05957894736842105,2879,0.43800395557584054
validation,Application + Bureau,Thin-file,10:1,0.12,6573,359,4467,1464,283,0.19692814042786616,0.559190031152648,0.7226532785638217,0.2773467214361783,0.05957894736842105,4294,0.6532785638216948
validation,Application + Bureau,Thin-file,1:1,0.13,6573,331,4677,1254,311,0.2088328075709779,0.5155763239875389,0.7588620112581774,0.2411379887418226,0.062349639133921414,1565,0.23809523809523808
validation,Application + Bureau,Thin-file,2:1,0.13,6573,331,4677,1254,311,0.2088328075709779,0.5155763239875389,0.7588620112581774,0.2411379887418226,0.062349639133921414,1876,0.2854100106496273
validation,Application + Bureau,Thin-file,5:1,0.13,6573,331,4677,1254,311,0.2088328075709779,0.5155763239875389,0.7588620112581774,0.2411379887418226,0.062349639133921414,2809,0.42735432831279474
validation,Application + Bureau,Thin-file,10:1,0.13,6573,331,4677,1254,311,0.2088328075709779,0.5155763239875389,0.7588620112581774,0.2411379887418226,0.062349639133921414,4364,0.6639281910847407
validation,Application + Bureau,Thin-file,1:1,0.14,6573,315,4827,1104,327,0.2219873150105708,0.49065420560747663,0.7841168416248289,0.21588315837517116,0.06344586728754366,1431,0.21770880876312187
validation,Application + Bureau,Thin-file,2:1,0.14,6573,315,4827,1104,327,0.2219873150105708,0.49065420560747663,0.7841168416248289,0.21588315837517116,0.06344586728754366,1758,0.26745778183477864
validation,Application + Bureau,Thin-file,5:1,0.14,6573,315,4827,1104,327,0.2219873150105708,0.49065420560747663,0.7841168416248289,0.21588315837517116,0.06344586728754366,2739,0.416704701049749
validation,Application + Bureau,Thin-file,10:1,0.14,6573,315,4827,1104,327,0.2219873150105708,0.49065420560747663,0.7841168416248289,0.21588315837517116,0.06344586728754366,4374,0.6654495664080329
validation,Application + Bureau,Thin-file,1:1,0.15,6573,292,4977,954,350,0.23434991974317818,0.45482866043613707,0.8104366347177849,0.18956336528221512,0.0657030223390276,1304,0.19838734215731021
validation,Application + Bureau,Thin-file,2:1,0.15,6573,292,4977,954,350,0.23434991974317818,0.45482866043613707,0.8104366347177849,0.18956336528221512,0.0657030223390276,1654,0.2516354784725392
validation,Application + Bureau,Thin-file,5:1,0.15,6573,292,4977,954,350,0.23434991974317818,0.45482866043613707,0.8104366347177849,0.18956336528221512,0.0657030223390276,2704,0.41137988741822606
validation,Application + Bureau,Thin-file,10:1,0.15,6573,292,4977,954,350,0.23434991974317818,0.45482866043613707,0.8104366347177849,0.18956336528221512,0.0657030223390276,4454,0.677620568994371
validation,Application + Bureau,Thin-file,1:1,0.16,6573,271,5079,852,371,0.2413178984861977,0.4221183800623053,0.8291495511942796,0.17085044880572037,0.06807339449541285,1223,0.18606420203864293
validation,Application + Bureau,Thin-file,2:1,0.16,6573,271,5079,852,371,0.2413178984861977,0.4221183800623053,0.8291495511942796,0.17085044880572037,0.06807339449541285,1594,0.24250722653278564
validation,Application + Bureau,Thin-file,5:1,0.16,6573,271,5079,852,371,0.2413178984861977,0.4221183800623053,0.8291495511942796,0.17085044880572037,0.06807339449541285,2707,0.41183630001521376
validation,Application + Bureau,Thin-file,10:1,0.16,6573,271,5079,852,371,0.2413178984861977,0.4221183800623053,0.8291495511942796,0.17085044880572037,0.06807339449541285,4562,0.6940514224859273
validation,Application + Bureau,Thin-file,1:1,0.17,6573,243,5176,755,399,0.24348697394789579,0.37850467289719625,0.8481667427354328,0.15183325726456717,0.0715695067264574,1154,0.17556671230792636
validation,Application + Bureau,Thin-file,2:1,0.17,6573,243,5176,755,399,0.24348697394789579,0.37850467289719625,0.8481667427354328,0.15183325726456717,0.0715695067264574,1553,0.2362695877072874
validation,Application + Bureau,Thin-file,5:1,0.17,6573,243,5176,755,399,0.24348697394789579,0.37850467289719625,0.8481667427354328,0.15183325726456717,0.0715695067264574,2750,0.41837821390537044
validation,Application + Bureau,Thin-file,10:1,0.17,6573,243,5176,755,399,0.24348697394789579,0.37850467289719625,0.8481667427354328,0.15183325726456717,0.0715695067264574,4745,0.7218925909021756
validation,Application + Bureau,Thin-file,1:1,0.18,6573,217,5260,671,425,0.24436936936936937,0.338006230529595,0.8649018712916476,0.13509812870835236,0.07475813544415127,1096,0.16674273543283127
validation,Application + Bureau,Thin-file,2:1,0.18,6573,217,5260,671,425,0.24436936936936937,0.338006230529595,0.8649018712916476,0.13509812870835236,0.07475813544415127,1521,0.23140118667275217
validation,Application + Bureau,Thin-file,5:1,0.18,6573,217,5260,671,425,0.24436936936936937,0.338006230529595,0.8649018712916476,0.13509812870835236,0.07475813544415127,2796,0.4253765403925148
validation,Application + Bureau,Thin-file,10:1,0.18,6573,217,5260,671,425,0.24436936936936937,0.338006230529595,0.8649018712916476,0.13509812870835236,0.07475813544415127,4921,0.7486687965921193
validation,Application + Bureau,Thin-file,1:1,0.19,6573,203,5339,592,439,0.25534591194968553,0.3161993769470405,0.8790506617982656,0.12094933820173437,0.07597784700588439,1031,0.1568537958314316
validation,Application + Bureau,Thin-file,2:1,0.19,6573,203,5339,592,439,0.25534591194968553,0.3161993769470405,0.8790506617982656,0.12094933820173437,0.07597784700588439,1470,0.22364217252396165
validation,Application + Bureau,Thin-file,5:1,0.19,6573,203,5339,592,439,0.25534591194968553,0.3161993769470405,0.8790506617982656,0.12094933820173437,0.07597784700588439,2787,0.4240073026015518
validation,Application + Bureau,Thin-file,10:1,0.19,6573,203,5339,592,439,0.25534591194968553,0.3161993769470405,0.8790506617982656,0.12094933820173437,0.07597784700588439,4982,0.757949186064202
validation,Application + Bureau,Thin-file,1:1,0.2,6573,183,5405,526,459,0.25811001410437234,0.2850467289719626,0.892134489578579,0.10786551042142097,0.07827421555252387,985,0.14985546934428723
validation,Application + Bureau,Thin-file,2:1,0.2,6573,183,5405,526,459,0.25811001410437234,0.2850467289719626,0.892134489578579,0.10786551042142097,0.07827421555252387,1444,0.2196865966834018
validation,Application + Bureau,Thin-file,5:1,0.2,6573,183,5405,526,459,0.25811001410437234,0.2850467289719626,0.892134489578579,0.10786551042142097,0.07827421555252387,2821,0.4291799787007455
validation,Application + Bureau,Thin-file,10:1,0.2,6573,183,5405,526,459,0.25811001410437234,0.2850467289719626,0.892134489578579,0.10786551042142097,0.07827421555252387,5116,0.7783356153963182
validation,Application + Bureau,Thin-file,1:1,0.21,6573,167,5475,456,475,0.2680577849117175,0.2601246105919003,0.9052183173588925,0.09478168264110756,0.07983193277310924,931,0.14164004259850904
validation,Application + Bureau,Thin-file,2:1,0.21,6573,167,5475,456,475,0.2680577849117175,0.2601246105919003,0.9052183173588925,0.09478168264110756,0.07983193277310924,1406,0.21390537045489122
validation,Application + Bureau,Thin-file,5:1,0.21,6573,167,5475,456,475,0.2680577849117175,0.2601246105919003,0.9052183173588925,0.09478168264110756,0.07983193277310924,2831,0.43070135402403775
validation,Application + Bureau,Thin-file,10:1,0.21,6573,167,5475,456,475,0.2680577849117175,0.2601246105919003,0.9052183173588925,0.09478168264110756,0.07983193277310924,5206,0.7920279933059485
validation,Application + Bureau,Thin-file,1:1,0.22,6573,156,5529,402,486,0.27956989247311825,0.24299065420560748,0.9151072569602922,0.0848927430397079,0.08079800498753117,888,0.13509812870835236
validation,Application + Bureau,Thin-file,2:1,0.22,6573,156,5529,402,486,0.27956989247311825,0.24299065420560748,0.9151072569602922,0.0848927430397079,0.08079800498753117,1374,0.209036969420356
validation,Application + Bureau,Thin-file,5:1,0.22,6573,156,5529,402,486,0.27956989247311825,0.24299065420560748,0.9151072569602922,0.0848927430397079,0.08079800498753117,2832,0.43085349155636693
validation,Application + Bureau,Thin-file,10:1,0.22,6573,156,5529,402,486,0.27956989247311825,0.24299065420560748,0.9151072569602922,0.0848927430397079,0.08079800498753117,5262,0.8005476951163852
validation,Application + Bureau,Thin-file,1:1,0.23,6573,145,5582,349,497,0.2935222672064777,0.22585669781931464,0.9248440590293625,0.07515594097063745,0.08175686790590557,846,0.12870835235052488
validation,Application + Bureau,Thin-file,2:1,0.23,6573,145,5582,349,497,0.2935222672064777,0.22585669781931464,0.9248440590293625,0.07515594097063745,0.08175686790590557,1343,0.20432070591815002
validation,Application + Bureau,Thin-file,5:1,0.23,6573,145,5582,349,497,0.2935222672064777,0.22585669781931464,0.9248440590293625,0.07515594097063745,0.08175686790590557,2834,0.4311577666210254
validation,Application + Bureau,Thin-file,10:1,0.23,6573,145,5582,349,497,0.2935222672064777,0.22585669781931464,0.9248440590293625,0.07515594097063745,0.08175686790590557,5319,0.8092195344591511
validation,Application + Bureau,Thin-file,1:1,0.24,6573,129,5634,297,513,0.3028169014084507,0.20093457943925233,0.9351894112277499,0.06481058877225011,0.08345534407027819,810,0.12323140118667275
validation,Application + Bureau,Thin-file,2:1,0.24,6573,129,5634,297,513,0.3028169014084507,0.20093457943925233,0.9351894112277499,0.06481058877225011,0.08345534407027819,1323,0.2012779552715655
validation,Application + Bureau,Thin-file,5:1,0.24,6573,129,5634,297,513,0.3028169014084507,0.20093457943925233,0.9351894112277499,0.06481058877225011,0.08345534407027819,2862,0.43541761752624375
validation,Application + Bureau,Thin-file,10:1,0.24,6573,129,5634,297,513,0.3028169014084507,0.20093457943925233,0.9351894112277499,0.06481058877225011,0.08345534407027819,5427,0.8256503879507074
validation,Application + Bureau,Thin-file,1:1,0.25,6573,121,5669,262,521,0.31592689295039167,0.18847352024922118,0.9417313251179066,0.05826867488209341,0.08416801292407108,783,0.11912368781378366
validation,Application + Bureau,Thin-file,2:1,0.25,6573,121,5669,262,521,0.31592689295039167,0.18847352024922118,0.9417313251179066,0.05826867488209341,0.08416801292407108,1304,0.19838734215731021
validation,Application + Bureau,Thin-file,5:1,0.25,6573,121,5669,262,521,0.31592689295039167,0.18847352024922118,0.9417313251179066,0.05826867488209341,0.08416801292407108,2867,0.43617830518788986
validation,Application + Bureau,Thin-file,10:1,0.25,6573,121,5669,262,521,0.31592689295039167,0.18847352024922118,0.9417313251179066,0.05826867488209341,0.08416801292407108,5472,0.8324965769055226
validation,Application + Bureau,Thin-file,1:1,0.26,6573,113,5698,233,529,0.3265895953757225,0.17601246105919002,0.947360413814088,0.052639586185912066,0.08495262566243778,762,0.11592879963486992
validation,Application + Bureau,Thin-file,2:1,0.26,6573,113,5698,233,529,0.3265895953757225,0.17601246105919002,0.947360413814088,0.052639586185912066,0.08495262566243778,1291,0.19640955423703027
validation,Application + Bureau,Thin-file,5:1,0.26,6573,113,5698,233,529,0.3265895953757225,0.17601246105919002,0.947360413814088,0.052639586185912066,0.08495262566243778,2878,0.4378518180435113
validation,Application + Bureau,Thin-file,10:1,0.26,6573,113,5698,233,529,0.3265895953757225,0.17601246105919002,0.947360413814088,0.052639586185912066,0.08495262566243778,5523,0.8402555910543131
validation,Application + Bureau,Thin-file,1:1,0.27,6573,106,5737,194,536,0.35333333333333333,0.16510903426791276,0.9543587403012324,0.045641259698767686,0.08544556033795632,730,0.1110603986003347
validation,Application + Bureau,Thin-file,2:1,0.27,6573,106,5737,194,536,0.35333333333333333,0.16510903426791276,0.9543587403012324,0.045641259698767686,0.08544556033795632,1266,0.19260611592879964
validation,Application + Bureau,Thin-file,5:1,0.27,6573,106,5737,194,536,0.35333333333333333,0.16510903426791276,0.9543587403012324,0.045641259698767686,0.08544556033795632,2874,0.43724326791419443
validation,Application + Bureau,Thin-file,10:1,0.27,6573,106,5737,194,536,0.35333333333333333,0.16510903426791276,0.9543587403012324,0.045641259698767686,0.08544556033795632,5554,0.8449718545565191
validation,Application + Bureau,Thin-file,1:1,0.28,6573,97,5760,171,545,0.3619402985074627,0.15109034267912771,0.9592271413357676,0.04077285866423246,0.08643933386201427,716,0.10893047314772554
validation,Application + Bureau,Thin-file,2:1,0.28,6573,97,5760,171,545,0.3619402985074627,0.15109034267912771,0.9592271413357676,0.04077285866423246,0.08643933386201427,1261,0.1918454282671535
validation,Application + Bureau,Thin-file,5:1,0.28,6573,97,5760,171,545,0.3619402985074627,0.15109034267912771,0.9592271413357676,0.04077285866423246,0.08643933386201427,2896,0.4405902936254374
validation,Application + Bureau,Thin-file,10:1,0.28,6573,97,5760,171,545,0.3619402985074627,0.15109034267912771,0.9592271413357676,0.04077285866423246,0.08643933386201427,5621,0.8551650692225772
validation,Application + Bureau,Thin-file,1:1,0.29,6573,86,5781,150,556,0.3644067796610169,0.13395638629283488,0.9640955423703027,0.035904457629697246,0.08773867760770081,706,0.1074090978244333
validation,Application + Bureau,Thin-file,2:1,0.29,6573,86,5781,150,556,0.3644067796610169,0.13395638629283488,0.9640955423703027,0.035904457629697246,0.08773867760770081,1262,0.19199756579948274
validation,Application + Bureau,Thin-file,5:1,0.29,6573,86,5781,150,556,0.3644067796610169,0.13395638629283488,0.9640955423703027,0.035904457629697246,0.08773867760770081,2930,0.4457629697246311
validation,Application + Bureau,Thin-file,10:1,0.29,6573,86,5781,150,556,0.3644067796610169,0.13395638629283488,0.9640955423703027,0.035904457629697246,0.08773867760770081,5710,0.8687053095998782
validation,Application + Bureau,Thin-file,1:1,0.3,6573,77,5800,131,565,0.3701923076923077,0.11993769470404984,0.9683553932755211,0.03164460672447893,0.08876669285153181,696,0.10588772250114104
validation,Application + Bureau,Thin-file,2:1,0.3,6573,77,5800,131,565,0.3701923076923077,0.11993769470404984,0.9683553932755211,0.03164460672447893,0.08876669285153181,1261,0.1918454282671535
validation,Application + Bureau,Thin-file,5:1,0.3,6573,77,5800,131,565,0.3701923076923077,0.11993769470404984,0.9683553932755211,0.03164460672447893,0.08876669285153181,2956,0.4497185455651909
validation,Application + Bureau,Thin-file,10:1,0.3,6573,77,5800,131,565,0.3701923076923077,0.11993769470404984,0.9683553932755211,0.03164460672447893,0.08876669285153181,5781,0.8795070743952533
validation,Application + Bureau,Thin-file,1:1,0.31,6573,66,5823,108,576,0.3793103448275862,0.102803738317757,0.9735280693747147,0.02647193062528526,0.090014064697609,684,0.10406207211319032
validation,Application + Bureau,Thin-file,2:1,0.31,6573,66,5823,108,576,0.3793103448275862,0.102803738317757,0.9735280693747147,0.02647193062528526,0.090014064697609,1260,0.19169329073482427
validation,Application + Bureau,Thin-file,5:1,0.31,6573,66,5823,108,576,0.3793103448275862,0.102803738317757,0.9735280693747147,0.02647193062528526,0.090014064697609,2988,0.45458694659972615
validation,Application + Bureau,Thin-file,10:1,0.31,6573,66,5823,108,576,0.3793103448275862,0.102803738317757,0.9735280693747147,0.02647193062528526,0.090014064697609,5868,0.8927430397078959
validation,Application + Bureau,Thin-file,1:1,0.32,6573,60,5838,93,582,0.39215686274509803,0.09345794392523364,0.9767229575536285,0.02327704244637152,0.09065420560747664,675,0.1026928343222273
validation,Application + Bureau,Thin-file,2:1,0.32,6573,60,5838,93,582,0.39215686274509803,0.09345794392523364,0.9767229575536285,0.02327704244637152,0.09065420560747664,1257,0.1912368781378366
validation,Application + Bureau,Thin-file,5:1,0.32,6573,60,5838,93,582,0.39215686274509803,0.09345794392523364,0.9767229575536285,0.02327704244637152,0.09065420560747664,3003,0.45686900958466453
validation,Application + Bureau,Thin-file,10:1,0.32,6573,60,5838,93,582,0.39215686274509803,0.09345794392523364,0.9767229575536285,0.02327704244637152,0.09065420560747664,5913,0.8995892286627111
validation,Application + Bureau,Thin-file,1:1,0.33,6573,51,5853,78,591,0.3953488372093023,0.0794392523364486,0.9803742583295298,0.019625741670470105,0.09171322160148976,669,0.10178000912825194
validation,Application + Bureau,Thin-file,2:1,0.33,6573,51,5853,78,591,0.3953488372093023,0.0794392523364486,0.9803742583295298,0.019625741670470105,0.09171322160148976,1260,0.19169329073482427
validation,Application + Bureau,Thin-file,5:1,0.33,6573,51,5853,78,591,0.3953488372093023,0.0794392523364486,0.9803742583295298,0.019625741670470105,0.09171322160148976,3033,0.4614331355545413
validation,Application + Bureau,Thin-file,10:1,0.33,6573,51,5853,78,591,0.3953488372093023,0.0794392523364486,0.9803742583295298,0.019625741670470105,0.09171322160148976,5988,0.910999543587403
validation,Application + Bureau,Thin-file,1:1,0.34,6573,46,5867,64,596,0.41818181818181815,0.07165109034267912,0.9832648714437852,0.01673512855621482,0.09221723657744081,660,0.10041077133728891
validation,Application + Bureau,Thin-file,2:1,0.34,6573,46,5867,64,596,0.41818181818181815,0.07165109034267912,0.9832648714437852,0.01673512855621482,0.09221723657744081,1256,0.19108474060550737
validation,Application + Bureau,Thin-file,5:1,0.34,6573,46,5867,64,596,0.41818181818181815,0.07165109034267912,0.9832648714437852,0.01673512855621482,0.09221723657744081,3044,0.4631066484101628
validation,Application + Bureau,Thin-file,10:1,0.34,6573,46,5867,64,596,0.41818181818181815,0.07165109034267912,0.9832648714437852,0.01673512855621482,0.09221723657744081,6024,0.9164764947512551
validation,Application + Bureau,Thin-file,1:1,0.35,6573,42,5877,54,600,0.4375,0.06542056074766354,0.9853947968963943,0.01460520310360566,0.09263547938860583,654,0.09949794614331356
validation,Application + Bureau,Thin-file,2:1,0.35,6573,42,5877,54,600,0.4375,0.06542056074766354,0.9853947968963943,0.01460520310360566,0.09263547938860583,1254,0.19078046554084893
validation,Application + Bureau,Thin-file,5:1,0.35,6573,42,5877,54,600,0.4375,0.06542056074766354,0.9853947968963943,0.01460520310360566,0.09263547938860583,3054,0.464628023733455
validation,Application + Bureau,Thin-file,10:1,0.35,6573,42,5877,54,600,0.4375,0.06542056074766354,0.9853947968963943,0.01460520310360566,0.09263547938860583,6054,0.9210406207211319
validation,Application + Bureau,Thin-file,1:1,0.36,6573,35,5884,47,607,0.4268292682926829,0.05451713395638629,0.9875247223490035,0.012475277650996501,0.09351409644122631,654,0.09949794614331356
validation,Application + Bureau,Thin-file,2:1,0.36,6573,35,5884,47,607,0.4268292682926829,0.05451713395638629,0.9875247223490035,0.012475277650996501,0.09351409644122631,1261,0.1918454282671535
validation,Application + Bureau,Thin-file,5:1,0.36,6573,35,5884,47,607,0.4268292682926829,0.05451713395638629,0.9875247223490035,0.012475277650996501,0.09351409644122631,3082,0.4688878746386734
validation,Application + Bureau,Thin-file,10:1,0.36,6573,35,5884,47,607,0.4268292682926829,0.05451713395638629,0.9875247223490035,0.012475277650996501,0.09351409644122631,6117,0.9306252852578731
validation,Application + Bureau,Thin-file,1:1,0.37,6573,29,5892,39,613,0.4264705882352941,0.045171339563862926,0.9896546478016126,0.010345352198387342,0.09423520368946964,652,0.09919367107865511
validation,Application + Bureau,Thin-file,2:1,0.37,6573,29,5892,39,613,0.4264705882352941,0.045171339563862926,0.9896546478016126,0.010345352198387342,0.09423520368946964,1265,0.1924539783964704
validation,Application + Bureau,Thin-file,5:1,0.37,6573,29,5892,39,613,0.4264705882352941,0.045171339563862926,0.9896546478016126,0.010345352198387342,0.09423520368946964,3104,0.47223490034991633
validation,Application + Bureau,Thin-file,10:1,0.37,6573,29,5892,39,613,0.4264705882352941,0.045171339563862926,0.9896546478016126,0.010345352198387342,0.09423520368946964,6169,0.9385364369389928
validation,Application + Bureau,Thin-file,1:1,0.38,6573,23,5900,31,619,0.42592592592592593,0.03582554517133956,0.9917845732542219,0.008215426745778184,0.09495321368308023,650,0.09888939601399666
validation,Application + Bureau,Thin-file,2:1,0.38,6573,23,5900,31,619,0.42592592592592593,0.03582554517133956,0.9917845732542219,0.008215426745778184,0.09495321368308023,1269,0.1930625285257873
validation,Application + Bureau,Thin-file,5:1,0.38,6573,23,5900,31,619,0.42592592592592593,0.03582554517133956,0.9917845732542219,0.008215426745778184,0.09495321368308023,3126,0.4755819260611593
validation,Application + Bureau,Thin-file,10:1,0.38,6573,23,5900,31,619,0.42592592592592593,0.03582554517133956,0.9917845732542219,0.008215426745778184,0.09495321368308023,6221,0.9464475886201126
validation,Application + Bureau,Thin-file,1:1,0.39,6573,18,5909,22,624,0.45,0.028037383177570093,0.993914498706831,0.006085501293169025,0.09551507729986224,646,0.09828084588467975
validation,Application + Bureau,Thin-file,2:1,0.39,6573,18,5909,22,624,0.45,0.028037383177570093,0.993914498706831,0.006085501293169025,0.09551507729986224,1270,0.19321466605811655
validation,Application + Bureau,Thin-file,5:1,0.39,6573,18,5909,22,624,0.45,0.028037383177570093,0.993914498706831,0.006085501293169025,0.09551507729986224,3142,0.4780161265784269
validation,Application + Bureau,Thin-file,10:1,0.39,6573,18,5909,22,624,0.45,0.028037383177570093,0.993914498706831,0.006085501293169025,0.09551507729986224,6262,0.9526852274456108
validation,Application + Bureau,Thin-file,1:1,0.4,6573,18,5918,13,624,0.5806451612903226,0.028037383177570093,0.995283736497794,0.004716263502205994,0.09538367471721186,637,0.09691160809371673
validation,Application + Bureau,Thin-file,2:1,0.4,6573,18,5918,13,624,0.5806451612903226,0.028037383177570093,0.995283736497794,0.004716263502205994,0.09538367471721186,1261,0.1918454282671535
validation,Application + Bureau,Thin-file,5:1,0.4,6573,18,5918,13,624,0.5806451612903226,0.028037383177570093,0.995283736497794,0.004716263502205994,0.09538367471721186,3133,0.47664688878746386
validation,Application + Bureau,Thin-file,10:1,0.4,6573,18,5918,13,624,0.5806451612903226,0.028037383177570093,0.995283736497794,0.004716263502205994,0.09538367471721186,6253,0.9513159896546478
validation,Application + Bureau,Thin-file,1:1,0.41,6573,12,5919,12,630,0.5,0.018691588785046728,0.9963486992240986,0.003651300775901415,0.0961978928080623,642,0.09767229575536285
validation,Application + Bureau,Thin-file,2:1,0.41,6573,12,5919,12,630,0.5,0.018691588785046728,0.9963486992240986,0.003651300775901415,0.0961978928080623,1272,0.19351894112277498
validation,Application + Bureau,Thin-file,5:1,0.41,6573,12,5919,12,630,0.5,0.018691588785046728,0.9963486992240986,0.003651300775901415,0.0961978928080623,3162,0.4810588772250114
validation,Application + Bureau,Thin-file,10:1,0.41,6573,12,5919,12,630,0.5,0.018691588785046728,0.9963486992240986,0.003651300775901415,0.0961978928080623,6312,0.9602921040620721
validation,Application + Bureau,Thin-file,1:1,0.42,6573,9,5922,9,633,0.5,0.014018691588785047,0.9972615244180739,0.0027384755819260614,0.0965675057208238,642,0.09767229575536285
validation,Application + Bureau,Thin-file,2:1,0.42,6573,9,5922,9,633,0.5,0.014018691588785047,0.9972615244180739,0.0027384755819260614,0.0965675057208238,1275,0.19397535371976266
validation,Application + Bureau,Thin-file,5:1,0.42,6573,9,5922,9,633,0.5,0.014018691588785047,0.9972615244180739,0.0027384755819260614,0.0965675057208238,3174,0.48288452761296213
validation,Application + Bureau,Thin-file,10:1,0.42,6573,9,5922,9,633,0.5,0.014018691588785047,0.9972615244180739,0.0027384755819260614,0.0965675057208238,6339,0.9643998174349612
validation,Application + Bureau,Thin-file,1:1,0.43,6573,9,5925,6,633,0.6,0.014018691588785047,0.9977179370150616,0.0022820629849383844,0.09652333028362306,639,0.09721588315837518
validation,Application + Bureau,Thin-file,2:1,0.43,6573,9,5925,6,633,0.6,0.014018691588785047,0.9977179370150616,0.0022820629849383844,0.09652333028362306,1272,0.19351894112277498
validation,Application + Bureau,Thin-file,5:1,0.43,6573,9,5925,6,633,0.6,0.014018691588785047,0.9977179370150616,0.0022820629849383844,0.09652333028362306,3171,0.48242811501597443
validation,Application + Bureau,Thin-file,10:1,0.43,6573,9,5925,6,633,0.6,0.014018691588785047,0.9977179370150616,0.0022820629849383844,0.09652333028362306,6336,0.9639434048379736
validation,Application + Bureau,Thin-file,1:1,0.44,6573,9,5925,6,633,0.6,0.014018691588785047,0.9977179370150616,0.0022820629849383844,0.09652333028362306,639,0.09721588315837518
validation,Application + Bureau,Thin-file,2:1,0.44,6573,9,5925,6,633,0.6,0.014018691588785047,0.9977179370150616,0.0022820629849383844,0.09652333028362306,1272,0.19351894112277498
validation,Application + Bureau,Thin-file,5:1,0.44,6573,9,5925,6,633,0.6,0.014018691588785047,0.9977179370150616,0.0022820629849383844,0.09652333028362306,3171,0.48242811501597443
validation,Application + Bureau,Thin-file,10:1,0.44,6573,9,5925,6,633,0.6,0.014018691588785047,0.9977179370150616,0.0022820629849383844,0.09652333028362306,6336,0.9639434048379736
validation,Application + Bureau,Thin-file,1:1,0.45,6573,7,5927,4,635,0.6363636363636364,0.010903426791277258,0.9983264871443785,0.001673512855621482,0.09676927765925022,639,0.09721588315837518
validation,Application + Bureau,Thin-file,2:1,0.45,6573,7,5927,4,635,0.6363636363636364,0.010903426791277258,0.9983264871443785,0.001673512855621482,0.09676927765925022,1274,0.19382321618743345
validation,Application + Bureau,Thin-file,5:1,0.45,6573,7,5927,4,635,0.6363636363636364,0.010903426791277258,0.9983264871443785,0.001673512855621482,0.09676927765925022,3179,0.48364521527460824
validation,Application + Bureau,Thin-file,10:1,0.45,6573,7,5927,4,635,0.6363636363636364,0.010903426791277258,0.9983264871443785,0.001673512855621482,0.09676927765925022,6354,0.9666818804198996
validation,Application + Bureau,Thin-file,1:1,0.46,6573,7,5928,3,635,0.7,0.010903426791277258,0.9984786246767078,0.0015213753232922562,0.09675453298796283,638,0.09706374562604594
validation,Application + Bureau,Thin-file,2:1,0.46,6573,7,5928,3,635,0.7,0.010903426791277258,0.9984786246767078,0.0015213753232922562,0.09675453298796283,1273,0.19367107865510422
validation,Application + Bureau,Thin-file,5:1,0.46,6573,7,5928,3,635,0.7,0.010903426791277258,0.9984786246767078,0.0015213753232922562,0.09675453298796283,3178,0.483493077742279
validation,Application + Bureau,Thin-file,10:1,0.46,6573,7,5928,3,635,0.7,0.010903426791277258,0.9984786246767078,0.0015213753232922562,0.09675453298796283,6353,0.9665297428875703
validation,Application + Bureau,Thin-file,1:1,0.47,6573,6,5930,1,636,0.8571428571428571,0.009345794392523364,0.9989350372736954,0.0010649627263045794,0.09686262564727384,637,0.09691160809371673
validation,Application + Bureau,Thin-file,2:1,0.47,6573,6,5930,1,636,0.8571428571428571,0.009345794392523364,0.9989350372736954,0.0010649627263045794,0.09686262564727384,1273,0.19367107865510422
validation,Application + Bureau,Thin-file,5:1,0.47,6573,6,5930,1,636,0.8571428571428571,0.009345794392523364,0.9989350372736954,0.0010649627263045794,0.09686262564727384,3181,0.4839494903392667
validation,Application + Bureau,Thin-file,10:1,0.47,6573,6,5930,1,636,0.8571428571428571,0.009345794392523364,0.9989350372736954,0.0010649627263045794,0.09686262564727384,6361,0.9677468431462042
validation,Application + Bureau,Thin-file,1:1,0.48,6573,5,5930,1,637,0.8333333333333334,0.00778816199376947,0.9990871748060246,0.0009128251939753537,0.09700015227653419,638,0.09706374562604594
validation,Application + Bureau,Thin-file,2:1,0.48,6573,5,5930,1,637,0.8333333333333334,0.00778816199376947,0.9990871748060246,0.0009128251939753537,0.09700015227653419,1275,0.19397535371976266
validation,Application + Bureau,Thin-file,5:1,0.48,6573,5,5930,1,637,0.8333333333333334,0.00778816199376947,0.9990871748060246,0.0009128251939753537,0.09700015227653419,3186,0.4847101780009128
validation,Application + Bureau,Thin-file,10:1,0.48,6573,5,5930,1,637,0.8333333333333334,0.00778816199376947,0.9990871748060246,0.0009128251939753537,0.09700015227653419,6371,0.9692682184694964
validation,Application + Bureau,Thin-file,1:1,0.49,6573,4,5930,1,638,0.8,0.006230529595015576,0.9992393123383538,0.0007606876616461281,0.09713763702801462,639,0.09721588315837518
validation,Application + Bureau,Thin-file,2:1,0.49,6573,4,5930,1,638,0.8,0.006230529595015576,0.9992393123383538,0.0007606876616461281,0.09713763702801462,1277,0.19427962878442112
validation,Application + Bureau,Thin-file,5:1,0.49,6573,4,5930,1,638,0.8,0.006230529595015576,0.9992393123383538,0.0007606876616461281,0.09713763702801462,3191,0.4854708656625589
validation,Application + Bureau,Thin-file,10:1,0.49,6573,4,5930,1,638,0.8,0.006230529595015576,0.9992393123383538,0.0007606876616461281,0.09713763702801462,6381,0.9707895937927887
validation,Application + Bureau,Thin-file,1:1,0.5,6573,3,5930,1,639,0.75,0.004672897196261682,0.9993914498706831,0.0006085501293169025,0.09727507992084031,640,0.0973680206907044
validation,Application + Bureau,Thin-file,2:1,0.5,6573,3,5930,1,639,0.75,0.004672897196261682,0.9993914498706831,0.0006085501293169025,0.09727507992084031,1279,0.19458390384907956
validation,Application + Bureau,Thin-file,5:1,0.5,6573,3,5930,1,639,0.75,0.004672897196261682,0.9993914498706831,0.0006085501293169025,0.09727507992084031,3196,0.4862315533242051
validation,Application + Bureau,Thin-file,10:1,0.5,6573,3,5930,1,639,0.75,0.004672897196261682,0.9993914498706831,0.0006085501293169025,0.09727507992084031,6391,0.972310969116081
validation,Application + Bureau,Non-thin-file,1:1,0.01,39554,3078,402,36070,4,0.07862470624297538,0.9987021414665801,0.010264448601911311,0.9897355513980887,0.009852216748768473,36074,0.9120190119836173
validation,Application + Bureau,Non-thin-file,2:1,0.01,39554,3078,402,36070,4,0.07862470624297538,0.9987021414665801,0.010264448601911311,0.9897355513980887,0.009852216748768473,36078,0.91212013955605
validation,Application + Bureau,Non-thin-file,5:1,0.01,39554,3078,402,36070,4,0.07862470624297538,0.9987021414665801,0.010264448601911311,0.9897355513980887,0.009852216748768473,36090,0.9124235222733478
validation,Application + Bureau,Non-thin-file,10:1,0.01,39554,3078,402,36070,4,0.07862470624297538,0.9987021414665801,0.010264448601911311,0.9897355513980887,0.009852216748768473,36110,0.912929160135511
validation,Application + Bureau,Non-thin-file,1:1,0.02,39554,3026,4583,31889,56,0.086667621366175,0.981829980532122,0.1172827021287354,0.8827172978712646,0.01207156714809226,31945,0.8076300753400415
validation,Application + Bureau,Non-thin-file,2:1,0.02,39554,3026,4583,31889,56,0.086667621366175,0.981829980532122,0.1172827021287354,0.8827172978712646,0.01207156714809226,32001,0.8090458613540982
validation,Application + Bureau,Non-thin-file,5:1,0.02,39554,3026,4583,31889,56,0.086667621366175,0.981829980532122,0.1172827021287354,0.8827172978712646,0.01207156714809226,32169,0.8132932193962684
validation,Application + Bureau,Non-thin-file,10:1,0.02,39554,3026,4583,31889,56,0.086667621366175,0.981829980532122,0.1172827021287354,0.8827172978712646,0.01207156714809226,32449,0.820372149466552
validation,Application + Bureau,Non-thin-file,1:1,0.03,39554,2869,10622,25850,213,0.09989902155367526,0.9308890330953926,0.2739293118268696,0.7260706881731304,0.01965851407475773,26063,0.6589219800778683
validation,Application + Bureau,Non-thin-file,2:1,0.03,39554,2869,10622,25850,213,0.09989902155367526,0.9308890330953926,0.2739293118268696,0.7260706881731304,0.01965851407475773,26276,0.6643070233099054
validation,Application + Bureau,Non-thin-file,5:1,0.03,39554,2869,10622,25850,213,0.09989902155367526,0.9308890330953926,0.2739293118268696,0.7260706881731304,0.01965851407475773,26915,0.6804621530060171
validation,Application + Bureau,Non-thin-file,10:1,0.03,39554,2869,10622,25850,213,0.09989902155367526,0.9308890330953926,0.2739293118268696,0.7260706881731304,0.01965851407475773,27980,0.7073873691662032
validation,Application + Bureau,Non-thin-file,1:1,0.04,39554,2679,15631,20841,403,0.1139030612244898,0.8692407527579494,0.4053698740961723,0.5946301259038277,0.025134090058625422,21244,0.5370885371896648
validation,Application + Bureau,Non-thin-file,2:1,0.04,39554,2679,15631,20841,403,0.1139030612244898,0.8692407527579494,0.4053698740961723,0.5946301259038277,0.025134090058625422,21647,0.5472771401122516
validation,Application + Bureau,Non-thin-file,5:1,0.04,39554,2679,15631,20841,403,0.1139030612244898,0.8692407527579494,0.4053698740961723,0.5946301259038277,0.025134090058625422,22856,0.5778429488800121
validation,Application + Bureau,Non-thin-file,10:1,0.04,39554,2679,15631,20841,403,0.1139030612244898,0.8692407527579494,0.4053698740961723,0.5946301259038277,0.025134090058625422,24871,0.6287859634929464
validation,Application + Bureau,Non-thin-file,1:1,0.05,39554,2502,19465,17007,580,0.12824850069198832,0.8118105126541207,0.5067755473529858,0.4932244526470142,0.028934896482913443,17587,0.4446326540931385
validation,Application + Bureau,Non-thin-file,2:1,0.05,39554,2502,19465,17007,580,0.12824850069198832,0.8118105126541207,0.5067755473529858,0.4932244526470142,0.028934896482913443,18167,0.45929615209586894
validation,Application + Bureau,Non-thin-file,5:1,0.05,39554,2502,19465,17007,580,0.12824850069198832,0.8118105126541207,0.5067755473529858,0.4932244526470142,0.028934896482913443,19907,0.5032866461040603
validation,Application + Bureau,Non-thin-file,10:1,0.05,39554,2502,19465,17007,580,0.12824850069198832,0.8118105126541207,0.5067755473529858,0.4932244526470142,0.028934896482913443,22807,0.5766041361177124
validation,Application + Bureau,Non-thin-file,1:1,0.06,39554,2333,22317,14155,749,0.14149684619116934,0.7569759896171318,0.5831521464327248,0.4168478535672751,0.032472036764068325,14904,0.3768013348839561
validation,Application + Bureau,Non-thin-file,2:1,0.06,39554,2333,22317,14155,749,0.14149684619116934,0.7569759896171318,0.5831521464327248,0.4168478535672751,0.032472036764068325,15653,0.3957374728219649
validation,Application + Bureau,Non-thin-file,5:1,0.06,39554,2333,22317,14155,749,0.14149684619116934,0.7569759896171318,0.5831521464327248,0.4168478535672751,0.032472036764068325,17900,0.4525458866359913
validation,Application + Bureau,Non-thin-file,10:1,0.06,39554,2333,22317,14155,749,0.14149684619116934,0.7569759896171318,0.5831521464327248,0.4168478535672751,0.032472036764068325,21645,0.5472265763260353
validation,Application + Bureau,Non-thin-file,1:1,0.07,39554,2166,24562,11910,916,0.15387894288150042,0.7027903958468527,0.644132072609597,0.355867927390403,0.03595258654525473,12826,0.3242655610052081
validation,Application + Bureau,Non-thin-file,2:1,0.07,39554,2166,24562,11910,916,0.15387894288150042,0.7027903958468527,0.644132072609597,0.355867927390403,0.03595258654525473,13742,0.3474237750922789
validation,Application + Bureau,Non-thin-file,5:1,0.07,39554,2166,24562,11910,916,0.15387894288150042,0.7027903958468527,0.644132072609597,0.355867927390403,0.03595258654525473,16490,0.4168984173534914
validation,Application + Bureau,Non-thin-file,10:1,0.07,39554,2166,24562,11910,916,0.15387894288150042,0.7027903958468527,0.644132072609597,0.355867927390403,0.03595258654525473,21070,0.5326894877888456
validation,Application + Bureau,Non-thin-file,1:1,0.08,39554,2021,26395,10077,1061,0.16705240535625723,0.6557430240103829,0.6941396571775295,0.30586034282247054,0.038643648018648016,11138,0.28158972543864086
validation,Application + Bureau,Non-thin-file,2:1,0.08,39554,2021,26395,10077,1061,0.16705240535625723,0.6557430240103829,0.6941396571775295,0.30586034282247054,0.038643648018648016,12199,0.3084138140263943
validation,Application + Bureau,Non-thin-file,5:1,0.08,39554,2021,26395,10077,1061,0.16705240535625723,0.6557430240103829,0.6941396571775295,0.30586034282247054,0.038643648018648016,15382,0.38888607978965467
validation,Application + Bureau,Non-thin-file,10:1,0.08,39554,2021,26395,10077,1061,0.16705240535625723,0.6557430240103829,0.6941396571775295,0.30586034282247054,0.038643648018648016,20687,0.5230065227284219
validation,Application + Bureau,Non-thin-file,1:1,0.09,39554,1884,27807,8665,1198,0.17859512750023698,0.6112913692407528,0.733301309602063,0.266698690397937,0.04130322358214101,9863,0.24935531172574202
validation,Application + Bureau,Non-thin-file,2:1,0.09,39554,1884,27807,8665,1198,0.17859512750023698,0.6112913692407528,0.733301309602063,0.266698690397937,0.04130322358214101,11061,0.2796430196693128
validation,Application + Bureau,Non-thin-file,5:1,0.09,39554,1884,27807,8665,1198,0.17859512750023698,0.6112913692407528,0.733301309602063,0.266698690397937,0.04130322358214101,14655,0.3705061435000253
validation,Application + Bureau,Non-thin-file,10:1,0.09,39554,1884,27807,8665,1198,0.17859512750023698,0.6112913692407528,0.733301309602063,0.266698690397937,0.04130322358214101,20645,0.5219446832178793
validation,Application + Bureau,Non-thin-file,1:1,0.1,39554,1761,28956,7516,1321,0.18982429664762315,0.5713822193380922,0.7654598776356374,0.23454012236436264,0.04363047858110117,8837,0.22341608939677404
validation,Application + Bureau,Non-thin-file,2:1,0.1,39554,1761,28956,7516,1321,0.18982429664762315,0.5713822193380922,0.7654598776356374,0.23454012236436264,0.04363047858110117,10158,0.25681347019264805
validation,Application + Bureau,Non-thin-file,5:1,0.1,39554,1761,28956,7516,1321,0.18982429664762315,0.5713822193380922,0.7654598776356374,0.23454012236436264,0.04363047858110117,14121,0.35700561258027
validation,Application + Bureau,Non-thin-file,10:1,0.1,39554,1761,28956,7516,1321,0.18982429664762315,0.5713822193380922,0.7654598776356374,0.23454012236436264,0.04363047858110117,20726,0.52399251655964
validation,Application + Bureau,Non-thin-file,1:1,0.11,39554,1636,29923,6549,1446,0.19987782529016493,0.5308241401687216,0.7930677049097437,0.20693229509025635,0.04609646466256495,7995,0.20212873539970674
validation,Application + Bureau,Non-thin-file,2:1,0.11,39554,1636,29923,6549,1446,0.19987782529016493,0.5308241401687216,0.7930677049097437,0.20693229509025635,0.04609646466256495,9441,0.23868635283410022
validation,Application + Bureau,Non-thin-file,5:1,0.11,39554,1636,29923,6549,1446,0.19987782529016493,0.5308241401687216,0.7930677049097437,0.20693229509025635,0.04609646466256495,13779,0.3483592051372807
validation,Application + Bureau,Non-thin-file,10:1,0.11,39554,1636,29923,6549,1446,0.19987782529016493,0.5308241401687216,0.7930677049097437,0.20693229509025635,0.04609646466256495,21009,0.5311472923092481
validation,Application + Bureau,Non-thin-file,1:1,0.12,39554,1529,30768,5704,1553,0.21139223005668464,0.49610642439974045,0.8171360671487081,0.1828639328512919,0.04804925590173571,7257,0.18347069828588763
validation,Application + Bureau,Non-thin-file,2:1,0.12,39554,1529,30768,5704,1553,0.21139223005668464,0.49610642439974045,0.8171360671487081,0.1828639328512919,0.04804925590173571,8810,0.2227334782828538
validation,Application + Bureau,Non-thin-file,5:1,0.12,39554,1529,30768,5704,1553,0.21139223005668464,0.49610642439974045,0.8171360671487081,0.1828639328512919,0.04804925590173571,13469,0.34052181827375233
validation,Application + Bureau,Non-thin-file,10:1,0.12,39554,1529,30768,5704,1553,0.21139223005668464,0.49610642439974045,0.8171360671487081,0.1828639328512919,0.04804925590173571,21234,0.5368357182585832
validation,Application + Bureau,Non-thin-file,1:1,0.13,39554,1424,31451,5021,1658,0.22094647013188518,0.46203763789746916,0.837058198917935,0.16294180108206502,0.05007701833338367,6679,0.16885776406937353
validation,Application + Bureau,Non-thin-file,2:1,0.13,39554,1424,31451,5021,1658,0.22094647013188518,0.46203763789746916,0.837058198917935,0.16294180108206502,0.05007701833338367,8337,0.21077514284269605
validation,Application + Bureau,Non-thin-file,5:1,0.13,39554,1424,31451,5021,1658,0.22094647013188518,0.46203763789746916,0.837058198917935,0.16294180108206502,0.05007701833338367,13311,0.3365272791626637
validation,Application + Bureau,Non-thin-file,10:1,0.13,39554,1424,31451,5021,1658,0.22094647013188518,0.46203763789746916,0.837058198917935,0.16294180108206502,0.05007701833338367,21601,0.5461141730292765
validation,Application + Bureau,Non-thin-file,1:1,0.14,39554,1316,32064,4408,1766,0.22990915443745633,0.426995457495133,0.8552864438489154,0.14471355615108458,0.05220218740762637,6174,0.15609040804975477
validation,Application + Bureau,Non-thin-file,2:1,0.14,39554,1316,32064,4408,1766,0.22990915443745633,0.426995457495133,0.8552864438489154,0.14471355615108458,0.05220218740762637,7940,0.20073823127875814
validation,Application + Bureau,Non-thin-file,5:1,0.14,39554,1316,32064,4408,1766,0.22990915443745633,0.426995457495133,0.8552864438489154,0.14471355615108458,0.05220218740762637,13238,0.3346817009657683
validation,Application + Bureau,Non-thin-file,10:1,0.14,39554,1316,32064,4408,1766,0.22990915443745633,0.426995457495133,0.8552864438489154,0.14471355615108458,0.05220218740762637,22068,0.5579208171107852
validation,Application + Bureau,Non-thin-file,1:1,0.15,39554,1226,32597,3875,1856,0.24034503038619878,0.3977936404931862,0.8710370632552965,0.12896293674470344,0.05387049023307114,5731,0.1448905294028417
validation,Application + Bureau,Non-thin-file,2:1,0.15,39554,1226,32597,3875,1856,0.24034503038619878,0.3977936404931862,0.8710370632552965,0.12896293674470344,0.05387049023307114,7587,0.19181372301157912
validation,Application + Bureau,Non-thin-file,5:1,0.15,39554,1226,32597,3875,1856,0.24034503038619878,0.3977936404931862,0.8710370632552965,0.12896293674470344,0.05387049023307114,13155,0.3325833038377914
validation,Application + Bureau,Non-thin-file,10:1,0.15,39554,1226,32597,3875,1856,0.24034503038619878,0.3977936404931862,0.8710370632552965,0.12896293674470344,0.05387049023307114,22435,0.5671992718814785
validation,Application + Bureau,Non-thin-file,1:1,0.16,39554,1142,33048,3424,1940,0.2501095050372317,0.3705386112913692,0.88456287606816,0.11543712393184001,0.05544758202812393,5364,0.13561207463214844
validation,Application + Bureau,Non-thin-file,2:1,0.16,39554,1142,33048,3424,1940,0.2501095050372317,0.3705386112913692,0.88456287606816,0.11543712393184001,0.05544758202812393,7304,0.18465894726197096
validation,Application + Bureau,Non-thin-file,5:1,0.16,39554,1142,33048,3424,1940,0.2501095050372317,0.3705386112913692,0.88456287606816,0.11543712393184001,0.05544758202812393,13124,0.33179956515143855
validation,Application + Bureau,Non-thin-file,10:1,0.16,39554,1142,33048,3424,1940,0.2501095050372317,0.3705386112913692,0.88456287606816,0.11543712393184001,0.05544758202812393,22824,0.5770339283005511
validation,Application + Bureau,Non-thin-file,1:1,0.17,39554,1059,33416,3056,2023,0.25735115431348726,0.3436080467229072,0.8959650098599383,0.10403499014006169,0.05708400349897006,5079,0.12840673509632403
validation,Application + Bureau,Non-thin-file,2:1,0.17,39554,1059,33416,3056,2023,0.25735115431348726,0.3436080467229072,0.8959650098599383,0.10403499014006169,0.05708400349897006,7102,0.17955200485412348
validation,Application + Bureau,Non-thin-file,5:1,0.17,39554,1059,33416,3056,2023,0.25735115431348726,0.3436080467229072,0.8959650098599383,0.10403499014006169,0.05708400349897006,13171,0.3329878141275219
validation,Application + Bureau,Non-thin-file,10:1,0.17,39554,1059,33416,3056,2023,0.25735115431348726,0.3436080467229072,0.8959650098599383,0.10403499014006169,0.05708400349897006,23286,0.5887141629165192
validation,Application + Bureau,Non-thin-file,1:1,0.18,39554,987,33747,2725,2095,0.26589439655172414,0.3202465931213498,0.9061536127825252,0.09384638721747485,0.058450979298030246,4820,0.12185872478131163
validation,Application + Bureau,Non-thin-file,2:1,0.18,39554,987,33747,2725,2095,0.26589439655172414,0.3202465931213498,0.9061536127825252,0.09384638721747485,0.058450979298030246,6915,0.17482429084289833
validation,Application + Bureau,Non-thin-file,5:1,0.18,39554,987,33747,2725,2095,0.26589439655172414,0.3202465931213498,0.9061536127825252,0.09384638721747485,0.058450979298030246,13200,0.3337209890276584
validation,Application + Bureau,Non-thin-file,10:1,0.18,39554,987,33747,2725,2095,0.26589439655172414,0.3202465931213498,0.9061536127825252,0.09384638721747485,0.058450979298030246,23675,0.5985488193355919
validation,Application + Bureau,Non-thin-file,1:1,0.19,39554,926,34028,2444,2156,0.2747774480712166,0.30045425048669694,0.9148000202255144,0.08519997977448551,0.05958434667256246,4600,0.11629670829751731
validation,Application + Bureau,Non-thin-file,2:1,0.19,39554,926,34028,2444,2156,0.2747774480712166,0.30045425048669694,0.9148000202255144,0.08519997977448551,0.05958434667256246,6756,0.1708044698387015
validation,Application + Bureau,Non-thin-file,5:1,0.19,39554,926,34028,2444,2156,0.2747774480712166,0.30045425048669694,0.9148000202255144,0.08519997977448551,0.05958434667256246,13224,0.33432775446225416
validation,Application + Bureau,Non-thin-file,10:1,0.19,39554,926,34028,2444,2156,0.2747774480712166,0.30045425048669694,0.9148000202255144,0.08519997977448551,0.05958434667256246,24004,0.6068665621681751
validation,Application + Bureau,Non-thin-file,1:1,0.2,39554,853,34276,2196,2229,0.27976385700229583,0.27676833225178454,0.9229155079132325,0.07708449208676746,0.061060128749486374,4425,0.11187237700359003
validation,Application + Bureau,Non-thin-file,2:1,0.2,39554,853,34276,2196,2229,0.27976385700229583,0.27676833225178454,0.9229155079132325,0.07708449208676746,0.061060128749486374,6654,0.1682257167416696
validation,Application + Bureau,Non-thin-file,5:1,0.2,39554,853,34276,2196,2229,0.27976385700229583,0.27676833225178454,0.9229155079132325,0.07708449208676746,0.061060128749486374,13341,0.3372857359559084
validation,Application + Bureau,Non-thin-file,10:1,0.2,39554,853,34276,2196,2229,0.27976385700229583,0.27676833225178454,0.9229155079132325,0.07708449208676746,0.061060128749486374,24486,0.6190524346463063
validation,Application + Bureau,Non-thin-file,1:1,0.21,39554,798,34506,1966,2284,0.28871201157742404,0.2589227774172615,0.930120847449057,0.06987915255094301,0.062082087523783636,4250,0.10744804570966274
validation,Application + Bureau,Non-thin-file,2:1,0.21,39554,798,34506,1966,2284,0.28871201157742404,0.2589227774172615,0.930120847449057,0.06987915255094301,0.062082087523783636,6534,0.1651918895686909
validation,Application + Bureau,Non-thin-file,5:1,0.21,39554,798,34506,1966,2284,0.28871201157742404,0.2589227774172615,0.930120847449057,0.06987915255094301,0.062082087523783636,13386,0.3384234211457754
validation,Application + Bureau,Non-thin-file,10:1,0.21,39554,798,34506,1966,2284,0.28871201157742404,0.2589227774172615,0.930120847449057,0.06987915255094301,0.062082087523783636,24806,0.6271426404409162
validation,Application + Bureau,Non-thin-file,1:1,0.22,39554,744,34722,1750,2338,0.2983159582999198,0.24140168721609345,0.936946958588259,0.06305304141174091,0.06308688613059903,4088,0.10335237902614147
validation,Application + Bureau,Non-thin-file,2:1,0.22,39554,744,34722,1750,2338,0.2983159582999198,0.24140168721609345,0.936946958588259,0.06305304141174091,0.06308688613059903,6426,0.16246144511301006
validation,Application + Bureau,Non-thin-file,5:1,0.22,39554,744,34722,1750,2338,0.2983159582999198,0.24140168721609345,0.936946958588259,0.06305304141174091,0.06308688613059903,13440,0.3397886433736158
validation,Application + Bureau,Non-thin-file,10:1,0.22,39554,744,34722,1750,2338,0.2983159582999198,0.24140168721609345,0.936946958588259,0.06305304141174091,0.06308688613059903,25130,0.6353339738079588
validation,Application + Bureau,Non-thin-file,1:1,0.23,39554,693,34898,1574,2389,0.30569033965593295,0.22485399091499025,0.9426859483238105,0.05731405167618951,0.06407058760425886,3963,0.10019214238762199
validation,Application + Bureau,Non-thin-file,2:1,0.23,39554,693,34898,1574,2389,0.30569033965593295,0.22485399091499025,0.9426859483238105,0.05731405167618951,0.06407058760425886,6352,0.16059058502300652
validation,Application + Bureau,Non-thin-file,5:1,0.23,39554,693,34898,1574,2389,0.30569033965593295,0.22485399091499025,0.9426859483238105,0.05731405167618951,0.06407058760425886,13519,0.34178591292916016
validation,Application + Bureau,Non-thin-file,10:1,0.23,39554,693,34898,1574,2389,0.30569033965593295,0.22485399091499025,0.9426859483238105,0.05731405167618951,0.06407058760425886,25464,0.6437781261060829
validation,Application + Bureau,Non-thin-file,1:1,0.24,39554,645,35070,1402,2437,0.315095261358085,0.20927968851395198,0.9482479648076048,0.051752035192395206,0.0649745380862239,3839,0.09705718764221065
validation,Application + Bureau,Non-thin-file,2:1,0.24,39554,645,35070,1402,2437,0.315095261358085,0.20927968851395198,0.9482479648076048,0.051752035192395206,0.0649745380862239,6276,0.15866916114678667
validation,Application + Bureau,Non-thin-file,5:1,0.24,39554,645,35070,1402,2437,0.315095261358085,0.20927968851395198,0.9482479648076048,0.051752035192395206,0.0649745380862239,13587,0.34350508166051474
validation,Application + Bureau,Non-thin-file,10:1,0.24,39554,645,35070,1402,2437,0.315095261358085,0.20927968851395198,0.9482479648076048,0.051752035192395206,0.0649745380862239,25772,0.6515649491833948
validation,Application + Bureau,Non-thin-file,1:1,0.25,39554,599,35231,1241,2483,0.32554347826086955,0.1943543153796236,0.9534813166809931,0.04651868331900693,0.06583761998196956,3724,0.09414976993477271
validation,Application + Bureau,Non-thin-file,2:1,0.25,39554,599,35231,1241,2483,0.32554347826086955,0.1943543153796236,0.9534813166809931,0.04651868331900693,0.06583761998196956,6207,0.1569247105223239
validation,Application + Bureau,Non-thin-file,5:1,0.25,39554,599,35231,1241,2483,0.32554347826086955,0.1943543153796236,0.9534813166809931,0.04651868331900693,0.06583761998196956,13656,0.3452495322849775
validation,Application + Bureau,Non-thin-file,10:1,0.25,39554,599,35231,1241,2483,0.32554347826086955,0.1943543153796236,0.9534813166809931,0.04651868331900693,0.06583761998196956,26071,0.6591242352227334
validation,Application + Bureau,Non-thin-file,1:1,0.26,39554,564,35374,1098,2518,0.33935018050541516,0.18299805321219986,0.9579814936542448,0.04201850634575517,0.06645202153488863,3616,0.09141932547909187
validation,Application + Bureau,Non-thin-file,2:1,0.26,39554,564,35374,1098,2518,0.33935018050541516,0.18299805321219986,0.9579814936542448,0.04201850634575517,0.06645202153488863,6134,0.15507913232542853
validation,Application + Bureau,Non-thin-file,5:1,0.26,39554,564,35374,1098,2518,0.33935018050541516,0.18299805321219986,0.9579814936542448,0.04201850634575517,0.06645202153488863,13688,0.3460585528644385
validation,Application + Bureau,Non-thin-file,10:1,0.26,39554,564,35374,1098,2518,0.33935018050541516,0.18299805321219986,0.9579814936542448,0.04201850634575517,0.06645202153488863,26278,0.6643575870961218
validation,Application + Bureau,Non-thin-file,1:1,0.27,39554,532,35508,964,2550,0.35561497326203206,0.17261518494484102,0.9621782879101988,0.037821712089801285,0.0670029954280309,3514,0.08884057238205997
validation,Application + Bureau,Non-thin-file,2:1,0.27,39554,532,35508,964,2550,0.35561497326203206,0.17261518494484102,0.9621782879101988,0.037821712089801285,0.0670029954280309,6064,0.1533093998078576
validation,Application + Bureau,Non-thin-file,5:1,0.27,39554,532,35508,964,2550,0.35561497326203206,0.17261518494484102,0.9621782879101988,0.037821712089801285,0.0670029954280309,13714,0.34671588208525056
validation,Application + Bureau,Non-thin-file,10:1,0.27,39554,532,35508,964,2550,0.35561497326203206,0.17261518494484102,0.9621782879101988,0.037821712089801285,0.0670029954280309,26464,0.6690600192142387
validation,Application + Bureau,Non-thin-file,1:1,0.28,39554,503,35619,853,2579,0.37094395280235987,0.16320571057754704,0.9657177529453406,0.03428224705465945,0.06751662390701084,3432,0.08676745714719118
validation,Application + Bureau,Non-thin-file,2:1,0.28,39554,503,35619,853,2579,0.37094395280235987,0.16320571057754704,0.9657177529453406,0.03428224705465945,0.06751662390701084,6011,0.15196945947312535
validation,Application + Bureau,Non-thin-file,5:1,0.28,39554,503,35619,853,2579,0.37094395280235987,0.16320571057754704,0.9657177529453406,0.03428224705465945,0.06751662390701084,13748,0.34757546645092785
validation,Application + Bureau,Non-thin-file,10:1,0.28,39554,503,35619,853,2579,0.37094395280235987,0.16320571057754704,0.9657177529453406,0.03428224705465945,0.06751662390701084,26643,0.6735854780805987
validation,Application + Bureau,Non-thin-file,1:1,0.29,39554,458,35708,764,2624,0.37479541734860883,0.14860480207657364,0.9691055266218335,0.030894473378166556,0.06845455494104143,3388,0.08565505385043232
validation,Application + Bureau,Non-thin-file,2:1,0.29,39554,458,35708,764,2624,0.37479541734860883,0.14860480207657364,0.9691055266218335,0.030894473378166556,0.06845455494104143,6012,0.1519947413662335
validation,Application + Bureau,Non-thin-file,5:1,0.29,39554,458,35708,764,2624,0.37479541734860883,0.14860480207657364,0.9691055266218335,0.030894473378166556,0.06845455494104143,13884,0.35101380391363707
validation,Application + Bureau,Non-thin-file,10:1,0.29,39554,458,35708,764,2624,0.37479541734860883,0.14860480207657364,0.9691055266218335,0.030894473378166556,0.06845455494104143,27004,0.682712241492643
validation,Application + Bureau,Non-thin-file,1:1,0.3,39554,425,35799,673,2657,0.3870673952641166,0.13789746917585982,0.9722404813672447,0.02775951863275522,0.06909194924069066,3330,0.08418870405015928
validation,Application + Bureau,Non-thin-file,2:1,0.3,39554,425,35799,673,2657,0.3870673952641166,0.13789746917585982,0.9722404813672447,0.02775951863275522,0.06909194924069066,5987,0.15136269403852962
validation,Application + Bureau,Non-thin-file,5:1,0.3,39554,425,35799,673,2657,0.3870673952641166,0.13789746917585982,0.9722404813672447,0.02775951863275522,0.06909194924069066,13958,0.3528846640036406
validation,Application + Bureau,Non-thin-file,10:1,0.3,39554,425,35799,673,2657,0.3870673952641166,0.13789746917585982,0.9722404813672447,0.02775951863275522,0.06909194924069066,27243,0.6887546139454922
validation,Application + Bureau,Non-thin-file,1:1,0.31,39554,393,35867,605,2689,0.3937875751503006,0.12751460090850097,0.9747686706780604,0.025231329321939628,0.06974271189957465,3294,0.08327855589826566
validation,Application + Bureau,Non-thin-file,2:1,0.31,39554,393,35867,605,2689,0.3937875751503006,0.12751460090850097,0.9747686706780604,0.025231329321939628,0.06974271189957465,5983,0.15126156646609698
validation,Application + Bureau,Non-thin-file,5:1,0.31,39554,393,35867,605,2689,0.3937875751503006,0.12751460090850097,0.9747686706780604,0.025231329321939628,0.06974271189957465,14050,0.35521059816959094
validation,Application + Bureau,Non-thin-file,10:1,0.31,39554,393,35867,605,2689,0.3937875751503006,0.12751460090850097,0.9747686706780604,0.025231329321939628,0.06974271189957465,27495,0.6951256510087476
validation,Application + Bureau,Non-thin-file,1:1,0.32,39554,354,35945,527,2728,0.4018161180476731,0.11486048020765736,0.9777266521717146,0.022273347828285384,0.07054017014454529,3255,0.08229256206704758
validation,Application + Bureau,Non-thin-file,2:1,0.32,39554,354,35945,527,2728,0.4018161180476731,0.11486048020765736,0.9777266521717146,0.022273347828285384,0.07054017014454529,5983,0.15126156646609698
validation,Application + Bureau,Non-thin-file,5:1,0.32,39554,354,35945,527,2728,0.4018161180476731,0.11486048020765736,0.9777266521717146,0.022273347828285384,0.07054017014454529,14167,0.35816857966324517
validation,Application + Bureau,Non-thin-file,10:1,0.32,39554,354,35945,527,2728,0.4018161180476731,0.11486048020765736,0.9777266521717146,0.022273347828285384,0.07054017014454529,27807,0.7030136016584921
validation,Application + Bureau,Non-thin-file,1:1,0.33,39554,326,36001,471,2756,0.4090338770388959,0.10577547047371837,0.9798503311927997,0.020149668807200285,0.07110973501561009,3227,0.08158466906001921
validation,Application + Bureau,Non-thin-file,2:1,0.33,39554,326,36001,471,2756,0.4090338770388959,0.10577547047371837,0.9798503311927997,0.020149668807200285,0.07110973501561009,5983,0.15126156646609698
validation,Application + Bureau,Non-thin-file,5:1,0.33,39554,326,36001,471,2756,0.4090338770388959,0.10577547047371837,0.9798503311927997,0.020149668807200285,0.07110973501561009,14251,0.3602922586843303
validation,Application + Bureau,Non-thin-file,10:1,0.33,39554,326,36001,471,2756,0.4090338770388959,0.10577547047371837,0.9798503311927997,0.020149668807200285,0.07110973501561009,28031,0.7086767457147192
validation,Application + Bureau,Non-thin-file,1:1,0.34,39554,302,36070,402,2780,0.4289772727272727,0.09798831927319922,0.9822015472518583,0.01779845274814178,0.07155727155727155,3182,0.0804469838701522
validation,Application + Bureau,Non-thin-file,2:1,0.34,39554,302,36070,402,2780,0.4289772727272727,0.09798831927319922,0.9822015472518583,0.01779845274814178,0.07155727155727155,5962,0.1507306467108257
validation,Application + Bureau,Non-thin-file,5:1,0.34,39554,302,36070,402,2780,0.4289772727272727,0.09798831927319922,0.9822015472518583,0.01779845274814178,0.07155727155727155,14302,0.36158163523284625
validation,Application + Bureau,Non-thin-file,10:1,0.34,39554,302,36070,402,2780,0.4289772727272727,0.09798831927319922,0.9822015472518583,0.01779845274814178,0.07155727155727155,28202,0.7129999494362138
validation,Application + Bureau,Non-thin-file,1:1,0.35,39554,282,36123,349,2800,0.4469096671949287,0.09149902660609993,0.9840471254487536,0.015952874551246398,0.07193690106106929,3149,0.07961268139758305
validation,Application + Bureau,Non-thin-file,2:1,0.35,39554,282,36123,349,2800,0.4469096671949287,0.09149902660609993,0.9840471254487536,0.015952874551246398,0.07193690106106929,5949,0.1504019821004197
validation,Application + Bureau,Non-thin-file,5:1,0.35,39554,282,36123,349,2800,0.4469096671949287,0.09149902660609993,0.9840471254487536,0.015952874551246398,0.07193690106106929,14349,0.3627698842089296
validation,Application + Bureau,Non-thin-file,10:1,0.35,39554,282,36123,349,2800,0.4469096671949287,0.09149902660609993,0.9840471254487536,0.015952874551246398,0.07193690106106929,28349,0.7167163877231127
validation,Application + Bureau,Non-thin-file,1:1,0.36,39554,261,36172,300,2821,0.46524064171123,0.08468526930564568,0.9858168579663246,0.014183142033675482,0.07234631856999975,3121,0.07890478839055469
validation,Application + Bureau,Non-thin-file,2:1,0.36,39554,261,36172,300,2821,0.46524064171123,0.08468526930564568,0.9858168579663246,0.014183142033675482,0.07234631856999975,5942,0.15022500884866258
validation,Application + Bureau,Non-thin-file,5:1,0.36,39554,261,36172,300,2821,0.46524064171123,0.08468526930564568,0.9858168579663246,0.014183142033675482,0.07234631856999975,14405,0.3641856702229863
validation,Application + Bureau,Non-thin-file,10:1,0.36,39554,261,36172,300,2821,0.46524064171123,0.08468526930564568,0.9858168579663246,0.014183142033675482,0.07234631856999975,28510,0.7207867725135259
validation,Application + Bureau,Non-thin-file,1:1,0.37,39554,244,36207,265,2838,0.4793713163064833,0.0791693705386113,0.9871315164079486,0.012868483592051373,0.0726853630426431,3103,0.07844971431460787
validation,Application + Bureau,Non-thin-file,2:1,0.37,39554,244,36207,265,2838,0.4793713163064833,0.0791693705386113,0.9871315164079486,0.012868483592051373,0.0726853630426431,5941,0.15019972695555442
validation,Application + Bureau,Non-thin-file,5:1,0.37,39554,244,36207,265,2838,0.4793713163064833,0.0791693705386113,0.9871315164079486,0.012868483592051373,0.0726853630426431,14455,0.3654497648783941
validation,Application + Bureau,Non-thin-file,10:1,0.37,39554,244,36207,265,2838,0.4793713163064833,0.0791693705386113,0.9871315164079486,0.012868483592051373,0.0726853630426431,28645,0.7241998280831269
validation,Application + Bureau,Non-thin-file,1:1,0.38,39554,222,36250,222,2860,0.5,0.07203114860480207,0.9887748394599788,0.011225160540021237,0.07312707747379187,3082,0.0779187945593366
validation,Application + Bureau,Non-thin-file,2:1,0.38,39554,222,36250,222,2860,0.5,0.07203114860480207,0.9887748394599788,0.011225160540021237,0.07312707747379187,5942,0.15022500884866258
validation,Application + Bureau,Non-thin-file,5:1,0.38,39554,222,36250,222,2860,0.5,0.07203114860480207,0.9887748394599788,0.011225160540021237,0.07312707747379187,14522,0.36714365171664054
validation,Application + Bureau,Non-thin-file,10:1,0.38,39554,222,36250,222,2860,0.5,0.07203114860480207,0.9887748394599788,0.011225160540021237,0.07312707747379187,28822,0.7286747231632704
validation,Application + Bureau,Non-thin-file,1:1,0.39,39554,195,36277,195,2887,0.5,0.06327060350421804,0.9901400616878192,0.009859938312180816,0.07371565723623737,3082,0.0779187945593366
validation,Application + Bureau,Non-thin-file,2:1,0.39,39554,195,36277,195,2887,0.5,0.06327060350421804,0.9901400616878192,0.009859938312180816,0.07371565723623737,5969,0.1509076199625828
validation,Application + Bureau,Non-thin-file,5:1,0.39,39554,195,36277,195,2887,0.5,0.06327060350421804,0.9901400616878192,0.009859938312180816,0.07371565723623737,14630,0.36987409617232136
validation,Application + Bureau,Non-thin-file,10:1,0.39,39554,195,36277,195,2887,0.5,0.06327060350421804,0.9901400616878192,0.009859938312180816,0.07371565723623737,29065,0.7348182231885524
validation,Application + Bureau,Non-thin-file,1:1,0.4,39554,180,36308,164,2902,0.5232558139534884,0.058403634003893576,0.9913030287707943,0.008696971229205644,0.07401173170109666,3066,0.0775142842696061
validation,Application + Bureau,Non-thin-file,2:1,0.4,39554,180,36308,164,2902,0.5232558139534884,0.058403634003893576,0.9913030287707943,0.008696971229205644,0.07401173170109666,5968,0.15088233806947465
validation,Application + Bureau,Non-thin-file,5:1,0.4,39554,180,36308,164,2902,0.5232558139534884,0.058403634003893576,0.9913030287707943,0.008696971229205644,0.07401173170109666,14674,0.37098649946908024
validation,Application + Bureau,Non-thin-file,10:1,0.4,39554,180,36308,164,2902,0.5232558139534884,0.058403634003893576,0.9913030287707943,0.008696971229205644,0.07401173170109666,29184,0.7378267684684229
validation,Application + Bureau,Non-thin-file,1:1,0.41,39554,156,36322,150,2926,0.5098039215686274,0.050616482803374434,0.9922637407089043,0.0077362592910957175,0.07455156950672645,3076,0.07776710320068767
validation,Application + Bureau,Non-thin-file,2:1,0.41,39554,156,36322,150,2926,0.5098039215686274,0.050616482803374434,0.9922637407089043,0.0077362592910957175,0.07455156950672645,6002,0.15174192243515194
validation,Application + Bureau,Non-thin-file,5:1,0.41,39554,156,36322,150,2926,0.5098039215686274,0.050616482803374434,0.9922637407089043,0.0077362592910957175,0.07455156950672645,14780,0.37366638013854475
validation,Application + Bureau,Non-thin-file,10:1,0.41,39554,156,36322,150,2926,0.5098039215686274,0.050616482803374434,0.9922637407089043,0.0077362592910957175,0.07455156950672645,29410,0.7435404763108662
validation,Application + Bureau,Non-thin-file,1:1,0.42,39554,145,36348,124,2937,0.5390334572490706,0.04704737183646982,0.9931991707539061,0.006800829246093948,0.07476135929744177,3061,0.07738787480406532
validation,Application + Bureau,Non-thin-file,2:1,0.42,39554,145,36348,124,2937,0.5390334572490706,0.04704737183646982,0.9931991707539061,0.006800829246093948,0.07476135929744177,5998,0.1516407948627193
validation,Application + Bureau,Non-thin-file,5:1,0.42,39554,145,36348,124,2937,0.5390334572490706,0.04704737183646982,0.9931991707539061,0.006800829246093948,0.07476135929744177,14809,0.3743995550386813
validation,Application + Bureau,Non-thin-file,10:1,0.42,39554,145,36348,124,2937,0.5390334572490706,0.04704737183646982,0.9931991707539061,0.006800829246093948,0.07476135929744177,29494,0.7456641553319513
validation,Application + Bureau,Non-thin-file,1:1,0.43,39554,132,36368,104,2950,0.559322033898305,0.04282933160285529,0.9940334732264752,0.005966526773524801,0.07502924869016735,3054,0.07721090155230824
validation,Application + Bureau,Non-thin-file,2:1,0.43,39554,132,36368,104,2950,0.559322033898305,0.04282933160285529,0.9940334732264752,0.005966526773524801,0.07502924869016735,6004,0.15179248622136826
validation,Application + Bureau,Non-thin-file,5:1,0.43,39554,132,36368,104,2950,0.559322033898305,0.04282933160285529,0.9940334732264752,0.005966526773524801,0.07502924869016735,14854,0.37553724022854834
validation,Application + Bureau,Non-thin-file,10:1,0.43,39554,132,36368,104,2950,0.559322033898305,0.04282933160285529,0.9940334732264752,0.005966526773524801,0.07502924869016735,29604,0.7484451635738484
validation,Application + Bureau,Non-thin-file,1:1,0.44,39554,121,36384,88,2961,0.5789473684210527,0.03926022063595068,0.9947160843403954,0.005283915659604592,0.07525733892489515,3049,0.07708449208676746
validation,Application + Bureau,Non-thin-file,2:1,0.44,39554,121,36384,88,2961,0.5789473684210527,0.03926022063595068,0.9947160843403954,0.005283915659604592,0.07525733892489515,6010,0.1519441775800172
validation,Application + Bureau,Non-thin-file,5:1,0.44,39554,121,36384,88,2961,0.5789473684210527,0.03926022063595068,0.9947160843403954,0.005283915659604592,0.07525733892489515,14893,0.3765232340597664
validation,Application + Bureau,Non-thin-file,10:1,0.44,39554,121,36384,88,2961,0.5789473684210527,0.03926022063595068,0.9947160843403954,0.005283915659604592,0.07525733892489515,29698,0.750821661526015
validation,Application + Bureau,Non-thin-file,1:1,0.45,39554,108,36396,76,2974,0.5869565217391305,0.03504218040233614,0.9953481316680993,0.004651868331900693,0.07553975107950216,3050,0.07710977397987562
validation,Application + Bureau,Non-thin-file,2:1,0.45,39554,108,36396,76,2974,0.5869565217391305,0.03504218040233614,0.9953481316680993,0.004651868331900693,0.07553975107950216,6024,0.15229812408353138
validation,Application + Bureau,Non-thin-file,5:1,0.45,39554,108,36396,76,2974,0.5869565217391305,0.03504218040233614,0.9953481316680993,0.004651868331900693,0.07553975107950216,14946,0.3778631743944987
validation,Application + Bureau,Non-thin-file,10:1,0.45,39554,108,36396,76,2974,0.5869565217391305,0.03504218040233614,0.9953481316680993,0.004651868331900693,0.07553975107950216,29816,0.7538049249127775
validation,Application + Bureau,Non-thin-file,1:1,0.46,39554,98,36403,69,2984,0.5868263473053892,0.0317975340687865,0.995777923850938,0.004222076149062042,0.07576103790590805,3053,0.07718561965920008
validation,Application + Bureau,Non-thin-file,2:1,0.46,39554,98,36403,69,2984,0.5868263473053892,0.0317975340687865,0.995777923850938,0.004222076149062042,0.07576103790590805,6037,0.1526267886939374
validation,Application + Bureau,Non-thin-file,5:1,0.46,39554,98,36403,69,2984,0.5868263473053892,0.0317975340687865,0.995777923850938,0.004222076149062042,0.07576103790590805,14989,0.3789502957981494
validation,Application + Bureau,Non-thin-file,10:1,0.46,39554,98,36403,69,2984,0.5868263473053892,0.0317975340687865,0.995777923850938,0.004222076149062042,0.07576103790590805,29909,0.7561561409718359
validation,Application + Bureau,Non-thin-file,1:1,0.47,39554,83,36412,60,2999,0.5804195804195804,0.02693056456846204,0.9963846892855337,0.003615310714466299,0.07609550633071985,3059,0.07733731101784902
validation,Application + Bureau,Non-thin-file,2:1,0.47,39554,83,36412,60,2999,0.5804195804195804,0.02693056456846204,0.9963846892855337,0.003615310714466299,0.07609550633071985,6058,0.15315770844920867
validation,Application + Bureau,Non-thin-file,5:1,0.47,39554,83,36412,60,2999,0.5804195804195804,0.02693056456846204,0.9963846892855337,0.003615310714466299,0.07609550633071985,15055,0.38061890074328764
validation,Application + Bureau,Non-thin-file,10:1,0.47,39554,83,36412,60,2999,0.5804195804195804,0.02693056456846204,0.9963846892855337,0.003615310714466299,0.07609550633071985,30050,0.759720887900086
validation,Application + Bureau,Non-thin-file,1:1,0.48,39554,74,36418,54,3008,0.578125,0.024010382868267358,0.996763917682156,0.0032360823178439603,0.0762948308223,3062,0.07741315669717348
validation,Application + Bureau,Non-thin-file,2:1,0.48,39554,74,36418,54,3008,0.578125,0.024010382868267358,0.996763917682156,0.0032360823178439603,0.0762948308223,6070,0.15346109116650655
validation,Application + Bureau,Non-thin-file,5:1,0.48,39554,74,36418,54,3008,0.578125,0.024010382868267358,0.996763917682156,0.0032360823178439603,0.0762948308223,15094,0.38160489457450575
validation,Application + Bureau,Non-thin-file,10:1,0.48,39554,74,36418,54,3008,0.578125,0.024010382868267358,0.996763917682156,0.0032360823178439603,0.0762948308223,30134,0.7618445669211711
validation,Application + Bureau,Non-thin-file,1:1,0.49,39554,64,36422,50,3018,0.5614035087719298,0.020765736534717714,0.9971178641856703,0.002882135814329777,0.07652129817444218,3068,0.07756484805582242
validation,Application + Bureau,Non-thin-file,2:1,0.49,39554,64,36422,50,3018,0.5614035087719298,0.020765736534717714,0.9971178641856703,0.002882135814329777,0.07652129817444218,6086,0.15386560145623704
validation,Application + Bureau,Non-thin-file,5:1,0.49,39554,64,36422,50,3018,0.5614035087719298,0.020765736534717714,0.9971178641856703,0.002882135814329777,0.07652129817444218,15140,0.3827678616574809
validation,Application + Bureau,Non-thin-file,10:1,0.49,39554,64,36422,50,3018,0.5614035087719298,0.020765736534717714,0.9971178641856703,0.002882135814329777,0.07652129817444218,30230,0.764271628659554
validation,Application + Bureau,Non-thin-file,1:1,0.5,39554,54,36431,41,3028,0.5684210526315789,0.01752109020116807,0.9975982201547252,0.0024017798452748143,0.0767378798246281,3069,0.07759012994893058
validation,Application + Bureau,Non-thin-file,2:1,0.5,39554,54,36431,41,3028,0.5684210526315789,0.01752109020116807,0.9975982201547252,0.0024017798452748143,0.0767378798246281,6097,0.15414370228042676
validation,Application + Bureau,Non-thin-file,5:1,0.5,39554,54,36431,41,3028,0.5684210526315789,0.01752109020116807,0.9975982201547252,0.0024017798452748143,0.0767378798246281,15181,0.3838044192749153
validation,Application + Bureau,Non-thin-file,10:1,0.5,39554,54,36431,41,3028,0.5684210526315789,0.01752109020116807,0.9975982201547252,0.0024017798452748143,0.0767378798246281,30321,0.7665722809323963
validation,Application + Bureau + Alternative,Overall,1:1,0.01,46127,3720,603,41800,4,0.08172231985940245,0.9989258861439313,0.013159321005051272,0.9868406789949488,0.006589785831960461,41804,0.9062804864829709
validation,Application + Bureau + Alternative,Overall,2:1,0.01,46127,3720,603,41800,4,0.08172231985940245,0.9989258861439313,0.013159321005051272,0.9868406789949488,0.006589785831960461,41808,0.9063672035900883
validation,Application + Bureau + Alternative,Overall,5:1,0.01,46127,3720,603,41800,4,0.08172231985940245,0.9989258861439313,0.013159321005051272,0.9868406789949488,0.006589785831960461,41820,0.9066273549114402
validation,Application + Bureau + Alternative,Overall,10:1,0.01,46127,3720,603,41800,4,0.08172231985940245,0.9989258861439313,0.013159321005051272,0.9868406789949488,0.006589785831960461,41840,0.9070609404470267
validation,Application + Bureau + Alternative,Overall,1:1,0.02,46127,3653,5636,36767,71,0.09037605145967342,0.9809344790547798,0.12372363257961715,0.8762763674203828,0.01244086209917645,36838,0.7986211979968348
validation,Application + Bureau + Alternative,Overall,2:1,0.02,46127,3653,5636,36767,71,0.09037605145967342,0.9809344790547798,0.12372363257961715,0.8762763674203828,0.01244086209917645,36909,0.800160426648167
validation,Application + Bureau + Alternative,Overall,5:1,0.02,46127,3653,5636,36767,71,0.09037605145967342,0.9809344790547798,0.12372363257961715,0.8762763674203828,0.01244086209917645,37122,0.8047781126021636
validation,Application + Bureau + Alternative,Overall,10:1,0.02,46127,3653,5636,36767,71,0.09037605145967342,0.9809344790547798,0.12372363257961715,0.8762763674203828,0.01244086209917645,37477,0.8124742558588246
validation,Application + Bureau + Alternative,Overall,1:1,0.03,46127,3476,11999,30404,248,0.1025974025974026,0.9334049409237379,0.2655061027164134,0.7344938972835866,0.02024985710786315,30652,0.6645131918399202
validation,Application + Bureau + Alternative,Overall,2:1,0.03,46127,3476,11999,30404,248,0.1025974025974026,0.9334049409237379,0.2655061027164134,0.7344938972835866,0.02024985710786315,30900,0.6698896524811933
validation,Application + Bureau + Alternative,Overall,5:1,0.03,46127,3476,11999,30404,248,0.1025974025974026,0.9334049409237379,0.2655061027164134,0.7344938972835866,0.02024985710786315,31644,0.6860190344050122
validation,Application + Bureau + Alternative,Overall,10:1,0.03,46127,3476,11999,30404,248,0.1025974025974026,0.9334049409237379,0.2655061027164134,0.7344938972835866,0.02024985710786315,32884,0.7129013376113773
validation,Application + Bureau + Alternative,Overall,1:1,0.04,46127,3301,17389,25014,423,0.1165813173229737,0.8864124597207304,0.3861512779933661,0.6138487220066339,0.023748035032562318,25437,0.5514557634357318
validation,Application + Bureau + Alternative,Overall,2:1,0.04,46127,3301,17389,25014,423,0.1165813173229737,0.8864124597207304,0.3861512779933661,0.6138487220066339,0.023748035032562318,25860,0.560626097513387
validation,Application + Bureau + Alternative,Overall,5:1,0.04,46127,3301,17389,25014,423,0.1165813173229737,0.8864124597207304,0.3861512779933661,0.6138487220066339,0.023748035032562318,27129,0.5881370997463524
validation,Application + Bureau + Alternative,Overall,10:1,0.04,46127,3301,17389,25014,423,0.1165813173229737,0.8864124597207304,0.3861512779933661,0.6138487220066339,0.023748035032562318,29244,0.6339887701346283
validation,Application + Bureau + Alternative,Overall,1:1,0.05,46127,3082,21804,20599,642,0.13014653097419873,0.8276047261009667,0.4866130465887658,0.5133869534112342,0.028601978080727078,21241,0.4604895180696772
validation,Application + Bureau + Alternative,Overall,2:1,0.05,46127,3082,21804,20599,642,0.13014653097419873,0.8276047261009667,0.4866130465887658,0.5133869534112342,0.028601978080727078,21883,0.4744076137620049
validation,Application + Bureau + Alternative,Overall,5:1,0.05,46127,3082,21804,20599,642,0.13014653097419873,0.8276047261009667,0.4866130465887658,0.5133869534112342,0.028601978080727078,23809,0.516161900838988
validation,Application + Bureau + Alternative,Overall,10:1,0.05,46127,3082,21804,20599,642,0.13014653097419873,0.8276047261009667,0.4866130465887658,0.5133869534112342,0.028601978080727078,27019,0.5857523793006265
validation,Application + Bureau + Alternative,Overall,1:1,0.06,46127,2900,25094,17309,824,0.14350042060468107,0.7787325456498388,0.5618834955665879,0.4381165044334121,0.03179257658769967,18133,0.39311032583953
validation,Application + Bureau + Alternative,Overall,2:1,0.06,46127,2900,25094,17309,824,0.14350042060468107,0.7787325456498388,0.5618834955665879,0.4381165044334121,0.03179257658769967,18957,0.41097404990569514
validation,Application + Bureau + Alternative,Overall,5:1,0.06,46127,2900,25094,17309,824,0.14350042060468107,0.7787325456498388,0.5618834955665879,0.4381165044334121,0.03179257658769967,21429,0.4645652221041906
validation,Application + Bureau + Alternative,Overall,10:1,0.06,46127,2900,25094,17309,824,0.14350042060468107,0.7787325456498388,0.5618834955665879,0.4381165044334121,0.03179257658769967,25549,0.5538838424350163
validation,Application + Bureau + Alternative,Overall,1:1,0.07,46127,2711,27773,14630,1013,0.1563346981142956,0.7279806659505907,0.6240596613696967,0.3759403386303033,0.03519071770999792,15643,0.3391289266590067
validation,Application + Bureau + Alternative,Overall,2:1,0.07,46127,2711,27773,14630,1013,0.1563346981142956,0.7279806659505907,0.6240596613696967,0.3759403386303033,0.03519071770999792,16656,0.36109003403646456
validation,Application + Bureau + Alternative,Overall,5:1,0.07,46127,2711,27773,14630,1013,0.1563346981142956,0.7279806659505907,0.6240596613696967,0.3759403386303033,0.03519071770999792,19695,0.4269733561688382
validation,Application + Bureau + Alternative,Overall,10:1,0.07,46127,2711,27773,14630,1013,0.1563346981142956,0.7279806659505907,0.6240596613696967,0.3759403386303033,0.03519071770999792,24760,0.5367788930561277
validation,Application + Bureau + Alternative,Overall,1:1,0.08,46127,2533,29884,12519,1191,0.1682832846133404,0.6801825993555317,0.6736835259175754,0.3263164740824246,0.0383266291230893,13710,0.29722288464456825
validation,Application + Bureau + Alternative,Overall,2:1,0.08,46127,2533,29884,12519,1191,0.1682832846133404,0.6801825993555317,0.6736835259175754,0.3263164740824246,0.0383266291230893,14901,0.3230429032887463
validation,Application + Bureau + Alternative,Overall,5:1,0.08,46127,2533,29884,12519,1191,0.1682832846133404,0.6801825993555317,0.6736835259175754,0.3263164740824246,0.0383266291230893,18474,0.4005029592212804
validation,Application + Bureau + Alternative,Overall,10:1,0.08,46127,2533,29884,12519,1191,0.1682832846133404,0.6801825993555317,0.6736835259175754,0.3263164740824246,0.0383266291230893,24429,0.5296030524421705
validation,Application + Bureau + Alternative,Overall,1:1,0.09,46127,2361,31588,10815,1363,0.17918943533697632,0.6339957035445757,0.7143538491555922,0.2856461508444078,0.041364450244302145,12178,0.2640102326186398
validation,Application + Bureau + Alternative,Overall,2:1,0.09,46127,2361,31588,10815,1363,0.17918943533697632,0.6339957035445757,0.7143538491555922,0.2856461508444078,0.041364450244302145,13541,0.29355908686886206
validation,Application + Bureau + Alternative,Overall,5:1,0.09,46127,2361,31588,10815,1363,0.17918943533697632,0.6339957035445757,0.7143538491555922,0.2856461508444078,0.041364450244302145,17630,0.3822056496195287
validation,Application + Bureau + Alternative,Overall,10:1,0.09,46127,2361,31588,10815,1363,0.17918943533697632,0.6339957035445757,0.7143538491555922,0.2856461508444078,0.041364450244302145,24445,0.5299499208706397
validation,Application + Bureau + Alternative,Overall,1:1,0.1,46127,2215,32984,9419,1509,0.19039023551658932,0.5947905477980666,0.7477832939493139,0.25221670605068613,0.04374800684196794,10928,0.23691113664448155
validation,Application + Bureau + Alternative,Overall,2:1,0.1,46127,2215,32984,9419,1509,0.19039023551658932,0.5947905477980666,0.7477832939493139,0.25221670605068613,0.04374800684196794,12437,0.26962516530448544
validation,Application + Bureau + Alternative,Overall,5:1,0.1,46127,2215,32984,9419,1509,0.19039023551658932,0.5947905477980666,0.7477832939493139,0.25221670605068613,0.04374800684196794,16964,0.36776725128449717
validation,Application + Bureau + Alternative,Overall,10:1,0.1,46127,2215,32984,9419,1509,0.19039023551658932,0.5947905477980666,0.7477832939493139,0.25221670605068613,0.04374800684196794,24509,0.5313373945845167
validation,Application + Bureau + Alternative,Overall,1:1,0.11,46127,2059,34192,8211,1665,0.20048685491723467,0.5529001074113856,0.7773538274763154,0.2226461725236846,0.046434447946007755,9876,0.21410453747262992
validation,Application + Bureau + Alternative,Overall,2:1,0.11,46127,2059,34192,8211,1665,0.20048685491723467,0.5529001074113856,0.7773538274763154,0.2226461725236846,0.046434447946007755,11541,0.25020053331020875
validation,Application + Bureau + Alternative,Overall,5:1,0.11,46127,2059,34192,8211,1665,0.20048685491723467,0.5529001074113856,0.7773538274763154,0.2226461725236846,0.046434447946007755,16536,0.35848852082294536
validation,Application + Bureau + Alternative,Overall,10:1,0.11,46127,2059,34192,8211,1665,0.20048685491723467,0.5529001074113856,0.7773538274763154,0.2226461725236846,0.046434447946007755,24861,0.5389685000108396
validation,Application + Bureau + Alternative,Overall,1:1,0.12,46127,1923,35197,7206,1801,0.21064738744659875,0.5163802363050484,0.8020898822815271,0.19791011771847292,0.04867830693551003,9007,0.19526524595139505
validation,Application + Bureau + Alternative,Overall,2:1,0.12,46127,1923,35197,7206,1801,0.21064738744659875,0.5163802363050484,0.8020898822815271,0.19791011771847292,0.04867830693551003,10808,0.23430962343096234
validation,Application + Bureau + Alternative,Overall,5:1,0.12,46127,1923,35197,7206,1801,0.21064738744659875,0.5163802363050484,0.8020898822815271,0.19791011771847292,0.04867830693551003,16211,0.35144275586966417
validation,Application + Bureau + Alternative,Overall,10:1,0.12,46127,1923,35197,7206,1801,0.21064738744659875,0.5163802363050484,0.8020898822815271,0.19791011771847292,0.04867830693551003,25216,0.5466646432675006
validation,Application + Bureau + Alternative,Overall,1:1,0.13,46127,1808,36099,6304,1916,0.22287968441814596,0.48549946294307195,0.8241377067661023,0.1758622932338977,0.05040115743785348,8220,0.178203655126065
validation,Application + Bureau + Alternative,Overall,2:1,0.13,46127,1808,36099,6304,1916,0.22287968441814596,0.48549946294307195,0.8241377067661023,0.1758622932338977,0.05040115743785348,10136,0.21974114943525483
validation,Application + Bureau + Alternative,Overall,5:1,0.13,46127,1808,36099,6304,1916,0.22287968441814596,0.48549946294307195,0.8241377067661023,0.1758622932338977,0.05040115743785348,15884,0.3443536323628244
validation,Application + Bureau + Alternative,Overall,10:1,0.13,46127,1808,36099,6304,1916,0.22287968441814596,0.48549946294307195,0.8241377067661023,0.1758622932338977,0.05040115743785348,25464,0.5520411039087736
validation,Application + Bureau + Alternative,Overall,1:1,0.14,46127,1695,36826,5577,2029,0.2330858085808581,0.45515574650913,0.8423482992607366,0.15765170073926335,0.05221979153262128,7606,0.16489257918355843
validation,Application + Bureau + Alternative,Overall,2:1,0.14,46127,1695,36826,5577,2029,0.2330858085808581,0.45515574650913,0.8423482992607366,0.15765170073926335,0.05221979153262128,9635,0.2088798317688122
validation,Application + Bureau + Alternative,Overall,5:1,0.14,46127,1695,36826,5577,2029,0.2330858085808581,0.45515574650913,0.8423482992607366,0.15765170073926335,0.05221979153262128,15722,0.34084158952457344
validation,Application + Bureau + Alternative,Overall,10:1,0.14,46127,1695,36826,5577,2029,0.2330858085808581,0.45515574650913,0.8423482992607366,0.15765170073926335,0.05221979153262128,25867,0.5607778524508422
validation,Application + Bureau + Alternative,Overall,1:1,0.15,46127,1581,37492,4911,2143,0.24353049907578558,0.42454350161117077,0.8592581351486115,0.14074186485138857,0.054068373911946514,7054,0.15292561840137012
validation,Application + Bureau + Alternative,Overall,2:1,0.15,46127,1581,37492,4911,2143,0.24353049907578558,0.42454350161117077,0.8592581351486115,0.14074186485138857,0.054068373911946514,9197,0.19938430853946712
validation,Application + Bureau + Alternative,Overall,5:1,0.15,46127,1581,37492,4911,2143,0.24353049907578558,0.42454350161117077,0.8592581351486115,0.14074186485138857,0.054068373911946514,15626,0.3387603789537581
validation,Application + Bureau + Alternative,Overall,10:1,0.15,46127,1581,37492,4911,2143,0.24353049907578558,0.42454350161117077,0.8592581351486115,0.14074186485138857,0.054068373911946514,26341,0.5710538296442431
validation,Application + Bureau + Alternative,Overall,1:1,0.16,46127,1466,38042,4361,2258,0.25158743778960013,0.3936627282491944,0.8736748542068636,0.12632514579313633,0.05602977667493796,6619,0.14349513300236305
validation,Application + Bureau + Alternative,Overall,2:1,0.16,46127,1466,38042,4361,2258,0.25158743778960013,0.3936627282491944,0.8736748542068636,0.12632514579313633,0.05602977667493796,8877,0.1924469399700826
validation,Application + Bureau + Alternative,Overall,5:1,0.16,46127,1466,38042,4361,2258,0.25158743778960013,0.3936627282491944,0.8736748542068636,0.12632514579313633,0.05602977667493796,15651,0.3393023608732413
validation,Application + Bureau + Alternative,Overall,10:1,0.16,46127,1466,38042,4361,2258,0.25158743778960013,0.3936627282491944,0.8736748542068636,0.12632514579313633,0.05602977667493796,26941,0.584061395711839
validation,Application + Bureau + Alternative,Overall,1:1,0.17,46127,1371,38532,3871,2353,0.2615413964135826,0.3681525241675618,0.8863572311227698,0.11364276887723025,0.0575516693163752,6224,0.13493181867452902
validation,Application + Bureau + Alternative,Overall,2:1,0.17,46127,1371,38532,3871,2353,0.2615413964135826,0.3681525241675618,0.8863572311227698,0.11364276887723025,0.0575516693163752,8577,0.1859431569362846
validation,Application + Bureau + Alternative,Overall,5:1,0.17,46127,1371,38532,3871,2353,0.2615413964135826,0.3681525241675618,0.8863572311227698,0.11364276887723025,0.0575516693163752,15636,0.3389771717215514
validation,Application + Bureau + Alternative,Overall,10:1,0.17,46127,1371,38532,3871,2353,0.2615413964135826,0.3681525241675618,0.8863572311227698,0.11364276887723025,0.0575516693163752,27401,0.5940338630303293
validation,Application + Bureau + Alternative,Overall,1:1,0.18,46127,1278,38919,3484,2446,0.26837463250734983,0.3431793770139635,0.8967632839768466,0.10323671602315347,0.05913211652363109,5930,0.12855811130140699
validation,Application + Bureau + Alternative,Overall,2:1,0.18,46127,1278,38919,3484,2446,0.26837463250734983,0.3431793770139635,0.8967632839768466,0.10323671602315347,0.05913211652363109,8376,0.18158562230363995
validation,Application + Bureau + Alternative,Overall,5:1,0.18,46127,1278,38919,3484,2446,0.26837463250734983,0.3431793770139635,0.8967632839768466,0.10323671602315347,0.05913211652363109,15714,0.34066815531033884
validation,Application + Bureau + Alternative,Overall,10:1,0.18,46127,1278,38919,3484,2446,0.26837463250734983,0.3431793770139635,0.8967632839768466,0.10323671602315347,0.05913211652363109,27944,0.6058057103215037
validation,Application + Bureau + Alternative,Overall,1:1,0.19,46127,1206,39301,3102,2518,0.2799442896935933,0.3238453276047261,0.9066056756346609,0.09339432436533918,0.060211865420024394,5620,0.12183753549981573
validation,Application + Bureau + Alternative,Overall,2:1,0.19,46127,1206,39301,3102,2518,0.2799442896935933,0.3238453276047261,0.9066056756346609,0.09339432436533918,0.060211865420024394,8138,0.1764259544301602
validation,Application + Bureau + Alternative,Overall,5:1,0.19,46127,1206,39301,3102,2518,0.2799442896935933,0.3238453276047261,0.9066056756346609,0.09339432436533918,0.060211865420024394,15692,0.34019121122119367
validation,Application + Bureau + Alternative,Overall,10:1,0.19,46127,1206,39301,3102,2518,0.2799442896935933,0.3238453276047261,0.9066056756346609,0.09339432436533918,0.060211865420024394,28282,0.613133305872916
validation,Application + Bureau + Alternative,Overall,1:1,0.2,46127,1120,39637,2766,2604,0.28821410190427177,0.3007518796992481,0.9157543304355367,0.08424566956446333,0.06164626784403778,5370,0.11641771630498407
validation,Application + Bureau + Alternative,Overall,2:1,0.2,46127,1120,39637,2766,2604,0.28821410190427177,0.3007518796992481,0.9157543304355367,0.08424566956446333,0.06164626784403778,7974,0.17287055303835064
validation,Application + Bureau + Alternative,Overall,5:1,0.2,46127,1120,39637,2766,2604,0.28821410190427177,0.3007518796992481,0.9157543304355367,0.08424566956446333,0.06164626784403778,15786,0.34222906323845037
validation,Application + Bureau + Alternative,Overall,10:1,0.2,46127,1120,39637,2766,2604,0.28821410190427177,0.3007518796992481,0.9157543304355367,0.08424566956446333,0.06164626784403778,28806,0.6244932469052833
validation,Application + Bureau + Alternative,Overall,1:1,0.21,46127,1029,39952,2451,2695,0.2956896551724138,0.27631578947368424,0.9245561168079433,0.07544388319205671,0.0631931906112974,5146,0.1115615583064149
validation,Application + Bureau + Alternative,Overall,2:1,0.21,46127,1029,39952,2451,2695,0.2956896551724138,0.27631578947368424,0.9245561168079433,0.07544388319205671,0.0631931906112974,7841,0.1699872092267002
validation,Application + Bureau + Alternative,Overall,5:1,0.21,46127,1029,39952,2451,2695,0.2956896551724138,0.27631578947368424,0.9245561168079433,0.07544388319205671,0.0631931906112974,15926,0.3452641619875561
validation,Application + Bureau + Alternative,Overall,10:1,0.21,46127,1029,39952,2451,2695,0.2956896551724138,0.27631578947368424,0.9245561168079433,0.07544388319205671,0.0631931906112974,29401,0.6373924165889826
validation,Application + Bureau + Alternative,Overall,1:1,0.22,46127,967,40221,2182,2757,0.307081613210543,0.25966702470461867,0.9317319574219004,0.0682680425780996,0.06414909953929918,4939,0.10707394801309428
validation,Application + Bureau + Alternative,Overall,2:1,0.22,46127,967,40221,2182,2757,0.307081613210543,0.25966702470461867,0.9317319574219004,0.0682680425780996,0.06414909953929918,7696,0.16684371409369783
validation,Application + Bureau + Alternative,Overall,5:1,0.22,46127,967,40221,2182,2757,0.307081613210543,0.25966702470461867,0.9317319574219004,0.0682680425780996,0.06414909953929918,15967,0.3461530123355085
validation,Application + Bureau + Alternative,Overall,10:1,0.22,46127,967,40221,2182,2757,0.307081613210543,0.25966702470461867,0.9317319574219004,0.0682680425780996,0.06414909953929918,29752,0.6450018427385262
validation,Application + Bureau + Alternative,Overall,1:1,0.23,46127,891,40441,1962,2833,0.31230283911671924,0.23925886143931258,0.9381490233485811,0.06185097665141891,0.06546656190784304,4795,0.10395213215687124
validation,Application + Bureau + Alternative,Overall,2:1,0.23,46127,891,40441,1962,2833,0.31230283911671924,0.23925886143931258,0.9381490233485811,0.06185097665141891,0.06546656190784304,7628,0.16536952327270363
validation,Application + Bureau + Alternative,Overall,5:1,0.23,46127,891,40441,1962,2833,0.31230283911671924,0.23925886143931258,0.9381490233485811,0.06185097665141891,0.06546656190784304,16127,0.34962169662020076
validation,Application + Bureau + Alternative,Overall,10:1,0.23,46127,891,40441,1962,2833,0.31230283911671924,0.23925886143931258,0.9381490233485811,0.06185097665141891,0.06546656190784304,30292,0.6567086521993626
validation,Application + Bureau + Alternative,Overall,1:1,0.24,46127,835,40660,1743,2889,0.3238944918541505,0.22422126745435017,0.944110824462896,0.05588917553710408,0.06633906633906633,4632,0.100418410041841
validation,Application + Bureau + Alternative,Overall,2:1,0.24,46127,835,40660,1743,2889,0.3238944918541505,0.22422126745435017,0.944110824462896,0.05588917553710408,0.06633906633906633,7521,0.16304984065731568
validation,Application + Bureau + Alternative,Overall,5:1,0.24,46127,835,40660,1743,2889,0.3238944918541505,0.22422126745435017,0.944110824462896,0.05588917553710408,0.06633906633906633,16188,0.3509441325037397
validation,Application + Bureau + Alternative,Overall,10:1,0.24,46127,835,40660,1743,2889,0.3238944918541505,0.22422126745435017,0.944110824462896,0.05588917553710408,0.06633906633906633,30633,0.664101285581113
validation,Application + Bureau + Alternative,Overall,1:1,0.25,46127,784,40868,1535,2940,0.33807675722294095,0.21052631578947367,0.9497257571487415,0.050274242851258484,0.06711102994886779,4475,0.09701476358748672
validation,Application + Bureau + Alternative,Overall,2:1,0.25,46127,784,40868,1535,2940,0.33807675722294095,0.21052631578947367,0.9497257571487415,0.050274242851258484,0.06711102994886779,7415,0.16075183731870704
validation,Application + Bureau + Alternative,Overall,5:1,0.25,46127,784,40868,1535,2940,0.33807675722294095,0.21052631578947367,0.9497257571487415,0.050274242851258484,0.06711102994886779,16235,0.35196305851236803
validation,Application + Bureau + Alternative,Overall,10:1,0.25,46127,784,40868,1535,2940,0.33807675722294095,0.21052631578947367,0.9497257571487415,0.050274242851258484,0.06711102994886779,30935,0.6706484271684696
validation,Application + Bureau + Alternative,Overall,1:1,0.26,46127,744,41033,1370,2980,0.3519394512771996,0.19978517722878625,0.9541700088885035,0.04582999111149652,0.06770726830709109,4350,0.0943048539900709
validation,Application + Bureau + Alternative,Overall,2:1,0.26,46127,744,41033,1370,2980,0.3519394512771996,0.19978517722878625,0.9541700088885035,0.04582999111149652,0.06770726830709109,7330,0.1589090987924643
validation,Application + Bureau + Alternative,Overall,5:1,0.26,46127,744,41033,1370,2980,0.3519394512771996,0.19978517722878625,0.9541700088885035,0.04582999111149652,0.06770726830709109,16270,0.35272183319964445
validation,Application + Bureau + Alternative,Overall,10:1,0.26,46127,744,41033,1370,2980,0.3519394512771996,0.19978517722878625,0.9541700088885035,0.04582999111149652,0.06770726830709109,31170,0.6757430572116114
validation,Application + Bureau + Alternative,Overall,1:1,0.27,46127,698,41194,1209,3026,0.36601992658626115,0.1874328678839957,0.9586576191818241,0.04134238081817591,0.06843057440072366,4235,0.09181173716044833
validation,Application + Bureau + Alternative,Overall,2:1,0.27,46127,698,41194,1209,3026,0.36601992658626115,0.1874328678839957,0.9586576191818241,0.04134238081817591,0.06843057440072366,7261,0.15741322869469074
validation,Application + Bureau + Alternative,Overall,5:1,0.27,46127,698,41194,1209,3026,0.36601992658626115,0.1874328678839957,0.9586576191818241,0.04134238081817591,0.06843057440072366,16339,0.354217703297418
validation,Application + Bureau + Alternative,Overall,10:1,0.27,46127,698,41194,1209,3026,0.36601992658626115,0.1874328678839957,0.9586576191818241,0.04134238081817591,0.06843057440072366,31469,0.6822251609686301
validation,Application + Bureau + Alternative,Overall,1:1,0.28,46127,641,41321,1082,3083,0.3720255368543239,0.1721267454350161,0.9626466061092201,0.0373533938907798,0.0694306819205477,4165,0.09029418778589546
validation,Application + Bureau + Alternative,Overall,2:1,0.28,46127,641,41321,1082,3083,0.3720255368543239,0.1721267454350161,0.9626466061092201,0.0373533938907798,0.0694306819205477,7248,0.1571313980965595
validation,Application + Bureau + Alternative,Overall,5:1,0.28,46127,641,41321,1082,3083,0.3720255368543239,0.1721267454350161,0.9626466061092201,0.0373533938907798,0.0694306819205477,16497,0.3576430290285516
validation,Application + Bureau + Alternative,Overall,10:1,0.28,46127,641,41321,1082,3083,0.3720255368543239,0.1721267454350161,0.9626466061092201,0.0373533938907798,0.0694306819205477,31912,0.6918290805818718
validation,Application + Bureau + Alternative,Overall,1:1,0.29,46127,597,41437,966,3127,0.381957773512476,0.16031149301825995,0.9661152903939124,0.03388470960608754,0.07016874607306346,4093,0.08873327985778394
validation,Application + Bureau + Alternative,Overall,2:1,0.29,46127,597,41437,966,3127,0.381957773512476,0.16031149301825995,0.9661152903939124,0.03388470960608754,0.07016874607306346,7220,0.15652437834673835
validation,Application + Bureau + Alternative,Overall,5:1,0.29,46127,597,41437,966,3127,0.381957773512476,0.16031149301825995,0.9661152903939124,0.03388470960608754,0.07016874607306346,16601,0.3598976738136016
validation,Application + Bureau + Alternative,Overall,10:1,0.29,46127,597,41437,966,3127,0.381957773512476,0.16031149301825995,0.9661152903939124,0.03388470960608754,0.07016874607306346,32236,0.6988531662583736
validation,Application + Bureau + Alternative,Overall,1:1,0.3,46127,563,41554,849,3161,0.39872521246458925,0.1511815252416756,0.9693888611875908,0.03061113881240922,0.07069216146706922,4010,0.08693389988509984
validation,Application + Bureau + Alternative,Overall,2:1,0.3,46127,563,41554,849,3161,0.39872521246458925,0.1511815252416756,0.9693888611875908,0.03061113881240922,0.07069216146706922,7171,0.15546209378455134
validation,Application + Bureau + Alternative,Overall,5:1,0.3,46127,563,41554,849,3161,0.39872521246458925,0.1511815252416756,0.9693888611875908,0.03061113881240922,0.07069216146706922,16654,0.36104667548290587
validation,Application + Bureau + Alternative,Overall,10:1,0.3,46127,563,41554,849,3161,0.39872521246458925,0.1511815252416756,0.9693888611875908,0.03061113881240922,0.07069216146706922,32459,0.7036876449801635
validation,Application + Bureau + Alternative,Overall,1:1,0.31,46127,520,41654,749,3204,0.4097714736012608,0.13963480128893663,0.9724889977670345,0.027511002232965508,0.07142538677604887,3953,0.08569818110867822
validation,Application + Bureau + Alternative,Overall,2:1,0.31,46127,520,41654,749,3204,0.4097714736012608,0.13963480128893663,0.9724889977670345,0.027511002232965508,0.07142538677604887,7157,0.15515858390964077
validation,Application + Bureau + Alternative,Overall,5:1,0.31,46127,520,41654,749,3204,0.4097714736012608,0.13963480128893663,0.9724889977670345,0.027511002232965508,0.07142538677604887,16769,0.3635397923125285
validation,Application + Bureau + Alternative,Overall,10:1,0.31,46127,520,41654,749,3204,0.4097714736012608,0.13963480128893663,0.9724889977670345,0.027511002232965508,0.07142538677604887,32789,0.7108418063173413
validation,Application + Bureau + Alternative,Overall,1:1,0.32,46127,488,41732,671,3236,0.42105263157894735,0.1310418904403867,0.9748737182127605,0.02512628178723958,0.07196228429105142,3907,0.08470093437682918
validation,Application + Bureau + Alternative,Overall,2:1,0.32,46127,488,41732,671,3236,0.42105263157894735,0.1310418904403867,0.9748737182127605,0.02512628178723958,0.07196228429105142,7143,0.1548550740347302
validation,Application + Bureau + Alternative,Overall,5:1,0.32,46127,488,41732,671,3236,0.42105263157894735,0.1310418904403867,0.9748737182127605,0.02512628178723958,0.07196228429105142,16851,0.36531749300843325
validation,Application + Bureau + Alternative,Overall,10:1,0.32,46127,488,41732,671,3236,0.42105263157894735,0.1310418904403867,0.9748737182127605,0.02512628178723958,0.07196228429105142,33031,0.7160881912979383
validation,Application + Bureau + Alternative,Overall,1:1,0.33,46127,454,41807,596,3270,0.43238095238095237,0.12191192266380237,0.9772367593817071,0.022763240618292973,0.07254253832331344,3866,0.0838120840288768
validation,Application + Bureau + Alternative,Overall,2:1,0.33,46127,454,41807,596,3270,0.43238095238095237,0.12191192266380237,0.9772367593817071,0.022763240618292973,0.07254253832331344,7136,0.15470331909727492
validation,Application + Bureau + Alternative,Overall,5:1,0.33,46127,454,41807,596,3270,0.43238095238095237,0.12191192266380237,0.9772367593817071,0.022763240618292973,0.07254253832331344,16946,0.36737702430246927
validation,Application + Bureau + Alternative,Overall,10:1,0.33,46127,454,41807,596,3270,0.43238095238095237,0.12191192266380237,0.9772367593817071,0.022763240618292973,0.07254253832331344,33296,0.7218331996444599
validation,Application + Bureau + Alternative,Overall,1:1,0.34,46127,422,41889,514,3302,0.45085470085470086,0.11331901181525242,0.9797081969345502,0.020291803065449737,0.07306764621274148,3816,0.08272812018991046
validation,Application + Bureau + Alternative,Overall,2:1,0.34,46127,422,41889,514,3302,0.45085470085470086,0.11331901181525242,0.9797081969345502,0.020291803065449737,0.07306764621274148,7118,0.15431309211524705
validation,Application + Bureau + Alternative,Overall,5:1,0.34,46127,422,41889,514,3302,0.45085470085470086,0.11331901181525242,0.9797081969345502,0.020291803065449737,0.07306764621274148,17024,0.36906800789125677
validation,Application + Bureau + Alternative,Overall,10:1,0.34,46127,422,41889,514,3302,0.45085470085470086,0.11331901181525242,0.9797081969345502,0.020291803065449737,0.07306764621274148,33534,0.7269928675179396
validation,Application + Bureau + Alternative,Overall,1:1,0.35,46127,390,41932,471,3334,0.4529616724738676,0.10472610096670247,0.9813341426929998,0.01866585730700024,0.07365351477930455,3805,0.08248964814533787
validation,Application + Bureau + Alternative,Overall,2:1,0.35,46127,390,41932,471,3334,0.4529616724738676,0.10472610096670247,0.9813341426929998,0.01866585730700024,0.07365351477930455,7139,0.1547683569276129
validation,Application + Bureau + Alternative,Overall,5:1,0.35,46127,390,41932,471,3334,0.4529616724738676,0.10472610096670247,0.9813341426929998,0.01866585730700024,0.07365351477930455,17141,0.37160448327443796
validation,Application + Bureau + Alternative,Overall,10:1,0.35,46127,390,41932,471,3334,0.4529616724738676,0.10472610096670247,0.9813341426929998,0.01866585730700024,0.07365351477930455,33811,0.7329980271858131
validation,Application + Bureau + Alternative,Overall,1:1,0.36,46127,349,41975,428,3375,0.4491634491634492,0.09371643394199786,0.9831552019424632,0.0168447980575368,0.07442116868798236,3803,0.08244628959177921
validation,Application + Bureau + Alternative,Overall,2:1,0.36,46127,349,41975,428,3375,0.4491634491634492,0.09371643394199786,0.9831552019424632,0.0168447980575368,0.07442116868798236,7178,0.15561384872200662
validation,Application + Bureau + Alternative,Overall,5:1,0.36,46127,349,41975,428,3375,0.4491634491634492,0.09371643394199786,0.9831552019424632,0.0168447980575368,0.07442116868798236,17303,0.37511652611268886
validation,Application + Bureau + Alternative,Overall,10:1,0.36,46127,349,41975,428,3375,0.4491634491634492,0.09371643394199786,0.9831552019424632,0.0168447980575368,0.07442116868798236,34178,0.7409543217638259
validation,Application + Bureau + Alternative,Overall,1:1,0.37,46127,319,42028,375,3405,0.4596541786743516,0.08566058002148227,0.9849545819151473,0.015045418084852689,0.07494552417846059,3780,0.08194766622585471
validation,Application + Bureau + Alternative,Overall,2:1,0.37,46127,319,42028,375,3405,0.4596541786743516,0.08566058002148227,0.9849545819151473,0.015045418084852689,0.07494552417846059,7185,0.15576560365946193
validation,Application + Bureau + Alternative,Overall,5:1,0.37,46127,319,42028,375,3405,0.4596541786743516,0.08566058002148227,0.9849545819151473,0.015045418084852689,0.07494552417846059,17400,0.3772194159602836
validation,Application + Bureau + Alternative,Overall,10:1,0.37,46127,319,42028,375,3405,0.4596541786743516,0.08566058002148227,0.9849545819151473,0.015045418084852689,0.07494552417846059,34425,0.7463091031283197
validation,Application + Bureau + Alternative,Overall,1:1,0.38,46127,298,42097,306,3426,0.49337748344370863,0.08002148227712137,0.9869057168252867,0.013094283174713292,0.07525866045735123,3732,0.08090706094044703
validation,Application + Bureau + Alternative,Overall,2:1,0.38,46127,298,42097,306,3426,0.49337748344370863,0.08002148227712137,0.9869057168252867,0.013094283174713292,0.07525866045735123,7158,0.15518026318642011
validation,Application + Bureau + Alternative,Overall,5:1,0.38,46127,298,42097,306,3426,0.49337748344370863,0.08002148227712137,0.9869057168252867,0.013094283174713292,0.07525866045735123,17436,0.3779998699243393
validation,Application + Bureau + Alternative,Overall,10:1,0.38,46127,298,42097,306,3426,0.49337748344370863,0.08002148227712137,0.9869057168252867,0.013094283174713292,0.07525866045735123,34566,0.7493658811542047
validation,Application + Bureau + Alternative,Overall,1:1,0.39,46127,267,42134,269,3457,0.498134328358209,0.07169709989258861,0.9883799076462809,0.01162009235371908,0.07582636923954289,3726,0.08077698527977106
validation,Application + Bureau + Alternative,Overall,2:1,0.39,46127,267,42134,269,3457,0.498134328358209,0.07169709989258861,0.9883799076462809,0.01162009235371908,0.07582636923954289,7183,0.15572224510590327
validation,Application + Bureau + Alternative,Overall,5:1,0.39,46127,267,42134,269,3457,0.498134328358209,0.07169709989258861,0.9883799076462809,0.01162009235371908,0.07582636923954289,17554,0.3805580245842999
validation,Application + Bureau + Alternative,Overall,10:1,0.39,46127,267,42134,269,3457,0.498134328358209,0.07169709989258861,0.9883799076462809,0.01162009235371908,0.07582636923954289,34839,0.7552843237149609
validation,Application + Bureau + Alternative,Overall,1:1,0.4,46127,238,42169,234,3486,0.5042372881355932,0.06390977443609022,0.9897673813601578,0.010232618639842175,0.0763552732449896,3720,0.08064690961909511
validation,Application + Bureau + Alternative,Overall,2:1,0.4,46127,238,42169,234,3486,0.5042372881355932,0.06390977443609022,0.9897673813601578,0.010232618639842175,0.0763552732449896,7206,0.15622086847182778
validation,Application + Bureau + Alternative,Overall,5:1,0.4,46127,238,42169,234,3486,0.5042372881355932,0.06390977443609022,0.9897673813601578,0.010232618639842175,0.0763552732449896,17664,0.3829427450300258
validation,Application + Bureau + Alternative,Overall,10:1,0.4,46127,238,42169,234,3486,0.5042372881355932,0.06390977443609022,0.9897673813601578,0.010232618639842175,0.0763552732449896,35094,0.7608125392936892
validation,Application + Bureau + Alternative,Overall,1:1,0.41,46127,214,42193,210,3510,0.5047169811320755,0.057465091299677765,0.9908079866455655,0.009192013354434496,0.07680021005185655,3720,0.08064690961909511
validation,Application + Bureau + Alternative,Overall,2:1,0.41,46127,214,42193,210,3510,0.5047169811320755,0.057465091299677765,0.9908079866455655,0.009192013354434496,0.07680021005185655,7230,0.15674117111453162
validation,Application + Bureau + Alternative,Overall,5:1,0.41,46127,214,42193,210,3510,0.5047169811320755,0.057465091299677765,0.9908079866455655,0.009192013354434496,0.07680021005185655,17760,0.3850239556008412
validation,Application + Bureau + Alternative,Overall,10:1,0.41,46127,214,42193,210,3510,0.5047169811320755,0.057465091299677765,0.9908079866455655,0.009192013354434496,0.07680021005185655,35310,0.7654952630780237
validation,Application + Bureau + Alternative,Overall,1:1,0.42,46127,186,42224,179,3538,0.5095890410958904,0.04994629430719656,0.9920870639755458,0.007912936024454224,0.07731305449936629,3717,0.08058187178875713
validation,Application + Bureau + Alternative,Overall,2:1,0.42,46127,186,42224,179,3538,0.5095890410958904,0.04994629430719656,0.9920870639755458,0.007912936024454224,0.07731305449936629,7255,0.15728315303401477
validation,Application + Bureau + Alternative,Overall,5:1,0.42,46127,186,42224,179,3538,0.5095890410958904,0.04994629430719656,0.9920870639755458,0.007912936024454224,0.07731305449936629,17869,0.3873869967697878
validation,Application + Bureau + Alternative,Overall,10:1,0.42,46127,186,42224,179,3538,0.5095890410958904,0.04994629430719656,0.9920870639755458,0.007912936024454224,0.07731305449936629,35559,0.770893402996076
validation,Application + Bureau + Alternative,Overall,1:1,0.43,46127,167,42255,148,3557,0.5301587301587302,0.04484425349087003,0.993171027814512,0.006828972185487892,0.0776434122064088,3705,0.08032172046740521
validation,Application + Bureau + Alternative,Overall,2:1,0.43,46127,167,42255,148,3557,0.5301587301587302,0.04484425349087003,0.993171027814512,0.006828972185487892,0.0776434122064088,7262,0.15743490797147008
validation,Application + Bureau + Alternative,Overall,5:1,0.43,46127,167,42255,148,3557,0.5301587301587302,0.04484425349087003,0.993171027814512,0.006828972185487892,0.0776434122064088,17933,0.38877447048366465
validation,Application + Bureau + Alternative,Overall,10:1,0.43,46127,167,42255,148,3557,0.5301587301587302,0.04484425349087003,0.993171027814512,0.006828972185487892,0.0776434122064088,35718,0.774340408003989
validation,Application + Bureau + Alternative,Overall,1:1,0.44,46127,151,42272,131,3573,0.5354609929078015,0.04054779806659506,0.9938864439482299,0.0061135560517701125,0.07793652524811866,3704,0.08030004119062588
validation,Application + Bureau + Alternative,Overall,2:1,0.44,46127,151,42272,131,3573,0.5354609929078015,0.04054779806659506,0.9938864439482299,0.0061135560517701125,0.07793652524811866,7277,0.15776009712315997
validation,Application + Bureau + Alternative,Overall,5:1,0.44,46127,151,42272,131,3573,0.5354609929078015,0.04054779806659506,0.9938864439482299,0.0061135560517701125,0.07793652524811866,17996,0.39014026492076226
validation,Application + Bureau + Alternative,Overall,10:1,0.44,46127,151,42272,131,3573,0.5354609929078015,0.04054779806659506,0.9938864439482299,0.0061135560517701125,0.07793652524811866,35861,0.7774405445834327
validation,Application + Bureau + Alternative,Overall,1:1,0.45,46127,131,42285,118,3593,0.5261044176706827,0.03517722878625134,0.9946018600819476,0.0053981399180523335,0.0783164043768255,3711,0.08045179612808116
validation,Application + Bureau + Alternative,Overall,2:1,0.45,46127,131,42285,118,3593,0.5261044176706827,0.03517722878625134,0.9946018600819476,0.0053981399180523335,0.0783164043768255,7304,0.1583454375962018
validation,Application + Bureau + Alternative,Overall,5:1,0.45,46127,131,42285,118,3593,0.5261044176706827,0.03517722878625134,0.9946018600819476,0.0053981399180523335,0.0783164043768255,18083,0.3920263620005637
validation,Application + Bureau + Alternative,Overall,10:1,0.45,46127,131,42285,118,3593,0.5261044176706827,0.03517722878625134,0.9946018600819476,0.0053981399180523335,0.0783164043768255,36048,0.7814945693411668
validation,Application + Bureau + Alternative,Overall,1:1,0.46,46127,118,42301,102,3606,0.5363636363636364,0.03168635875402793,0.9952305591085482,0.004769440891451861,0.07855011218332716,3708,0.0803867582977432
validation,Application + Bureau + Alternative,Overall,2:1,0.46,46127,118,42301,102,3606,0.5363636363636364,0.03168635875402793,0.9952305591085482,0.004769440891451861,0.07855011218332716,7314,0.15856223036399505
validation,Application + Bureau + Alternative,Overall,5:1,0.46,46127,118,42301,102,3606,0.5363636363636364,0.03168635875402793,0.9952305591085482,0.004769440891451861,0.07855011218332716,18132,0.39308864656275067
validation,Application + Bureau + Alternative,Overall,10:1,0.46,46127,118,42301,102,3606,0.5363636363636364,0.03168635875402793,0.9952305591085482,0.004769440891451861,0.07855011218332716,36162,0.78396600689401
validation,Application + Bureau + Alternative,Overall,1:1,0.47,46127,107,42316,87,3617,0.5515463917525774,0.028732545649838882,0.9957942203048107,0.0042057796951893685,0.0787451287745194,3704,0.08030004119062588
validation,Application + Bureau + Alternative,Overall,2:1,0.47,46127,107,42316,87,3617,0.5515463917525774,0.028732545649838882,0.9957942203048107,0.0042057796951893685,0.0787451287745194,7321,0.15871398530145034
validation,Application + Bureau + Alternative,Overall,5:1,0.47,46127,107,42316,87,3617,0.5515463917525774,0.028732545649838882,0.9957942203048107,0.0042057796951893685,0.0787451287745194,18172,0.39395581763392373
validation,Application + Bureau + Alternative,Overall,10:1,0.47,46127,107,42316,87,3617,0.5515463917525774,0.028732545649838882,0.9957942203048107,0.0042057796951893685,0.0787451287745194,36257,0.786025538188046
validation,Application + Bureau + Alternative,Overall,1:1,0.48,46127,92,42325,78,3632,0.5411764705882353,0.024704618689581095,0.9963145229475144,0.003685477052485529,0.0790303979807211,3710,0.08043011685130184
validation,Application + Bureau + Alternative,Overall,2:1,0.48,46127,92,42325,78,3632,0.5411764705882353,0.024704618689581095,0.9963145229475144,0.003685477052485529,0.0790303979807211,7342,0.1591692501138162
validation,Application + Bureau + Alternative,Overall,5:1,0.48,46127,92,42325,78,3632,0.5411764705882353,0.024704618689581095,0.9963145229475144,0.003685477052485529,0.0790303979807211,18238,0.3953866499013593
validation,Application + Bureau + Alternative,Overall,10:1,0.48,46127,92,42325,78,3632,0.5411764705882353,0.024704618689581095,0.9963145229475144,0.003685477052485529,0.0790303979807211,36398,0.7890823162139311
validation,Application + Bureau + Alternative,Overall,1:1,0.49,46127,85,42338,65,3639,0.5666666666666667,0.022824919441460794,0.996748108483101,0.003251891516898996,0.07914826978706745,3704,0.08030004119062588
validation,Application + Bureau + Alternative,Overall,2:1,0.49,46127,85,42338,65,3639,0.5666666666666667,0.022824919441460794,0.996748108483101,0.003251891516898996,0.07914826978706745,7343,0.15919092939059554
validation,Application + Bureau + Alternative,Overall,5:1,0.49,46127,85,42338,65,3639,0.5666666666666667,0.022824919441460794,0.996748108483101,0.003251891516898996,0.07914826978706745,18260,0.39586359399050447
validation,Application + Bureau + Alternative,Overall,10:1,0.49,46127,85,42338,65,3639,0.5666666666666667,0.022824919441460794,0.996748108483101,0.003251891516898996,0.07914826978706745,36455,0.7903180349903527
validation,Application + Bureau + Alternative,Overall,1:1,0.5,46127,74,42344,59,3650,0.556390977443609,0.01987110633727175,0.9971166561883495,0.0028833438116504435,0.07935817715354176,3709,0.08040843757452251
validation,Application + Bureau + Alternative,Overall,2:1,0.5,46127,74,42344,59,3650,0.556390977443609,0.01987110633727175,0.9971166561883495,0.0028833438116504435,0.07935817715354176,7359,0.15953779781906477
validation,Application + Bureau + Alternative,Overall,5:1,0.5,46127,74,42344,59,3650,0.556390977443609,0.01987110633727175,0.9971166561883495,0.0028833438116504435,0.07935817715354176,18309,0.39692587855269146
validation,Application + Bureau + Alternative,Overall,10:1,0.5,46127,74,42344,59,3650,0.556390977443609,0.01987110633727175,0.9971166561883495,0.0028833438116504435,0.07935817715354176,36559,0.7925726797754027
validation,Application + Bureau + Alternative,Thin-file,1:1,0.01,6573,642,24,5907,0,0.09803023362345396,1.0,0.003651300775901415,0.9963486992240986,0.0,5907,0.8986764034687358
validation,Application + Bureau + Alternative,Thin-file,2:1,0.01,6573,642,24,5907,0,0.09803023362345396,1.0,0.003651300775901415,0.9963486992240986,0.0,5907,0.8986764034687358
validation,Application + Bureau + Alternative,Thin-file,5:1,0.01,6573,642,24,5907,0,0.09803023362345396,1.0,0.003651300775901415,0.9963486992240986,0.0,5907,0.8986764034687358
validation,Application + Bureau + Alternative,Thin-file,10:1,0.01,6573,642,24,5907,0,0.09803023362345396,1.0,0.003651300775901415,0.9963486992240986,0.0,5907,0.8986764034687358
validation,Application + Bureau + Alternative,Thin-file,1:1,0.02,6573,641,305,5626,1,0.10228179352162119,0.9984423676012462,0.04655408489274304,0.953445915107257,0.0032679738562091504,5627,0.8560778944165526
validation,Application + Bureau + Alternative,Thin-file,2:1,0.02,6573,641,305,5626,1,0.10228179352162119,0.9984423676012462,0.04655408489274304,0.953445915107257,0.0032679738562091504,5628,0.8562300319488818
validation,Application + Bureau + Alternative,Thin-file,5:1,0.02,6573,641,305,5626,1,0.10228179352162119,0.9984423676012462,0.04655408489274304,0.953445915107257,0.0032679738562091504,5631,0.8566864445458695
validation,Application + Bureau + Alternative,Thin-file,10:1,0.02,6573,641,305,5626,1,0.10228179352162119,0.9984423676012462,0.04655408489274304,0.953445915107257,0.0032679738562091504,5636,0.8574471322075156
validation,Application + Bureau + Alternative,Thin-file,1:1,0.03,6573,622,868,5063,20,0.10941072999120492,0.9688473520249221,0.13509812870835236,0.8649018712916476,0.02252252252252252,5083,0.7733150768294538
validation,Application + Bureau + Alternative,Thin-file,2:1,0.03,6573,622,868,5063,20,0.10941072999120492,0.9688473520249221,0.13509812870835236,0.8649018712916476,0.02252252252252252,5103,0.7763578274760383
validation,Application + Bureau + Alternative,Thin-file,5:1,0.03,6573,622,868,5063,20,0.10941072999120492,0.9688473520249221,0.13509812870835236,0.8649018712916476,0.02252252252252252,5163,0.7854860794157918
validation,Application + Bureau + Alternative,Thin-file,10:1,0.03,6573,622,868,5063,20,0.10941072999120492,0.9688473520249221,0.13509812870835236,0.8649018712916476,0.02252252252252252,5263,0.8006998326487145
validation,Application + Bureau + Alternative,Thin-file,1:1,0.04,6573,599,1506,4425,43,0.11922770700636942,0.9330218068535826,0.2356610375779705,0.7643389624220295,0.02775984506132989,4468,0.6797504944469801
validation,Application + Bureau + Alternative,Thin-file,2:1,0.04,6573,599,1506,4425,43,0.11922770700636942,0.9330218068535826,0.2356610375779705,0.7643389624220295,0.02775984506132989,4511,0.6862924083371368
validation,Application + Bureau + Alternative,Thin-file,5:1,0.04,6573,599,1506,4425,43,0.11922770700636942,0.9330218068535826,0.2356610375779705,0.7643389624220295,0.02775984506132989,4640,0.7059181500076068
validation,Application + Bureau + Alternative,Thin-file,10:1,0.04,6573,599,1506,4425,43,0.11922770700636942,0.9330218068535826,0.2356610375779705,0.7643389624220295,0.02775984506132989,4855,0.7386277194583903
validation,Application + Bureau + Alternative,Thin-file,1:1,0.05,6573,575,2063,3868,67,0.12941706054467703,0.8956386292834891,0.32405294386125055,0.6759470561387494,0.03145539906103286,3935,0.5986611897155029
validation,Application + Bureau + Alternative,Thin-file,2:1,0.05,6573,575,2063,3868,67,0.12941706054467703,0.8956386292834891,0.32405294386125055,0.6759470561387494,0.03145539906103286,4002,0.6088544043815609
validation,Application + Bureau + Alternative,Thin-file,5:1,0.05,6573,575,2063,3868,67,0.12941706054467703,0.8956386292834891,0.32405294386125055,0.6759470561387494,0.03145539906103286,4203,0.6394340483797353
validation,Application + Bureau + Alternative,Thin-file,10:1,0.05,6573,575,2063,3868,67,0.12941706054467703,0.8956386292834891,0.32405294386125055,0.6759470561387494,0.03145539906103286,4538,0.6904001217100258
validation,Application + Bureau + Alternative,Thin-file,1:1,0.06,6573,547,2581,3350,95,0.1403643828586092,0.8520249221183801,0.40712003651300777,0.5928799634869922,0.03550074738415546,3445,0.5241137988741823
validation,Application + Bureau + Alternative,Thin-file,2:1,0.06,6573,547,2581,3350,95,0.1403643828586092,0.8520249221183801,0.40712003651300777,0.5928799634869922,0.03550074738415546,3540,0.5385668644454586
validation,Application + Bureau + Alternative,Thin-file,5:1,0.06,6573,547,2581,3350,95,0.1403643828586092,0.8520249221183801,0.40712003651300777,0.5928799634869922,0.03550074738415546,3825,0.581926061159288
validation,Application + Bureau + Alternative,Thin-file,10:1,0.06,6573,547,2581,3350,95,0.1403643828586092,0.8520249221183801,0.40712003651300777,0.5928799634869922,0.03550074738415546,4300,0.6541913890156702
validation,Application + Bureau + Alternative,Thin-file,1:1,0.07,6573,518,3039,2892,124,0.15190615835777127,0.8068535825545171,0.4812110147573406,0.5187889852426594,0.03920328801770471,3016,0.45884679750494445
validation,Application + Bureau + Alternative,Thin-file,2:1,0.07,6573,518,3039,2892,124,0.15190615835777127,0.8068535825545171,0.4812110147573406,0.5187889852426594,0.03920328801770471,3140,0.47771185151376844
validation,Application + Bureau + Alternative,Thin-file,5:1,0.07,6573,518,3039,2892,124,0.15190615835777127,0.8068535825545171,0.4812110147573406,0.5187889852426594,0.03920328801770471,3512,0.5343070135402403
validation,Application + Bureau + Alternative,Thin-file,10:1,0.07,6573,518,3039,2892,124,0.15190615835777127,0.8068535825545171,0.4812110147573406,0.5187889852426594,0.03920328801770471,4132,0.6286322835843603
validation,Application + Bureau + Alternative,Thin-file,1:1,0.08,6573,482,3423,2508,160,0.16120401337792642,0.7507788161993769,0.5451087783356154,0.4548912216643846,0.044655316773653364,2668,0.40590293625437396
validation,Application + Bureau + Alternative,Thin-file,2:1,0.08,6573,482,3423,2508,160,0.16120401337792642,0.7507788161993769,0.5451087783356154,0.4548912216643846,0.044655316773653364,2828,0.43024494142705005
validation,Application + Bureau + Alternative,Thin-file,5:1,0.08,6573,482,3423,2508,160,0.16120401337792642,0.7507788161993769,0.5451087783356154,0.4548912216643846,0.044655316773653364,3308,0.5032709569450784
validation,Application + Bureau + Alternative,Thin-file,10:1,0.08,6573,482,3423,2508,160,0.16120401337792642,0.7507788161993769,0.5451087783356154,0.4548912216643846,0.044655316773653364,4108,0.6249809828084588
validation,Application + Bureau + Alternative,Thin-file,1:1,0.09,6573,448,3760,2171,194,0.17105765559373806,0.6978193146417445,0.6015518028297581,0.3984481971702419,0.049064238745574106,2365,0.3598052639586186
validation,Application + Bureau + Alternative,Thin-file,2:1,0.09,6573,448,3760,2171,194,0.17105765559373806,0.6978193146417445,0.6015518028297581,0.3984481971702419,0.049064238745574106,2559,0.38931994523048835
validation,Application + Bureau + Alternative,Thin-file,5:1,0.09,6573,448,3760,2171,194,0.17105765559373806,0.6978193146417445,0.6015518028297581,0.3984481971702419,0.049064238745574106,3141,0.47786398904609767
validation,Application + Bureau + Alternative,Thin-file,10:1,0.09,6573,448,3760,2171,194,0.17105765559373806,0.6978193146417445,0.6015518028297581,0.3984481971702419,0.049064238745574106,4111,0.6254373954054465
validation,Application + Bureau + Alternative,Thin-file,1:1,0.1,6573,420,4049,1882,222,0.18245004344048654,0.6542056074766355,0.6497794005781227,0.3502205994218774,0.05197845937719504,2104,0.3200973680206907
validation,Application + Bureau + Alternative,Thin-file,2:1,0.1,6573,420,4049,1882,222,0.18245004344048654,0.6542056074766355,0.6497794005781227,0.3502205994218774,0.05197845937719504,2326,0.3538719001977788
validation,Application + Bureau + Alternative,Thin-file,5:1,0.1,6573,420,4049,1882,222,0.18245004344048654,0.6542056074766355,0.6497794005781227,0.3502205994218774,0.05197845937719504,2992,0.4551954967290431
validation,Application + Bureau + Alternative,Thin-file,10:1,0.1,6573,420,4049,1882,222,0.18245004344048654,0.6542056074766355,0.6497794005781227,0.3502205994218774,0.05197845937719504,4102,0.6240681576144835
validation,Application + Bureau + Alternative,Thin-file,1:1,0.11,6573,393,4290,1641,249,0.19321533923303835,0.6121495327102804,0.6905522592423551,0.3094477407576449,0.05485789821546596,1890,0.28753993610223644
validation,Application + Bureau + Alternative,Thin-file,2:1,0.11,6573,393,4290,1641,249,0.19321533923303835,0.6121495327102804,0.6905522592423551,0.3094477407576449,0.05485789821546596,2139,0.3254221816522136
validation,Application + Bureau + Alternative,Thin-file,5:1,0.11,6573,393,4290,1641,249,0.19321533923303835,0.6121495327102804,0.6905522592423551,0.3094477407576449,0.05485789821546596,2886,0.4390689183021451
validation,Application + Bureau + Alternative,Thin-file,10:1,0.11,6573,393,4290,1641,249,0.19321533923303835,0.6121495327102804,0.6905522592423551,0.3094477407576449,0.05485789821546596,4131,0.6284801460520311
validation,Application + Bureau + Alternative,Thin-file,1:1,0.12,6573,366,4488,1443,276,0.2023217247097844,0.5700934579439252,0.7247832040164308,0.27521679598356913,0.05793450881612091,1719,0.26152441807393884
validation,Application + Bureau + Alternative,Thin-file,2:1,0.12,6573,366,4488,1443,276,0.2023217247097844,0.5700934579439252,0.7247832040164308,0.27521679598356913,0.05793450881612091,1995,0.3035143769968051
validation,Application + Bureau + Alternative,Thin-file,5:1,0.12,6573,366,4488,1443,276,0.2023217247097844,0.5700934579439252,0.7247832040164308,0.27521679598356913,0.05793450881612091,2823,0.42948425376540394
validation,Application + Bureau + Alternative,Thin-file,10:1,0.12,6573,366,4488,1443,276,0.2023217247097844,0.5700934579439252,0.7247832040164308,0.27521679598356913,0.05793450881612091,4203,0.6394340483797353
validation,Application + Bureau + Alternative,Thin-file,1:1,0.13,6573,347,4674,1257,295,0.21633416458852867,0.5404984423676013,0.7559713981439221,0.2440286018560779,0.05936808210907627,1552,0.23611745017495817
validation,Application + Bureau + Alternative,Thin-file,2:1,0.13,6573,347,4674,1257,295,0.21633416458852867,0.5404984423676013,0.7559713981439221,0.2440286018560779,0.05936808210907627,1847,0.2809980222120797
validation,Application + Bureau + Alternative,Thin-file,5:1,0.13,6573,347,4674,1257,295,0.21633416458852867,0.5404984423676013,0.7559713981439221,0.2440286018560779,0.05936808210907627,2732,0.4156397383234444
validation,Application + Bureau + Alternative,Thin-file,10:1,0.13,6573,347,4674,1257,295,0.21633416458852867,0.5404984423676013,0.7559713981439221,0.2440286018560779,0.05936808210907627,4207,0.6400425985090522
validation,Application + Bureau + Alternative,Thin-file,1:1,0.14,6573,324,4813,1118,318,0.22468793342579751,0.5046728971962616,0.7806176783812566,0.21938232161874335,0.06197622295848763,1436,0.21846949642476798
validation,Application + Bureau + Alternative,Thin-file,2:1,0.14,6573,324,4813,1118,318,0.22468793342579751,0.5046728971962616,0.7806176783812566,0.21938232161874335,0.06197622295848763,1754,0.26684923170546176
validation,Application + Bureau + Alternative,Thin-file,5:1,0.14,6573,324,4813,1118,318,0.22468793342579751,0.5046728971962616,0.7806176783812566,0.21938232161874335,0.06197622295848763,2708,0.411988437547543
validation,Application + Bureau + Alternative,Thin-file,10:1,0.14,6573,324,4813,1118,318,0.22468793342579751,0.5046728971962616,0.7806176783812566,0.21938232161874335,0.06197622295848763,4298,0.6538871139510117
validation,Application + Bureau + Alternative,Thin-file,1:1,0.15,6573,307,4941,990,335,0.23670007710100233,0.4781931464174455,0.8026776205689944,0.19732237943100564,0.0634950720242608,1325,0.20158223033622394
validation,Application + Bureau + Alternative,Thin-file,2:1,0.15,6573,307,4941,990,335,0.23670007710100233,0.4781931464174455,0.8026776205689944,0.19732237943100564,0.0634950720242608,1660,0.25254830366651454
validation,Application + Bureau + Alternative,Thin-file,5:1,0.15,6573,307,4941,990,335,0.23670007710100233,0.4781931464174455,0.8026776205689944,0.19732237943100564,0.0634950720242608,2665,0.40544652365738626
validation,Application + Bureau + Alternative,Thin-file,10:1,0.15,6573,307,4941,990,335,0.23670007710100233,0.4781931464174455,0.8026776205689944,0.19732237943100564,0.0634950720242608,4340,0.6602768903088392
validation,Application + Bureau + Alternative,Thin-file,1:1,0.16,6573,288,5056,875,354,0.24763542562338778,0.4485981308411215,0.8230640499011106,0.1769359500988894,0.06543438077634012,1229,0.18697702723261828
validation,Application + Bureau + Alternative,Thin-file,2:1,0.16,6573,288,5056,875,354,0.24763542562338778,0.4485981308411215,0.8230640499011106,0.1769359500988894,0.06543438077634012,1583,0.24083371367716416
validation,Application + Bureau + Alternative,Thin-file,5:1,0.16,6573,288,5056,875,354,0.24763542562338778,0.4485981308411215,0.8230640499011106,0.1769359500988894,0.06543438077634012,2645,0.40240377301080177
validation,Application + Bureau + Alternative,Thin-file,10:1,0.16,6573,288,5056,875,354,0.24763542562338778,0.4485981308411215,0.8230640499011106,0.1769359500988894,0.06543438077634012,4415,0.6716872052335311
validation,Application + Bureau + Alternative,Thin-file,1:1,0.17,6573,270,5156,775,372,0.2583732057416268,0.4205607476635514,0.8410162787159592,0.15898372128404079,0.06729377713458755,1147,0.1745017495816218
validation,Application + Bureau + Alternative,Thin-file,2:1,0.17,6573,270,5156,775,372,0.2583732057416268,0.4205607476635514,0.8410162787159592,0.15898372128404079,0.06729377713458755,1519,0.23109691160809373
validation,Application + Bureau + Alternative,Thin-file,5:1,0.17,6573,270,5156,775,372,0.2583732057416268,0.4205607476635514,0.8410162787159592,0.15898372128404079,0.06729377713458755,2635,0.4008823976875095
validation,Application + Bureau + Alternative,Thin-file,10:1,0.17,6573,270,5156,775,372,0.2583732057416268,0.4205607476635514,0.8410162787159592,0.15898372128404079,0.06729377713458755,4495,0.6838582078198692
validation,Application + Bureau + Alternative,Thin-file,1:1,0.18,6573,254,5236,695,388,0.26765015806111697,0.3956386292834891,0.8556214818195649,0.14437851818043512,0.0689900426742532,1083,0.16476494751255136
validation,Application + Bureau + Alternative,Thin-file,2:1,0.18,6573,254,5236,695,388,0.26765015806111697,0.3956386292834891,0.8556214818195649,0.14437851818043512,0.0689900426742532,1471,0.22379431005629088
validation,Application + Bureau + Alternative,Thin-file,5:1,0.18,6573,254,5236,695,388,0.26765015806111697,0.3956386292834891,0.8556214818195649,0.14437851818043512,0.0689900426742532,2635,0.4008823976875095
validation,Application + Bureau + Alternative,Thin-file,10:1,0.18,6573,254,5236,695,388,0.26765015806111697,0.3956386292834891,0.8556214818195649,0.14437851818043512,0.0689900426742532,4575,0.6960292104062072
validation,Application + Bureau + Alternative,Thin-file,1:1,0.19,6573,243,5321,610,399,0.28487690504103164,0.37850467289719625,0.8702266849231706,0.12977331507682946,0.06975524475524475,1009,0.15350677012018865
validation,Application + Bureau + Alternative,Thin-file,2:1,0.19,6573,243,5321,610,399,0.28487690504103164,0.37850467289719625,0.8702266849231706,0.12977331507682946,0.06975524475524475,1408,0.21420964551954969
validation,Application + Bureau + Alternative,Thin-file,5:1,0.19,6573,243,5321,610,399,0.28487690504103164,0.37850467289719625,0.8702266849231706,0.12977331507682946,0.06975524475524475,2605,0.39631827171763273
validation,Application + Bureau + Alternative,Thin-file,10:1,0.19,6573,243,5321,610,399,0.28487690504103164,0.37850467289719625,0.8702266849231706,0.12977331507682946,0.06975524475524475,4600,0.6998326487144378
validation,Application + Bureau + Alternative,Thin-file,1:1,0.2,6573,225,5388,543,417,0.29296875,0.35046728971962615,0.8831583751711547,0.11684162482884528,0.07183462532299742,960,0.1460520310360566
validation,Application + Bureau + Alternative,Thin-file,2:1,0.2,6573,225,5388,543,417,0.29296875,0.35046728971962615,0.8831583751711547,0.11684162482884528,0.07183462532299742,1377,0.2094933820173437
validation,Application + Bureau + Alternative,Thin-file,5:1,0.2,6573,225,5388,543,417,0.29296875,0.35046728971962615,0.8831583751711547,0.11684162482884528,0.07183462532299742,2628,0.3998174349612049
validation,Application + Bureau + Alternative,Thin-file,10:1,0.2,6573,225,5388,543,417,0.29296875,0.35046728971962615,0.8831583751711547,0.11684162482884528,0.07183462532299742,4713,0.7170241898676404
validation,Application + Bureau + Alternative,Thin-file,1:1,0.21,6573,206,5454,477,436,0.30161054172767204,0.32087227414330216,0.8960900654191389,0.1039099345808611,0.07402376910016978,913,0.138901567016583
validation,Application + Bureau + Alternative,Thin-file,2:1,0.21,6573,206,5454,477,436,0.30161054172767204,0.32087227414330216,0.8960900654191389,0.1039099345808611,0.07402376910016978,1349,0.20523353111212536
validation,Application + Bureau + Alternative,Thin-file,5:1,0.21,6573,206,5454,477,436,0.30161054172767204,0.32087227414330216,0.8960900654191389,0.1039099345808611,0.07402376910016978,2657,0.40422942339875245
validation,Application + Bureau + Alternative,Thin-file,10:1,0.21,6573,206,5454,477,436,0.30161054172767204,0.32087227414330216,0.8960900654191389,0.1039099345808611,0.07402376910016978,4837,0.7358892438764644
validation,Application + Bureau + Alternative,Thin-file,1:1,0.22,6573,191,5503,428,451,0.308562197092084,0.29750778816199375,0.9058268674882093,0.09417313251179066,0.0757473967080954,879,0.13372889091738932
validation,Application + Bureau + Alternative,Thin-file,2:1,0.22,6573,191,5503,428,451,0.308562197092084,0.29750778816199375,0.9058268674882093,0.09417313251179066,0.0757473967080954,1330,0.20234291799787008
validation,Application + Bureau + Alternative,Thin-file,5:1,0.22,6573,191,5503,428,451,0.308562197092084,0.29750778816199375,0.9058268674882093,0.09417313251179066,0.0757473967080954,2683,0.40818499923931234
validation,Application + Bureau + Alternative,Thin-file,10:1,0.22,6573,191,5503,428,451,0.308562197092084,0.29750778816199375,0.9058268674882093,0.09417313251179066,0.0757473967080954,4938,0.7512551346417161
validation,Application + Bureau + Alternative,Thin-file,1:1,0.23,6573,173,5548,383,469,0.31115107913669066,0.26947040498442365,0.9154115320249505,0.08458846797504944,0.07794582017616752,852,0.12962117754450023
validation,Application + Bureau + Alternative,Thin-file,2:1,0.23,6573,173,5548,383,469,0.31115107913669066,0.26947040498442365,0.9154115320249505,0.08458846797504944,0.07794582017616752,1321,0.20097368020690703
validation,Application + Bureau + Alternative,Thin-file,5:1,0.23,6573,173,5548,383,469,0.31115107913669066,0.26947040498442365,0.9154115320249505,0.08458846797504944,0.07794582017616752,2728,0.4150311881941275
validation,Application + Bureau + Alternative,Thin-file,10:1,0.23,6573,173,5548,383,469,0.31115107913669066,0.26947040498442365,0.9154115320249505,0.08458846797504944,0.07794582017616752,5073,0.7717937015061616
validation,Application + Bureau + Alternative,Thin-file,1:1,0.24,6573,157,5599,332,485,0.3210633946830266,0.24454828660436137,0.9256047466910087,0.07439525330899133,0.07971729125575279,817,0.12429636391297733
validation,Application + Bureau + Alternative,Thin-file,2:1,0.24,6573,157,5599,332,485,0.3210633946830266,0.24454828660436137,0.9256047466910087,0.07439525330899133,0.07971729125575279,1302,0.19808306709265175
validation,Application + Bureau + Alternative,Thin-file,5:1,0.24,6573,157,5599,332,485,0.3210633946830266,0.24454828660436137,0.9256047466910087,0.07439525330899133,0.07971729125575279,2757,0.419443176631675
validation,Application + Bureau + Alternative,Thin-file,10:1,0.24,6573,157,5599,332,485,0.3210633946830266,0.24454828660436137,0.9256047466910087,0.07439525330899133,0.07971729125575279,5182,0.7883766925300472
validation,Application + Bureau + Alternative,Thin-file,1:1,0.25,6573,145,5648,283,497,0.338785046728972,0.22585669781931464,0.9348851361630914,0.06511486383690857,0.08087876322213182,780,0.11866727521679599
validation,Application + Bureau + Alternative,Thin-file,2:1,0.25,6573,145,5648,283,497,0.338785046728972,0.22585669781931464,0.9348851361630914,0.06511486383690857,0.08087876322213182,1277,0.19427962878442112
validation,Application + Bureau + Alternative,Thin-file,5:1,0.25,6573,145,5648,283,497,0.338785046728972,0.22585669781931464,0.9348851361630914,0.06511486383690857,0.08087876322213182,2768,0.4211166894872965
validation,Application + Bureau + Alternative,Thin-file,10:1,0.25,6573,145,5648,283,497,0.338785046728972,0.22585669781931464,0.9348851361630914,0.06511486383690857,0.08087876322213182,5253,0.7991784573254221
validation,Application + Bureau + Alternative,Thin-file,1:1,0.26,6573,139,5677,254,503,0.35368956743002544,0.21651090342679127,0.9402099497946144,0.05979005020538567,0.0813915857605178,757,0.1151681119732238
validation,Application + Bureau + Alternative,Thin-file,2:1,0.26,6573,139,5677,254,503,0.35368956743002544,0.21651090342679127,0.9402099497946144,0.05979005020538567,0.0813915857605178,1260,0.19169329073482427
validation,Application + Bureau + Alternative,Thin-file,5:1,0.26,6573,139,5677,254,503,0.35368956743002544,0.21651090342679127,0.9402099497946144,0.05979005020538567,0.0813915857605178,2769,0.42126882701962576
validation,Application + Bureau + Alternative,Thin-file,10:1,0.26,6573,139,5677,254,503,0.35368956743002544,0.21651090342679127,0.9402099497946144,0.05979005020538567,0.0813915857605178,5284,0.8038947208276281
validation,Application + Bureau + Alternative,Thin-file,1:1,0.27,6573,127,5704,227,515,0.3587570621468927,0.19781931464174454,0.9461433135554541,0.053856686444545866,0.08281074127673259,742,0.11288604898828541
validation,Application + Bureau + Alternative,Thin-file,2:1,0.27,6573,127,5704,227,515,0.3587570621468927,0.19781931464174454,0.9461433135554541,0.053856686444545866,0.08281074127673259,1257,0.1912368781378366
validation,Application + Bureau + Alternative,Thin-file,5:1,0.27,6573,127,5704,227,515,0.3587570621468927,0.19781931464174454,0.9461433135554541,0.053856686444545866,0.08281074127673259,2802,0.42628936558649017
validation,Application + Bureau + Alternative,Thin-file,10:1,0.27,6573,127,5704,227,515,0.3587570621468927,0.19781931464174454,0.9461433135554541,0.053856686444545866,0.08281074127673259,5377,0.8180435113342461
validation,Application + Bureau + Alternative,Thin-file,1:1,0.28,6573,119,5727,204,523,0.3684210526315789,0.1853582554517134,0.9508595770576601,0.049140422942339876,0.08368,727,0.11060398600334703
validation,Application + Bureau + Alternative,Thin-file,2:1,0.28,6573,119,5727,204,523,0.3684210526315789,0.1853582554517134,0.9508595770576601,0.049140422942339876,0.08368,1250,0.19017191541153203
validation,Application + Bureau + Alternative,Thin-file,5:1,0.28,6573,119,5727,204,523,0.3684210526315789,0.1853582554517134,0.9508595770576601,0.049140422942339876,0.08368,2819,0.428875703636087
validation,Application + Bureau + Alternative,Thin-file,10:1,0.28,6573,119,5727,204,523,0.3684210526315789,0.1853582554517134,0.9508595770576601,0.049140422942339876,0.08368,5434,0.8267153506770121
validation,Application + Bureau + Alternative,Thin-file,1:1,0.29,6573,111,5751,180,531,0.38144329896907214,0.17289719626168223,0.9557279780921953,0.04427202190780465,0.08452722063037249,711,0.10816978548607942
validation,Application + Bureau + Alternative,Thin-file,2:1,0.29,6573,111,5751,180,531,0.38144329896907214,0.17289719626168223,0.9557279780921953,0.04427202190780465,0.08452722063037249,1242,0.18895481515289822
validation,Application + Bureau + Alternative,Thin-file,5:1,0.29,6573,111,5751,180,531,0.38144329896907214,0.17289719626168223,0.9557279780921953,0.04427202190780465,0.08452722063037249,2835,0.43130990415335463
validation,Application + Bureau + Alternative,Thin-file,10:1,0.29,6573,111,5751,180,531,0.38144329896907214,0.17289719626168223,0.9557279780921953,0.04427202190780465,0.08452722063037249,5490,0.8352350524874487
validation,Application + Bureau + Alternative,Thin-file,1:1,0.3,6573,100,5774,157,542,0.38910505836575876,0.1557632398753894,0.960900654191389,0.039099345808610984,0.08581380620645979,699,0.1063441350981287
validation,Application + Bureau + Alternative,Thin-file,2:1,0.3,6573,100,5774,157,542,0.38910505836575876,0.1557632398753894,0.960900654191389,0.039099345808610984,0.08581380620645979,1241,0.188802677620569
validation,Application + Bureau + Alternative,Thin-file,5:1,0.3,6573,100,5774,157,542,0.38910505836575876,0.1557632398753894,0.960900654191389,0.039099345808610984,0.08581380620645979,2867,0.43617830518788986
validation,Application + Bureau + Alternative,Thin-file,10:1,0.3,6573,100,5774,157,542,0.38910505836575876,0.1557632398753894,0.960900654191389,0.039099345808610984,0.08581380620645979,5577,0.8484710178000913
validation,Application + Bureau + Alternative,Thin-file,1:1,0.31,6573,92,5801,130,550,0.4144144144144144,0.14330218068535824,0.966225467822912,0.03377453217708809,0.08660053534876397,680,0.10345352198387342
validation,Application + Bureau + Alternative,Thin-file,2:1,0.31,6573,92,5801,130,550,0.4144144144144144,0.14330218068535824,0.966225467822912,0.03377453217708809,0.08660053534876397,1230,0.1871291647649475
validation,Application + Bureau + Alternative,Thin-file,5:1,0.31,6573,92,5801,130,550,0.4144144144144144,0.14330218068535824,0.966225467822912,0.03377453217708809,0.08660053534876397,2880,0.4381560931081698
validation,Application + Bureau + Alternative,Thin-file,10:1,0.31,6573,92,5801,130,550,0.4144144144144144,0.14330218068535824,0.966225467822912,0.03377453217708809,0.08660053534876397,5630,0.8565343070135403
validation,Application + Bureau + Alternative,Thin-file,1:1,0.32,6573,84,5812,119,558,0.41379310344827586,0.1308411214953271,0.9691160809371672,0.0308839190628328,0.08759811616954474,677,0.10299710938688575
validation,Application + Bureau + Alternative,Thin-file,2:1,0.32,6573,84,5812,119,558,0.41379310344827586,0.1308411214953271,0.9691160809371672,0.0308839190628328,0.08759811616954474,1235,0.18788985242659365
validation,Application + Bureau + Alternative,Thin-file,5:1,0.32,6573,84,5812,119,558,0.41379310344827586,0.1308411214953271,0.9691160809371672,0.0308839190628328,0.08759811616954474,2909,0.4425680815457173
validation,Application + Bureau + Alternative,Thin-file,10:1,0.32,6573,84,5812,119,558,0.41379310344827586,0.1308411214953271,0.9691160809371672,0.0308839190628328,0.08759811616954474,5699,0.8670317967442568
validation,Application + Bureau + Alternative,Thin-file,1:1,0.33,6573,81,5824,107,561,0.4308510638297872,0.1261682242990654,0.9713981439221056,0.028601856077894415,0.08786217697729053,668,0.10162787159592271
validation,Application + Bureau + Alternative,Thin-file,2:1,0.33,6573,81,5824,107,561,0.4308510638297872,0.1261682242990654,0.9713981439221056,0.028601856077894415,0.08786217697729053,1229,0.18697702723261828
validation,Application + Bureau + Alternative,Thin-file,5:1,0.33,6573,81,5824,107,561,0.4308510638297872,0.1261682242990654,0.9713981439221056,0.028601856077894415,0.08786217697729053,2912,0.443024494142705
validation,Application + Bureau + Alternative,Thin-file,10:1,0.33,6573,81,5824,107,561,0.4308510638297872,0.1261682242990654,0.9713981439221056,0.028601856077894415,0.08786217697729053,5717,0.8697702723261829
validation,Application + Bureau + Alternative,Thin-file,1:1,0.34,6573,70,5837,94,572,0.4268292682926829,0.10903426791277258,0.975049444698007,0.024950555301993003,0.08924949290060852,666,0.10132359653126426
validation,Application + Bureau + Alternative,Thin-file,2:1,0.34,6573,70,5837,94,572,0.4268292682926829,0.10903426791277258,0.975049444698007,0.024950555301993003,0.08924949290060852,1238,0.18834626502358132
validation,Application + Bureau + Alternative,Thin-file,5:1,0.34,6573,70,5837,94,572,0.4268292682926829,0.10903426791277258,0.975049444698007,0.024950555301993003,0.08924949290060852,2954,0.4494142705005325
validation,Application + Bureau + Alternative,Thin-file,10:1,0.34,6573,70,5837,94,572,0.4268292682926829,0.10903426791277258,0.975049444698007,0.024950555301993003,0.08924949290060852,5814,0.8845276129621178
validation,Application + Bureau + Alternative,Thin-file,1:1,0.35,6573,68,5846,85,574,0.4444444444444444,0.1059190031152648,0.9767229575536285,0.02327704244637152,0.08940809968847352,659,0.10025863380495968
validation,Application + Bureau + Alternative,Thin-file,2:1,0.35,6573,68,5846,85,574,0.4444444444444444,0.1059190031152648,0.9767229575536285,0.02327704244637152,0.08940809968847352,1233,0.18758557736193518
validation,Application + Bureau + Alternative,Thin-file,5:1,0.35,6573,68,5846,85,574,0.4444444444444444,0.1059190031152648,0.9767229575536285,0.02327704244637152,0.08940809968847352,2955,0.4495664080328617
validation,Application + Bureau + Alternative,Thin-file,10:1,0.35,6573,68,5846,85,574,0.4444444444444444,0.1059190031152648,0.9767229575536285,0.02327704244637152,0.08940809968847352,5825,0.8862011258177392
validation,Application + Bureau + Alternative,Thin-file,1:1,0.36,6573,60,5856,75,582,0.4444444444444444,0.09345794392523364,0.9794614331355546,0.020538566864445457,0.09040074557315937,657,0.09995435874030123
validation,Application + Bureau + Alternative,Thin-file,2:1,0.36,6573,60,5856,75,582,0.4444444444444444,0.09345794392523364,0.9794614331355546,0.020538566864445457,0.09040074557315937,1239,0.18849840255591055
validation,Application + Bureau + Alternative,Thin-file,5:1,0.36,6573,60,5856,75,582,0.4444444444444444,0.09345794392523364,0.9794614331355546,0.020538566864445457,0.09040074557315937,2985,0.45413053400273845
validation,Application + Bureau + Alternative,Thin-file,10:1,0.36,6573,60,5856,75,582,0.4444444444444444,0.09345794392523364,0.9794614331355546,0.020538566864445457,0.09040074557315937,5895,0.896850753080785
validation,Application + Bureau + Alternative,Thin-file,1:1,0.37,6573,53,5863,68,589,0.4380165289256198,0.08255451713395638,0.9815913585881637,0.0184086414118363,0.09128952262864228,657,0.09995435874030123
validation,Application + Bureau + Alternative,Thin-file,2:1,0.37,6573,53,5863,68,589,0.4380165289256198,0.08255451713395638,0.9815913585881637,0.0184086414118363,0.09128952262864228,1246,0.18956336528221512
validation,Application + Bureau + Alternative,Thin-file,5:1,0.37,6573,53,5863,68,589,0.4380165289256198,0.08255451713395638,0.9815913585881637,0.0184086414118363,0.09128952262864228,3013,0.4583903849079568
validation,Application + Bureau + Alternative,Thin-file,10:1,0.37,6573,53,5863,68,589,0.4380165289256198,0.08255451713395638,0.9815913585881637,0.0184086414118363,0.09128952262864228,5958,0.9064354176175262
validation,Application + Bureau + Alternative,Thin-file,1:1,0.38,6573,50,5873,58,592,0.46296296296296297,0.0778816199376947,0.9835691465084436,0.016430853491556367,0.09156999226604795,650,0.09888939601399666
validation,Application + Bureau + Alternative,Thin-file,2:1,0.38,6573,50,5873,58,592,0.46296296296296297,0.0778816199376947,0.9835691465084436,0.016430853491556367,0.09156999226604795,1242,0.18895481515289822
validation,Application + Bureau + Alternative,Thin-file,5:1,0.38,6573,50,5873,58,592,0.46296296296296297,0.0778816199376947,0.9835691465084436,0.016430853491556367,0.09156999226604795,3018,0.4591510725696029
validation,Application + Bureau + Alternative,Thin-file,10:1,0.38,6573,50,5873,58,592,0.46296296296296297,0.0778816199376947,0.9835691465084436,0.016430853491556367,0.09156999226604795,5978,0.9094781682641108
validation,Application + Bureau + Alternative,Thin-file,1:1,0.39,6573,41,5878,53,601,0.43617021276595747,0.06386292834890965,0.9856990719610528,0.014300928038947208,0.09276122858465813,654,0.09949794614331356
validation,Application + Bureau + Alternative,Thin-file,2:1,0.39,6573,41,5878,53,601,0.43617021276595747,0.06386292834890965,0.9856990719610528,0.014300928038947208,0.09276122858465813,1255,0.19093260307317816
validation,Application + Bureau + Alternative,Thin-file,5:1,0.39,6573,41,5878,53,601,0.43617021276595747,0.06386292834890965,0.9856990719610528,0.014300928038947208,0.09276122858465813,3058,0.46523657386277195
validation,Application + Bureau + Alternative,Thin-file,10:1,0.39,6573,41,5878,53,601,0.43617021276595747,0.06386292834890965,0.9856990719610528,0.014300928038947208,0.09276122858465813,6063,0.9224098585120949
validation,Application + Bureau + Alternative,Thin-file,1:1,0.4,6573,33,5891,40,609,0.4520547945205479,0.0514018691588785,0.9888939601399666,0.01110603986003347,0.09369230769230769,649,0.09873725848166742
validation,Application + Bureau + Alternative,Thin-file,2:1,0.4,6573,33,5891,40,609,0.4520547945205479,0.0514018691588785,0.9888939601399666,0.01110603986003347,0.09369230769230769,1258,0.19138901567016584
validation,Application + Bureau + Alternative,Thin-file,5:1,0.4,6573,33,5891,40,609,0.4520547945205479,0.0514018691588785,0.9888939601399666,0.01110603986003347,0.09369230769230769,3085,0.469344287235661
validation,Application + Bureau + Alternative,Thin-file,10:1,0.4,6573,33,5891,40,609,0.4520547945205479,0.0514018691588785,0.9888939601399666,0.01110603986003347,0.09369230769230769,6130,0.932603073178153
validation,Application + Bureau + Alternative,Thin-file,1:1,0.41,6573,32,5895,36,610,0.47058823529411764,0.04984423676012461,0.9896546478016126,0.010345352198387342,0.09377401998462721,646,0.09828084588467975
validation,Application + Bureau + Alternative,Thin-file,2:1,0.41,6573,32,5895,36,610,0.47058823529411764,0.04984423676012461,0.9896546478016126,0.010345352198387342,0.09377401998462721,1256,0.19108474060550737
validation,Application + Bureau + Alternative,Thin-file,5:1,0.41,6573,32,5895,36,610,0.47058823529411764,0.04984423676012461,0.9896546478016126,0.010345352198387342,0.09377401998462721,3086,0.46949642476799025
validation,Application + Bureau + Alternative,Thin-file,10:1,0.41,6573,32,5895,36,610,0.47058823529411764,0.04984423676012461,0.9896546478016126,0.010345352198387342,0.09377401998462721,6136,0.9335158983721284
validation,Application + Bureau + Alternative,Thin-file,1:1,0.42,6573,30,5901,30,612,0.5,0.04672897196261682,0.9908717480602465,0.009128251939753538,0.09396591432519576,642,0.09767229575536285
validation,Application + Bureau + Alternative,Thin-file,2:1,0.42,6573,30,5901,30,612,0.5,0.04672897196261682,0.9908717480602465,0.009128251939753538,0.09396591432519576,1254,0.19078046554084893
validation,Application + Bureau + Alternative,Thin-file,5:1,0.42,6573,30,5901,30,612,0.5,0.04672897196261682,0.9908717480602465,0.009128251939753538,0.09396591432519576,3090,0.4701049748973072
validation,Application + Bureau + Alternative,Thin-file,10:1,0.42,6573,30,5901,30,612,0.5,0.04672897196261682,0.9908717480602465,0.009128251939753538,0.09396591432519576,6150,0.9356458238247376
validation,Application + Bureau + Alternative,Thin-file,1:1,0.43,6573,26,5907,24,616,0.52,0.040498442367601244,0.9923931233835387,0.007606876616461281,0.09443507588532883,640,0.0973680206907044
validation,Application + Bureau + Alternative,Thin-file,2:1,0.43,6573,26,5907,24,616,0.52,0.040498442367601244,0.9923931233835387,0.007606876616461281,0.09443507588532883,1256,0.19108474060550737
validation,Application + Bureau + Alternative,Thin-file,5:1,0.43,6573,26,5907,24,616,0.52,0.040498442367601244,0.9923931233835387,0.007606876616461281,0.09443507588532883,3104,0.47223490034991633
validation,Application + Bureau + Alternative,Thin-file,10:1,0.43,6573,26,5907,24,616,0.52,0.040498442367601244,0.9923931233835387,0.007606876616461281,0.09443507588532883,6184,0.9408184999239312
validation,Application + Bureau + Alternative,Thin-file,1:1,0.44,6573,24,5910,21,618,0.5333333333333333,0.037383177570093455,0.9931538110451849,0.006846188954815153,0.09466911764705882,639,0.09721588315837518
validation,Application + Bureau + Alternative,Thin-file,2:1,0.44,6573,24,5910,21,618,0.5333333333333333,0.037383177570093455,0.9931538110451849,0.006846188954815153,0.09466911764705882,1257,0.1912368781378366
validation,Application + Bureau + Alternative,Thin-file,5:1,0.44,6573,24,5910,21,618,0.5333333333333333,0.037383177570093455,0.9931538110451849,0.006846188954815153,0.09466911764705882,3111,0.4732998630762209
validation,Application + Bureau + Alternative,Thin-file,10:1,0.44,6573,24,5910,21,618,0.5333333333333333,0.037383177570093455,0.9931538110451849,0.006846188954815153,0.09466911764705882,6201,0.943404837973528
validation,Application + Bureau + Alternative,Thin-file,1:1,0.45,6573,19,5913,18,623,0.5135135135135135,0.029595015576323987,0.9943709113038186,0.005629088696181348,0.09531823745410037,641,0.09752015822303363
validation,Application + Bureau + Alternative,Thin-file,2:1,0.45,6573,19,5913,18,623,0.5135135135135135,0.029595015576323987,0.9943709113038186,0.005629088696181348,0.09531823745410037,1264,0.19230184086414118
validation,Application + Bureau + Alternative,Thin-file,5:1,0.45,6573,19,5913,18,623,0.5135135135135135,0.029595015576323987,0.9943709113038186,0.005629088696181348,0.09531823745410037,3133,0.47664688878746386
validation,Application + Bureau + Alternative,Thin-file,10:1,0.45,6573,19,5913,18,623,0.5135135135135135,0.029595015576323987,0.9943709113038186,0.005629088696181348,0.09531823745410037,6248,0.9505553019930016
validation,Application + Bureau + Alternative,Thin-file,1:1,0.46,6573,16,5917,14,626,0.5333333333333333,0.024922118380062305,0.9954358740301232,0.004564125969876769,0.09567476692648633,640,0.0973680206907044
validation,Application + Bureau + Alternative,Thin-file,2:1,0.46,6573,16,5917,14,626,0.5333333333333333,0.024922118380062305,0.9954358740301232,0.004564125969876769,0.09567476692648633,1266,0.19260611592879964
validation,Application + Bureau + Alternative,Thin-file,5:1,0.46,6573,16,5917,14,626,0.5333333333333333,0.024922118380062305,0.9954358740301232,0.004564125969876769,0.09567476692648633,3144,0.47832040164308537
validation,Application + Bureau + Alternative,Thin-file,10:1,0.46,6573,16,5917,14,626,0.5333333333333333,0.024922118380062305,0.9954358740301232,0.004564125969876769,0.09567476692648633,6274,0.9545108778335616
validation,Application + Bureau + Alternative,Thin-file,1:1,0.47,6573,15,5919,12,627,0.5555555555555556,0.02336448598130841,0.9958922866271109,0.004107713372889092,0.09578368469294225,639,0.09721588315837518
validation,Application + Bureau + Alternative,Thin-file,2:1,0.47,6573,15,5919,12,627,0.5555555555555556,0.02336448598130841,0.9958922866271109,0.004107713372889092,0.09578368469294225,1266,0.19260611592879964
validation,Application + Bureau + Alternative,Thin-file,5:1,0.47,6573,15,5919,12,627,0.5555555555555556,0.02336448598130841,0.9958922866271109,0.004107713372889092,0.09578368469294225,3147,0.478776814240073
validation,Application + Bureau + Alternative,Thin-file,10:1,0.47,6573,15,5919,12,627,0.5555555555555556,0.02336448598130841,0.9958922866271109,0.004107713372889092,0.09578368469294225,6282,0.9557279780921953
validation,Application + Bureau + Alternative,Thin-file,1:1,0.48,6573,13,5920,11,629,0.5416666666666666,0.020249221183800622,0.9963486992240986,0.003651300775901415,0.096045197740113,640,0.0973680206907044
validation,Application + Bureau + Alternative,Thin-file,2:1,0.48,6573,13,5920,11,629,0.5416666666666666,0.020249221183800622,0.9963486992240986,0.003651300775901415,0.096045197740113,1269,0.1930625285257873
validation,Application + Bureau + Alternative,Thin-file,5:1,0.48,6573,13,5920,11,629,0.5416666666666666,0.020249221183800622,0.9963486992240986,0.003651300775901415,0.096045197740113,3156,0.48014605203103605
validation,Application + Bureau + Alternative,Thin-file,10:1,0.48,6573,13,5920,11,629,0.5416666666666666,0.020249221183800622,0.9963486992240986,0.003651300775901415,0.096045197740113,6301,0.9586185912064507
validation,Application + Bureau + Alternative,Thin-file,1:1,0.49,6573,12,5922,9,630,0.5714285714285714,0.018691588785046728,0.9968051118210862,0.003194888178913738,0.09615384615384616,639,0.09721588315837518
validation,Application + Bureau + Alternative,Thin-file,2:1,0.49,6573,12,5922,9,630,0.5714285714285714,0.018691588785046728,0.9968051118210862,0.003194888178913738,0.09615384615384616,1269,0.1930625285257873
validation,Application + Bureau + Alternative,Thin-file,5:1,0.49,6573,12,5922,9,630,0.5714285714285714,0.018691588785046728,0.9968051118210862,0.003194888178913738,0.09615384615384616,3159,0.48060246462802375
validation,Application + Bureau + Alternative,Thin-file,10:1,0.49,6573,12,5922,9,630,0.5714285714285714,0.018691588785046728,0.9968051118210862,0.003194888178913738,0.09615384615384616,6309,0.9598356914650844
validation,Application + Bureau + Alternative,Thin-file,1:1,0.5,6573,9,5923,8,633,0.5294117647058824,0.014018691588785047,0.9974136619504032,0.0025863380495968354,0.09655277608297742,641,0.09752015822303363
validation,Application + Bureau + Alternative,Thin-file,2:1,0.5,6573,9,5923,8,633,0.5294117647058824,0.014018691588785047,0.9974136619504032,0.0025863380495968354,0.09655277608297742,1274,0.19382321618743345
validation,Application + Bureau + Alternative,Thin-file,5:1,0.5,6573,9,5923,8,633,0.5294117647058824,0.014018691588785047,0.9974136619504032,0.0025863380495968354,0.09655277608297742,3173,0.4827323900806329
validation,Application + Bureau + Alternative,Thin-file,10:1,0.5,6573,9,5923,8,633,0.5294117647058824,0.014018691588785047,0.9974136619504032,0.0025863380495968354,0.09655277608297742,6338,0.9642476799026319
validation,Application + Bureau + Alternative,Non-thin-file,1:1,0.01,39554,3078,579,35893,4,0.07898180698468092,0.9987021414665801,0.014739343682054913,0.9852606563179451,0.00686106346483705,35897,0.9075441169034737
validation,Application + Bureau + Alternative,Non-thin-file,2:1,0.01,39554,3078,579,35893,4,0.07898180698468092,0.9987021414665801,0.014739343682054913,0.9852606563179451,0.00686106346483705,35901,0.9076452444759063
validation,Application + Bureau + Alternative,Non-thin-file,5:1,0.01,39554,3078,579,35893,4,0.07898180698468092,0.9987021414665801,0.014739343682054913,0.9852606563179451,0.00686106346483705,35913,0.9079486271932042
validation,Application + Bureau + Alternative,Non-thin-file,10:1,0.01,39554,3078,579,35893,4,0.07898180698468092,0.9987021414665801,0.014739343682054913,0.9852606563179451,0.00686106346483705,35933,0.9084542650553673
validation,Application + Bureau + Alternative,Non-thin-file,1:1,0.02,39554,3012,5331,31141,70,0.08819137411061986,0.9772874756651525,0.13654750467715024,0.8634524953228497,0.012960562858729865,31211,0.789073165798655
validation,Application + Bureau + Alternative,Non-thin-file,2:1,0.02,39554,3012,5331,31141,70,0.08819137411061986,0.9772874756651525,0.13654750467715024,0.8634524953228497,0.012960562858729865,31281,0.7908428983162259
validation,Application + Bureau + Alternative,Non-thin-file,5:1,0.02,39554,3012,5331,31141,70,0.08819137411061986,0.9772874756651525,0.13654750467715024,0.8634524953228497,0.012960562858729865,31491,0.7961520958689386
validation,Application + Bureau + Alternative,Non-thin-file,10:1,0.02,39554,3012,5331,31141,70,0.08819137411061986,0.9772874756651525,0.13654750467715024,0.8634524953228497,0.012960562858729865,31841,0.8050007584567932
validation,Application + Bureau + Alternative,Non-thin-file,1:1,0.03,39554,2854,11131,25341,228,0.1012236212094343,0.9260220635950681,0.28717702381554333,0.7128229761844567,0.020072189453296946,25569,0.6464327248824392
validation,Application + Bureau + Alternative,Non-thin-file,2:1,0.03,39554,2854,11131,25341,228,0.1012236212094343,0.9260220635950681,0.28717702381554333,0.7128229761844567,0.020072189453296946,25797,0.6521969965110987
validation,Application + Bureau + Alternative,Non-thin-file,5:1,0.03,39554,2854,11131,25341,228,0.1012236212094343,0.9260220635950681,0.28717702381554333,0.7128229761844567,0.020072189453296946,26481,0.6694898113970774
validation,Application + Bureau + Alternative,Non-thin-file,10:1,0.03,39554,2854,11131,25341,228,0.1012236212094343,0.9260220635950681,0.28717702381554333,0.7128229761844567,0.020072189453296946,27621,0.6983111695403752
validation,Application + Bureau + Alternative,Non-thin-file,1:1,0.04,39554,2702,15883,20589,380,0.11601047614958568,0.8767034393251135,0.41115942761794005,0.58884057238206,0.023365922646498186,20969,0.5301360165849219
validation,Application + Bureau + Alternative,Non-thin-file,2:1,0.04,39554,2702,15883,20589,380,0.11601047614958568,0.8767034393251135,0.41115942761794005,0.58884057238206,0.023365922646498186,21349,0.5397431359660211
validation,Application + Bureau + Alternative,Non-thin-file,5:1,0.04,39554,2702,15883,20589,380,0.11601047614958568,0.8767034393251135,0.41115942761794005,0.58884057238206,0.023365922646498186,22489,0.5685644941093189
validation,Application + Bureau + Alternative,Non-thin-file,10:1,0.04,39554,2702,15883,20589,380,0.11601047614958568,0.8767034393251135,0.41115942761794005,0.58884057238206,0.023365922646498186,24389,0.6166000910148152
validation,Application + Bureau + Alternative,Non-thin-file,1:1,0.05,39554,2507,19741,16731,575,0.13031500155941367,0.8134328358208955,0.5136269403852961,0.48637305961470395,0.02830281551486513,17306,0.4375284421297467
validation,Application + Bureau + Alternative,Non-thin-file,2:1,0.05,39554,2507,19741,16731,575,0.13031500155941367,0.8134328358208955,0.5136269403852961,0.48637305961470395,0.02830281551486513,17881,0.45206553066693633
validation,Application + Bureau + Alternative,Non-thin-file,5:1,0.05,39554,2507,19741,16731,575,0.13031500155941367,0.8134328358208955,0.5136269403852961,0.48637305961470395,0.02830281551486513,19606,0.49567679627850536
validation,Application + Bureau + Alternative,Non-thin-file,10:1,0.05,39554,2507,19741,16731,575,0.13031500155941367,0.8134328358208955,0.5136269403852961,0.48637305961470395,0.02830281551486513,22481,0.5683622389644537
validation,Application + Bureau + Alternative,Non-thin-file,1:1,0.06,39554,2353,22513,13959,729,0.14424963217263365,0.763465282284231,0.5876017596197604,0.4123982403802397,0.031365631184923845,14688,0.3713404459725944
validation,Application + Bureau + Alternative,Non-thin-file,2:1,0.06,39554,2353,22513,13959,729,0.14424963217263365,0.763465282284231,0.5876017596197604,0.4123982403802397,0.031365631184923845,15417,0.3897709460484401
validation,Application + Bureau + Alternative,Non-thin-file,5:1,0.06,39554,2353,22513,13959,729,0.14424963217263365,0.763465282284231,0.5876017596197604,0.4123982403802397,0.031365631184923845,17604,0.44506244627597713
validation,Application + Bureau + Alternative,Non-thin-file,10:1,0.06,39554,2353,22513,13959,729,0.14424963217263365,0.763465282284231,0.5876017596197604,0.4123982403802397,0.031365631184923845,21249,0.5372149466552055
validation,Application + Bureau + Alternative,Non-thin-file,1:1,0.07,39554,2193,24734,11738,889,0.15741870648194672,0.7115509409474368,0.6477979471102796,0.3522020528897204,0.034695390859774425,12627,0.31923446427668506
validation,Application + Bureau + Alternative,Non-thin-file,2:1,0.07,39554,2193,24734,11738,889,0.15741870648194672,0.7115509409474368,0.6477979471102796,0.3522020528897204,0.034695390859774425,13516,0.34171006724983566
validation,Application + Bureau + Alternative,Non-thin-file,5:1,0.07,39554,2193,24734,11738,889,0.15741870648194672,0.7115509409474368,0.6477979471102796,0.3522020528897204,0.034695390859774425,16183,0.40913687616928757
validation,Application + Bureau + Alternative,Non-thin-file,10:1,0.07,39554,2193,24734,11738,889,0.15741870648194672,0.7115509409474368,0.6477979471102796,0.3522020528897204,0.034695390859774425,20628,0.5215148910350407
validation,Application + Bureau + Alternative,Non-thin-file,1:1,0.08,39554,2051,26461,10011,1031,0.170038136295805,0.6654769630110318,0.6950498053294231,0.30495019467057694,0.037501818710897715,11042,0.2791626637002579
validation,Application + Bureau + Alternative,Non-thin-file,2:1,0.08,39554,2051,26461,10011,1031,0.170038136295805,0.6654769630110318,0.6950498053294231,0.30495019467057694,0.037501818710897715,12073,0.30522829549476665
validation,Application + Bureau + Alternative,Non-thin-file,5:1,0.08,39554,2051,26461,10011,1031,0.170038136295805,0.6654769630110318,0.6950498053294231,0.30495019467057694,0.037501818710897715,15166,0.38342519087829297
validation,Application + Bureau + Alternative,Non-thin-file,10:1,0.08,39554,2051,26461,10011,1031,0.170038136295805,0.6654769630110318,0.6950498053294231,0.30495019467057694,0.037501818710897715,20321,0.5137533498508369
validation,Application + Bureau + Alternative,Non-thin-file,1:1,0.09,39554,1913,27828,8644,1169,0.18120678222980013,0.6207008436080467,0.7330990544571978,0.26690094554280225,0.04031451529468566,9813,0.2480912170703342
validation,Application + Bureau + Alternative,Non-thin-file,2:1,0.09,39554,1913,27828,8644,1169,0.18120678222980013,0.6207008436080467,0.7330990544571978,0.26690094554280225,0.04031451529468566,10982,0.2776457501137685
validation,Application + Bureau + Alternative,Non-thin-file,5:1,0.09,39554,1913,27828,8644,1169,0.18120678222980013,0.6207008436080467,0.7330990544571978,0.26690094554280225,0.04031451529468566,14489,0.3663093492440714
validation,Application + Bureau + Alternative,Non-thin-file,10:1,0.09,39554,1913,27828,8644,1169,0.18120678222980013,0.6207008436080467,0.7330990544571978,0.26690094554280225,0.04031451529468566,20334,0.5140820144612429
validation,Application + Bureau + Alternative,Non-thin-file,1:1,0.1,39554,1795,28935,7537,1287,0.1923489069867124,0.582414016872161,0.7640693735146887,0.2359306264853112,0.04258487194758785,8824,0.223087424786368
validation,Application + Bureau + Alternative,Non-thin-file,2:1,0.1,39554,1795,28935,7537,1287,0.1923489069867124,0.582414016872161,0.7640693735146887,0.2359306264853112,0.04258487194758785,10111,0.25562522121656467
validation,Application + Bureau + Alternative,Non-thin-file,5:1,0.1,39554,1795,28935,7537,1287,0.1923489069867124,0.582414016872161,0.7640693735146887,0.2359306264853112,0.04258487194758785,13972,0.35323861050715477
validation,Application + Bureau + Alternative,Non-thin-file,10:1,0.1,39554,1795,28935,7537,1287,0.1923489069867124,0.582414016872161,0.7640693735146887,0.2359306264853112,0.04258487194758785,20407,0.5159275926581383
validation,Application + Bureau + Alternative,Non-thin-file,1:1,0.11,39554,1666,29902,6570,1416,0.20228266148615834,0.5405580791693705,0.7917783283612276,0.2082216716387723,0.04521361517338272,7986,0.20190119836173331
validation,Application + Bureau + Alternative,Non-thin-file,2:1,0.11,39554,1666,29902,6570,1416,0.20228266148615834,0.5405580791693705,0.7917783283612276,0.2082216716387723,0.04521361517338272,9402,0.23770035900288214
validation,Application + Bureau + Alternative,Non-thin-file,5:1,0.11,39554,1666,29902,6570,1416,0.20228266148615834,0.5405580791693705,0.7917783283612276,0.2082216716387723,0.04521361517338272,13650,0.34509784092632856
validation,Application + Bureau + Alternative,Non-thin-file,10:1,0.11,39554,1666,29902,6570,1416,0.20228266148615834,0.5405580791693705,0.7917783283612276,0.2082216716387723,0.04521361517338272,20730,0.5240936441320726
validation,Application + Bureau + Alternative,Non-thin-file,1:1,0.12,39554,1557,30709,5763,1525,0.21270491803278688,0.5051914341336794,0.8149365424482985,0.18506345755170148,0.047310293478935284,7288,0.18425443697224048
validation,Application + Bureau + Alternative,Non-thin-file,2:1,0.12,39554,1557,30709,5763,1525,0.21270491803278688,0.5051914341336794,0.8149365424482985,0.18506345755170148,0.047310293478935284,8813,0.22280932396217829
validation,Application + Bureau + Alternative,Non-thin-file,5:1,0.12,39554,1557,30709,5763,1525,0.21270491803278688,0.5051914341336794,0.8149365424482985,0.18506345755170148,0.047310293478935284,13388,0.3384739849319917
validation,Application + Bureau + Alternative,Non-thin-file,10:1,0.12,39554,1557,30709,5763,1525,0.21270491803278688,0.5051914341336794,0.8149365424482985,0.18506345755170148,0.047310293478935284,21013,0.5312484198816807
validation,Application + Bureau + Alternative,Non-thin-file,1:1,0.13,39554,1461,31425,5047,1621,0.22449293177627536,0.47404282933160286,0.8354654396521212,0.16453456034787886,0.04905283544150578,6668,0.1685796632451838
validation,Application + Bureau + Alternative,Non-thin-file,2:1,0.13,39554,1461,31425,5047,1621,0.22449293177627536,0.47404282933160286,0.8354654396521212,0.16453456034787886,0.04905283544150578,8289,0.20956161197350456
validation,Application + Bureau + Alternative,Non-thin-file,5:1,0.13,39554,1461,31425,5047,1621,0.22449293177627536,0.47404282933160286,0.8354654396521212,0.16453456034787886,0.04905283544150578,13152,0.3325074581584669
validation,Application + Bureau + Alternative,Non-thin-file,10:1,0.13,39554,1461,31425,5047,1621,0.22449293177627536,0.47404282933160286,0.8354654396521212,0.16453456034787886,0.04905283544150578,21257,0.5374172018000708
validation,Application + Bureau + Alternative,Non-thin-file,1:1,0.14,39554,1371,32013,4459,1711,0.2351629502572899,0.44484101232965606,0.8526065631794508,0.14739343682054912,0.05073538133080299,6170,0.15598928047732213
validation,Application + Bureau + Alternative,Non-thin-file,2:1,0.14,39554,1371,32013,4459,1711,0.2351629502572899,0.44484101232965606,0.8526065631794508,0.14739343682054912,0.05073538133080299,7881,0.19924659958537697
validation,Application + Bureau + Alternative,Non-thin-file,5:1,0.14,39554,1371,32013,4459,1711,0.2351629502572899,0.44484101232965606,0.8526065631794508,0.14739343682054912,0.05073538133080299,13014,0.3290185569095414
validation,Application + Bureau + Alternative,Non-thin-file,10:1,0.14,39554,1371,32013,4459,1711,0.2351629502572899,0.44484101232965606,0.8526065631794508,0.14739343682054912,0.05073538133080299,21569,0.5453051524498155
validation,Application + Bureau + Alternative,Non-thin-file,1:1,0.15,39554,1274,32551,3921,1808,0.24523580365736286,0.4133679428942245,0.8686605653031299,0.1313394346968701,0.052620856253092346,5729,0.14483996561662538
validation,Application + Bureau + Alternative,Non-thin-file,2:1,0.15,39554,1274,32551,3921,1808,0.24523580365736286,0.4133679428942245,0.8686605653031299,0.1313394346968701,0.052620856253092346,7537,0.1905496283561713
validation,Application + Bureau + Alternative,Non-thin-file,5:1,0.15,39554,1274,32551,3921,1808,0.24523580365736286,0.4133679428942245,0.8686605653031299,0.1313394346968701,0.052620856253092346,12961,0.3276786165748091
validation,Application + Bureau + Alternative,Non-thin-file,10:1,0.15,39554,1274,32551,3921,1808,0.24523580365736286,0.4133679428942245,0.8686605653031299,0.1313394346968701,0.052620856253092346,22001,0.5562269302725388
validation,Application + Bureau + Alternative,Non-thin-file,1:1,0.16,39554,1178,32986,3486,1904,0.2525728987993139,0.382219338092148,0.8820852505435607,0.1179147494564393,0.05457151046145027,5390,0.13626940385296052
validation,Application + Bureau + Alternative,Non-thin-file,2:1,0.16,39554,1178,32986,3486,1904,0.2525728987993139,0.382219338092148,0.8820852505435607,0.1179147494564393,0.05457151046145027,7294,0.18440612833088943
validation,Application + Bureau + Alternative,Non-thin-file,5:1,0.16,39554,1178,32986,3486,1904,0.2525728987993139,0.382219338092148,0.8820852505435607,0.1179147494564393,0.05457151046145027,13006,0.32881630176467613
validation,Application + Bureau + Alternative,Non-thin-file,10:1,0.16,39554,1178,32986,3486,1904,0.2525728987993139,0.382219338092148,0.8820852505435607,0.1179147494564393,0.05457151046145027,22526,0.5694999241543207
validation,Application + Bureau + Alternative,Non-thin-file,1:1,0.17,39554,1101,33376,3096,1981,0.26233023588277343,0.35723556132381573,0.8938918946250696,0.10610810537493047,0.0560285092060978,5077,0.1283561713101077
validation,Application + Bureau + Alternative,Non-thin-file,2:1,0.17,39554,1101,33376,3096,1981,0.26233023588277343,0.35723556132381573,0.8938918946250696,0.10610810537493047,0.0560285092060978,7058,0.1784396015573646
validation,Application + Bureau + Alternative,Non-thin-file,5:1,0.17,39554,1101,33376,3096,1981,0.26233023588277343,0.35723556132381573,0.8938918946250696,0.10610810537493047,0.0560285092060978,13001,0.32868989229913537
validation,Application + Bureau + Alternative,Non-thin-file,10:1,0.17,39554,1101,33376,3096,1981,0.26233023588277343,0.35723556132381573,0.8938918946250696,0.10610810537493047,0.0560285092060978,22906,0.57910704353542
validation,Application + Bureau + Alternative,Non-thin-file,1:1,0.18,39554,1024,33683,2789,2058,0.26855494361395227,0.33225178455548343,0.9036001415786014,0.09639985842139859,0.05758092946476036,4847,0.12254133589523183
validation,Application + Bureau + Alternative,Non-thin-file,2:1,0.18,39554,1024,33683,2789,2058,0.26855494361395227,0.33225178455548343,0.9036001415786014,0.09639985842139859,0.05758092946476036,6905,0.17457147191181677
validation,Application + Bureau + Alternative,Non-thin-file,5:1,0.18,39554,1024,33683,2789,2058,0.26855494361395227,0.33225178455548343,0.9036001415786014,0.09639985842139859,0.05758092946476036,13079,0.33066187996157154
validation,Application + Bureau + Alternative,Non-thin-file,10:1,0.18,39554,1024,33683,2789,2058,0.26855494361395227,0.33225178455548343,0.9036001415786014,0.09639985842139859,0.05758092946476036,23369,0.5908125600444961
validation,Application + Bureau + Alternative,Non-thin-file,1:1,0.19,39554,963,33980,2492,2119,0.278726483357453,0.31245944192083064,0.9126510593113212,0.08734894068867877,0.05869968697193828,4611,0.11657480912170703
validation,Application + Bureau + Alternative,Non-thin-file,2:1,0.19,39554,963,33980,2492,2119,0.278726483357453,0.31245944192083064,0.9126510593113212,0.08734894068867877,0.05869968697193828,6730,0.17014714061788946
validation,Application + Bureau + Alternative,Non-thin-file,5:1,0.19,39554,963,33980,2492,2119,0.278726483357453,0.31245944192083064,0.9126510593113212,0.08734894068867877,0.05869968697193828,13087,0.33086413510643675
validation,Application + Bureau + Alternative,Non-thin-file,10:1,0.19,39554,963,33980,2492,2119,0.278726483357453,0.31245944192083064,0.9126510593113212,0.08734894068867877,0.05869968697193828,23682,0.5987257925873489
validation,Application + Bureau + Alternative,Non-thin-file,1:1,0.2,39554,895,34249,2223,2187,0.2870429762668377,0.29039584685269304,0.9211710572887698,0.07882894271123021,0.06002305412229663,4410,0.11149314860696768
validation,Application + Bureau + Alternative,Non-thin-file,2:1,0.2,39554,895,34249,2223,2187,0.2870429762668377,0.29039584685269304,0.9211710572887698,0.07882894271123021,0.06002305412229663,6597,0.16678464883450472
validation,Application + Bureau + Alternative,Non-thin-file,5:1,0.2,39554,895,34249,2223,2187,0.2870429762668377,0.29039584685269304,0.9211710572887698,0.07882894271123021,0.06002305412229663,13158,0.33265914951711584
validation,Application + Bureau + Alternative,Non-thin-file,10:1,0.2,39554,895,34249,2223,2187,0.2870429762668377,0.29039584685269304,0.9211710572887698,0.07882894271123021,0.06002305412229663,24093,0.609116650654801
validation,Application + Bureau + Alternative,Non-thin-file,1:1,0.21,39554,823,34498,1974,2259,0.29424383267786913,0.26703439325113565,0.9292865449764879,0.07071345502351216,0.0614576815300487,4233,0.10701825352682409
validation,Application + Bureau + Alternative,Non-thin-file,2:1,0.21,39554,823,34498,1974,2259,0.29424383267786913,0.26703439325113565,0.9292865449764879,0.07071345502351216,0.0614576815300487,6492,0.16413005005814835
validation,Application + Bureau + Alternative,Non-thin-file,5:1,0.21,39554,823,34498,1974,2259,0.29424383267786913,0.26703439325113565,0.9292865449764879,0.07071345502351216,0.0614576815300487,13269,0.33546543965212117
validation,Application + Bureau + Alternative,Non-thin-file,10:1,0.21,39554,823,34498,1974,2259,0.29424383267786913,0.26703439325113565,0.9292865449764879,0.07071345502351216,0.0614576815300487,24564,0.6210244223087424
validation,Application + Bureau + Alternative,Non-thin-file,1:1,0.22,39554,776,34718,1754,2306,0.3067193675889328,0.2517845554834523,0.9360368104363654,0.06396318956363453,0.06228392394122731,4060,0.10264448601911311
validation,Application + Bureau + Alternative,Non-thin-file,2:1,0.22,39554,776,34718,1754,2306,0.3067193675889328,0.2517845554834523,0.9360368104363654,0.06396318956363453,0.06228392394122731,6366,0.16094453152652072
validation,Application + Bureau + Alternative,Non-thin-file,5:1,0.22,39554,776,34718,1754,2306,0.3067193675889328,0.2517845554834523,0.9360368104363654,0.06396318956363453,0.06228392394122731,13284,0.33584466804874347
validation,Application + Bureau + Alternative,Non-thin-file,10:1,0.22,39554,776,34718,1754,2306,0.3067193675889328,0.2517845554834523,0.9360368104363654,0.06396318956363453,0.06228392394122731,24814,0.6273448955857814
validation,Application + Bureau + Alternative,Non-thin-file,1:1,0.23,39554,718,34893,1579,2364,0.3125816282107096,0.23296560674886438,0.9419274915305658,0.05807250846943419,0.0634511635397375,3943,0.09968650452545887
validation,Application + Bureau + Alternative,Non-thin-file,2:1,0.23,39554,718,34893,1579,2364,0.3125816282107096,0.23296560674886438,0.9419274915305658,0.05807250846943419,0.0634511635397375,6307,0.1594528998331395
validation,Application + Bureau + Alternative,Non-thin-file,5:1,0.23,39554,718,34893,1579,2364,0.3125816282107096,0.23296560674886438,0.9419274915305658,0.05807250846943419,0.0634511635397375,13399,0.33875208575618143
validation,Application + Bureau + Alternative,Non-thin-file,10:1,0.23,39554,718,34893,1579,2364,0.3125816282107096,0.23296560674886438,0.9419274915305658,0.05807250846943419,0.0634511635397375,25219,0.6375840622945846
validation,Application + Bureau + Alternative,Non-thin-file,1:1,0.24,39554,678,35061,1411,2404,0.3245572044040211,0.2199870214146658,0.9471861252970623,0.05281387470293775,0.06416655545175497,3815,0.0964504222076149
validation,Application + Bureau + Alternative,Non-thin-file,2:1,0.24,39554,678,35061,1411,2404,0.3245572044040211,0.2199870214146658,0.9471861252970623,0.05281387470293775,0.06416655545175497,6219,0.15722809323962178
validation,Application + Bureau + Alternative,Non-thin-file,5:1,0.24,39554,678,35061,1411,2404,0.3245572044040211,0.2199870214146658,0.9471861252970623,0.05281387470293775,0.06416655545175497,13431,0.3395611063356424
validation,Application + Bureau + Alternative,Non-thin-file,10:1,0.24,39554,678,35061,1411,2404,0.3245572044040211,0.2199870214146658,0.9471861252970623,0.05281387470293775,0.06416655545175497,25451,0.6434494614956768
validation,Application + Bureau + Alternative,Non-thin-file,1:1,0.25,39554,639,35220,1252,2443,0.3379164463246959,0.20733290071382218,0.9521919401324771,0.04780805986752288,0.06486472134455566,3695,0.09341659503463619
validation,Application + Bureau + Alternative,Non-thin-file,2:1,0.25,39554,639,35220,1252,2443,0.3379164463246959,0.20733290071382218,0.9521919401324771,0.04780805986752288,0.06486472134455566,6138,0.15518025989786116
validation,Application + Bureau + Alternative,Non-thin-file,5:1,0.25,39554,639,35220,1252,2443,0.3379164463246959,0.20733290071382218,0.9521919401324771,0.04780805986752288,0.06486472134455566,13467,0.340471254487536
validation,Application + Bureau + Alternative,Non-thin-file,10:1,0.25,39554,639,35220,1252,2443,0.3379164463246959,0.20733290071382218,0.9521919401324771,0.04780805986752288,0.06486472134455566,25682,0.6492895788036608
validation,Application + Bureau + Alternative,Non-thin-file,1:1,0.26,39554,605,35356,1116,2477,0.3515398024404416,0.1963011031797534,0.9564898619608636,0.04351013803913637,0.06547194248407474,3593,0.09083784193760429
validation,Application + Bureau + Alternative,Non-thin-file,2:1,0.26,39554,605,35356,1116,2477,0.3515398024404416,0.1963011031797534,0.9564898619608636,0.04351013803913637,0.06547194248407474,6070,0.15346109116650655
validation,Application + Bureau + Alternative,Non-thin-file,5:1,0.26,39554,605,35356,1116,2477,0.3515398024404416,0.1963011031797534,0.9564898619608636,0.04351013803913637,0.06547194248407474,13501,0.3413308388532133
validation,Application + Bureau + Alternative,Non-thin-file,10:1,0.26,39554,605,35356,1116,2477,0.3515398024404416,0.1963011031797534,0.9564898619608636,0.04351013803913637,0.06547194248407474,25886,0.6544470849977246
validation,Application + Bureau + Alternative,Non-thin-file,1:1,0.27,39554,571,35490,982,2511,0.3676754668383773,0.1852693056456846,0.9607372200030339,0.039262779996966174,0.0660772084945133,3493,0.08830965262678869
validation,Application + Bureau + Alternative,Non-thin-file,2:1,0.27,39554,571,35490,982,2511,0.3676754668383773,0.1852693056456846,0.9607372200030339,0.039262779996966174,0.0660772084945133,6004,0.15179248622136826
validation,Application + Bureau + Alternative,Non-thin-file,5:1,0.27,39554,571,35490,982,2511,0.3676754668383773,0.1852693056456846,0.9607372200030339,0.039262779996966174,0.0660772084945133,13537,0.34224098700510697
validation,Application + Bureau + Alternative,Non-thin-file,10:1,0.27,39554,571,35490,982,2511,0.3676754668383773,0.1852693056456846,0.9607372200030339,0.039262779996966174,0.0660772084945133,26092,0.6596551549780048
validation,Application + Bureau + Alternative,Non-thin-file,1:1,0.28,39554,522,35594,878,2560,0.37285714285714283,0.16937053861129137,0.9646053496485817,0.03539465035141831,0.06709650364313047,3438,0.08691914850584012
validation,Application + Bureau + Alternative,Non-thin-file,2:1,0.28,39554,522,35594,878,2560,0.37285714285714283,0.16937053861129137,0.9646053496485817,0.03539465035141831,0.06709650364313047,5998,0.1516407948627193
validation,Application + Bureau + Alternative,Non-thin-file,5:1,0.28,39554,522,35594,878,2560,0.37285714285714283,0.16937053861129137,0.9646053496485817,0.03539465035141831,0.06709650364313047,13678,0.34580573393335695
validation,Application + Bureau + Alternative,Non-thin-file,10:1,0.28,39554,522,35594,878,2560,0.37285714285714283,0.16937053861129137,0.9646053496485817,0.03539465035141831,0.06709650364313047,26478,0.6694139657177529
validation,Application + Bureau + Alternative,Non-thin-file,1:1,0.29,39554,486,35686,786,2596,0.38207547169811323,0.15768981181051264,0.9678414319664257,0.03215856803357436,0.06781254897863226,3382,0.08550336249178339
validation,Application + Bureau + Alternative,Non-thin-file,2:1,0.29,39554,486,35686,786,2596,0.38207547169811323,0.15768981181051264,0.9678414319664257,0.03215856803357436,0.06781254897863226,5978,0.15113515700055621
validation,Application + Bureau + Alternative,Non-thin-file,5:1,0.29,39554,486,35686,786,2596,0.38207547169811323,0.15768981181051264,0.9678414319664257,0.03215856803357436,0.06781254897863226,13766,0.34803054052687465
validation,Application + Bureau + Alternative,Non-thin-file,10:1,0.29,39554,486,35686,786,2596,0.38207547169811323,0.15768981181051264,0.9678414319664257,0.03215856803357436,0.06781254897863226,26746,0.6761895130707387
validation,Application + Bureau + Alternative,Non-thin-file,1:1,0.3,39554,463,35780,692,2619,0.40086580086580087,0.15022712524334847,0.9707994134600799,0.02920058653992011,0.06820490116930128,3311,0.08370834808110432
validation,Application + Bureau + Alternative,Non-thin-file,2:1,0.3,39554,463,35780,692,2619,0.40086580086580087,0.15022712524334847,0.9707994134600799,0.02920058653992011,0.06820490116930128,5930,0.14992162613136473
validation,Application + Bureau + Alternative,Non-thin-file,5:1,0.3,39554,463,35780,692,2619,0.40086580086580087,0.15022712524334847,0.9707994134600799,0.02920058653992011,0.06820490116930128,13787,0.3485614602821459
validation,Application + Bureau + Alternative,Non-thin-file,10:1,0.3,39554,463,35780,692,2619,0.40086580086580087,0.15022712524334847,0.9707994134600799,0.02920058653992011,0.06820490116930128,26882,0.679627850533448
validation,Application + Bureau + Alternative,Non-thin-file,1:1,0.31,39554,428,35853,619,2654,0.4087870105062082,0.13887086307592472,0.9735298579157607,0.026470142084239267,0.06892253356532578,3273,0.0827476361429944
validation,Application + Bureau + Alternative,Non-thin-file,2:1,0.31,39554,428,35853,619,2654,0.4087870105062082,0.13887086307592472,0.9735298579157607,0.026470142084239267,0.06892253356532578,5927,0.14984578045204025
validation,Application + Bureau + Alternative,Non-thin-file,5:1,0.31,39554,428,35853,619,2654,0.4087870105062082,0.13887086307592472,0.9735298579157607,0.026470142084239267,0.06892253356532578,13889,0.35114021337917783
validation,Application + Bureau + Alternative,Non-thin-file,10:1,0.31,39554,428,35853,619,2654,0.4087870105062082,0.13887086307592472,0.9735298579157607,0.026470142084239267,0.06892253356532578,27159,0.6866309349244072
validation,Application + Bureau + Alternative,Non-thin-file,1:1,0.32,39554,404,35920,552,2678,0.4225941422594142,0.13108371187540557,0.9758305101886029,0.024169489811397077,0.0693818332556091,3230,0.08166051473934369
validation,Application + Bureau + Alternative,Non-thin-file,2:1,0.32,39554,404,35920,552,2678,0.4225941422594142,0.13108371187540557,0.9758305101886029,0.024169489811397077,0.0693818332556091,5908,0.1493654244829853
validation,Application + Bureau + Alternative,Non-thin-file,5:1,0.32,39554,404,35920,552,2678,0.4225941422594142,0.13108371187540557,0.9758305101886029,0.024169489811397077,0.0693818332556091,13942,0.3524801537139101
validation,Application + Bureau + Alternative,Non-thin-file,10:1,0.32,39554,404,35920,552,2678,0.4225941422594142,0.13108371187540557,0.9758305101886029,0.024169489811397077,0.0693818332556091,27332,0.6910047024321181
validation,Application + Bureau + Alternative,Non-thin-file,1:1,0.33,39554,373,35983,489,2709,0.43271461716937354,0.12102530824140169,0.9782070081407696,0.02179299185923042,0.07001447327612943,3198,0.08085149415988269
validation,Application + Bureau + Alternative,Non-thin-file,2:1,0.33,39554,373,35983,489,2709,0.43271461716937354,0.12102530824140169,0.9782070081407696,0.02179299185923042,0.07001447327612943,5907,0.14934014258987713
validation,Application + Bureau + Alternative,Non-thin-file,5:1,0.33,39554,373,35983,489,2709,0.43271461716937354,0.12102530824140169,0.9782070081407696,0.02179299185923042,0.07001447327612943,14034,0.35480608787986045
validation,Application + Bureau + Alternative,Non-thin-file,10:1,0.33,39554,373,35983,489,2709,0.43271461716937354,0.12102530824140169,0.9782070081407696,0.02179299185923042,0.07001447327612943,27579,0.6972493300298326
validation,Application + Bureau + Alternative,Non-thin-file,1:1,0.34,39554,352,36052,420,2730,0.45595854922279794,0.11421155094094744,0.9804823785205036,0.019517621479496386,0.07039348151204167,3150,0.07963796329069121
validation,Application + Bureau + Alternative,Non-thin-file,2:1,0.34,39554,352,36052,420,2730,0.45595854922279794,0.11421155094094744,0.9804823785205036,0.019517621479496386,0.07039348151204167,5880,0.14865753147595692
validation,Application + Bureau + Alternative,Non-thin-file,5:1,0.34,39554,352,36052,420,2730,0.45595854922279794,0.11421155094094744,0.9804823785205036,0.019517621479496386,0.07039348151204167,14070,0.35571623603175406
validation,Application + Bureau + Alternative,Non-thin-file,10:1,0.34,39554,352,36052,420,2730,0.45595854922279794,0.11421155094094744,0.9804823785205036,0.019517621479496386,0.07039348151204167,27720,0.7008140769580826
validation,Application + Bureau + Alternative,Non-thin-file,1:1,0.35,39554,322,36086,386,2760,0.4548022598870056,0.1044776119402985,0.9821004196794256,0.017899580320574406,0.07104978633578747,3146,0.07953683571825858
validation,Application + Bureau + Alternative,Non-thin-file,2:1,0.35,39554,322,36086,386,2760,0.4548022598870056,0.1044776119402985,0.9821004196794256,0.017899580320574406,0.07104978633578747,5906,0.14931486069676897
validation,Application + Bureau + Alternative,Non-thin-file,5:1,0.35,39554,322,36086,386,2760,0.4548022598870056,0.1044776119402985,0.9821004196794256,0.017899580320574406,0.07104978633578747,14186,0.35864893563230016
validation,Application + Bureau + Alternative,Non-thin-file,10:1,0.35,39554,322,36086,386,2760,0.4548022598870056,0.1044776119402985,0.9821004196794256,0.017899580320574406,0.07104978633578747,27986,0.707539060524852
validation,Application + Bureau + Alternative,Non-thin-file,1:1,0.36,39554,289,36119,353,2793,0.4501557632398754,0.09377027903958468,0.9837690246245638,0.01623097537543611,0.07177734375,3146,0.07953683571825858
validation,Application + Bureau + Alternative,Non-thin-file,2:1,0.36,39554,289,36119,353,2793,0.4501557632398754,0.09377027903958468,0.9837690246245638,0.01623097537543611,0.07177734375,5939,0.15014916316933813
validation,Application + Bureau + Alternative,Non-thin-file,5:1,0.36,39554,289,36119,353,2793,0.4501557632398754,0.09377027903958468,0.9837690246245638,0.01623097537543611,0.07177734375,14318,0.36198614552257674
validation,Application + Bureau + Alternative,Non-thin-file,10:1,0.36,39554,289,36119,353,2793,0.4501557632398754,0.09377027903958468,0.9837690246245638,0.01623097537543611,0.07177734375,28283,0.7150477827779744
validation,Application + Bureau + Alternative,Non-thin-file,1:1,0.37,39554,266,36165,307,2816,0.4642233856893543,0.08630759247242051,0.9855134752490267,0.014486524750973354,0.0722403222082553,3123,0.078955352176771
validation,Application + Bureau + Alternative,Non-thin-file,2:1,0.37,39554,266,36165,307,2816,0.4642233856893543,0.08630759247242051,0.9855134752490267,0.014486524750973354,0.0722403222082553,5939,0.15014916316933813
validation,Application + Bureau + Alternative,Non-thin-file,5:1,0.37,39554,266,36165,307,2816,0.4642233856893543,0.08630759247242051,0.9855134752490267,0.014486524750973354,0.0722403222082553,14387,0.3637305961470395
validation,Application + Bureau + Alternative,Non-thin-file,10:1,0.37,39554,266,36165,307,2816,0.4642233856893543,0.08630759247242051,0.9855134752490267,0.014486524750973354,0.0722403222082553,28467,0.7196996511098751
validation,Application + Bureau + Alternative,Non-thin-file,1:1,0.38,39554,248,36224,248,2834,0.5,0.08046722907203115,0.9874601810183546,0.012539818981645346,0.07255875876901019,3082,0.0779187945593366
validation,Application + Bureau + Alternative,Non-thin-file,2:1,0.38,39554,248,36224,248,2834,0.5,0.08046722907203115,0.9874601810183546,0.012539818981645346,0.07255875876901019,5916,0.14956767962785053
validation,Application + Bureau + Alternative,Non-thin-file,5:1,0.38,39554,248,36224,248,2834,0.5,0.08046722907203115,0.9874601810183546,0.012539818981645346,0.07255875876901019,14418,0.36451433483339235
validation,Application + Bureau + Alternative,Non-thin-file,10:1,0.38,39554,248,36224,248,2834,0.5,0.08046722907203115,0.9874601810183546,0.012539818981645346,0.07255875876901019,28588,0.722758760175962
validation,Application + Bureau + Alternative,Non-thin-file,1:1,0.39,39554,226,36256,216,2856,0.5113122171945701,0.07332900713822194,0.9888254032461951,0.011174596753804925,0.07302106770300675,3072,0.07766597562825504
validation,Application + Bureau + Alternative,Non-thin-file,2:1,0.39,39554,226,36256,216,2856,0.5113122171945701,0.07332900713822194,0.9888254032461951,0.011174596753804925,0.07302106770300675,5928,0.1498710623451484
validation,Application + Bureau + Alternative,Non-thin-file,5:1,0.39,39554,226,36256,216,2856,0.5113122171945701,0.07332900713822194,0.9888254032461951,0.011174596753804925,0.07302106770300675,14496,0.36648632249582846
validation,Application + Bureau + Alternative,Non-thin-file,10:1,0.39,39554,226,36256,216,2856,0.5113122171945701,0.07332900713822194,0.9888254032461951,0.011174596753804925,0.07302106770300675,28776,0.7275117560802953
validation,Application + Bureau + Alternative,Non-thin-file,1:1,0.4,39554,205,36278,194,2877,0.5137844611528822,0.06651524983776769,0.9899125246498458,0.01008747535015422,0.07347720597624824,3071,0.07764069373514688
validation,Application + Bureau + Alternative,Non-thin-file,2:1,0.4,39554,205,36278,194,2877,0.5137844611528822,0.06651524983776769,0.9899125246498458,0.01008747535015422,0.07347720597624824,5948,0.15037670020731153
validation,Application + Bureau + Alternative,Non-thin-file,5:1,0.4,39554,205,36278,194,2877,0.5137844611528822,0.06651524983776769,0.9899125246498458,0.01008747535015422,0.07347720597624824,14579,0.36858471962380546
validation,Application + Bureau + Alternative,Non-thin-file,10:1,0.4,39554,205,36278,194,2877,0.5137844611528822,0.06651524983776769,0.9899125246498458,0.01008747535015422,0.07347720597624824,28964,0.7322647519846286
validation,Application + Bureau + Alternative,Non-thin-file,1:1,0.41,39554,182,36298,174,2900,0.5112359550561798,0.05905256327060351,0.9909996460534964,0.009000353946503514,0.07398336649829072,3074,0.07771653941447136
validation,Application + Bureau + Alternative,Non-thin-file,2:1,0.41,39554,182,36298,174,2900,0.5112359550561798,0.05905256327060351,0.9909996460534964,0.009000353946503514,0.07398336649829072,5974,0.15103402942812358
validation,Application + Bureau + Alternative,Non-thin-file,5:1,0.41,39554,182,36298,174,2900,0.5112359550561798,0.05905256327060351,0.9909996460534964,0.009000353946503514,0.07398336649829072,14674,0.37098649946908024
validation,Application + Bureau + Alternative,Non-thin-file,10:1,0.41,39554,182,36298,174,2900,0.5112359550561798,0.05905256327060351,0.9909996460534964,0.009000353946503514,0.07398336649829072,29174,0.7375739495373413
validation,Application + Bureau + Alternative,Non-thin-file,1:1,0.42,39554,156,36323,149,2926,0.5114754098360655,0.050616482803374434,0.9922890226020125,0.007710977397987561,0.07454967005528804,3075,0.0777418213075795
validation,Application + Bureau + Alternative,Non-thin-file,2:1,0.42,39554,156,36323,149,2926,0.5114754098360655,0.050616482803374434,0.9922890226020125,0.007710977397987561,0.07454967005528804,6001,0.15171664054204378
validation,Application + Bureau + Alternative,Non-thin-file,5:1,0.42,39554,156,36323,149,2926,0.5114754098360655,0.050616482803374434,0.9922890226020125,0.007710977397987561,0.07454967005528804,14779,0.3736410982454366
validation,Application + Bureau + Alternative,Non-thin-file,10:1,0.42,39554,156,36323,149,2926,0.5114754098360655,0.050616482803374434,0.9922890226020125,0.007710977397987561,0.07454967005528804,29409,0.743515194417758
validation,Application + Bureau + Alternative,Non-thin-file,1:1,0.43,39554,141,36348,124,2941,0.5320754716981132,0.045749513303049966,0.9933002983263387,0.0066997016736613235,0.07485555753518797,3065,0.07748900237649796
validation,Application + Bureau + Alternative,Non-thin-file,2:1,0.43,39554,141,36348,124,2941,0.5320754716981132,0.045749513303049966,0.9933002983263387,0.0066997016736613235,0.07485555753518797,6006,0.15184305000758458
validation,Application + Bureau + Alternative,Non-thin-file,5:1,0.43,39554,141,36348,124,2941,0.5320754716981132,0.045749513303049966,0.9933002983263387,0.0066997016736613235,0.07485555753518797,14829,0.3749051929008444
validation,Application + Bureau + Alternative,Non-thin-file,10:1,0.43,39554,141,36348,124,2941,0.5320754716981132,0.045749513303049966,0.9933002983263387,0.0066997016736613235,0.07485555753518797,29534,0.7466754310562775
validation,Application + Bureau + Alternative,Non-thin-file,1:1,0.44,39554,127,36362,110,2955,0.5358649789029536,0.04120700843608047,0.994008191333367,0.0059918086666329575,0.07515832845842765,3065,0.07748900237649796
validation,Application + Bureau + Alternative,Non-thin-file,2:1,0.44,39554,127,36362,110,2955,0.5358649789029536,0.04120700843608047,0.994008191333367,0.0059918086666329575,0.07515832845842765,6020,0.15219699651109875
validation,Application + Bureau + Alternative,Non-thin-file,5:1,0.44,39554,127,36362,110,2955,0.5358649789029536,0.04120700843608047,0.994008191333367,0.0059918086666329575,0.07515832845842765,14885,0.3763209789149011
validation,Application + Bureau + Alternative,Non-thin-file,10:1,0.44,39554,127,36362,110,2955,0.5358649789029536,0.04120700843608047,0.994008191333367,0.0059918086666329575,0.07515832845842765,29660,0.7498609495879052
validation,Application + Bureau + Alternative,Non-thin-file,1:1,0.45,39554,112,36372,100,2970,0.5283018867924528,0.036340038935756006,0.994640238661071,0.005359761338929059,0.0754918407808449,3070,0.07761541184203873
validation,Application + Bureau + Alternative,Non-thin-file,2:1,0.45,39554,112,36372,100,2970,0.5283018867924528,0.036340038935756006,0.994640238661071,0.005359761338929059,0.0754918407808449,6040,0.15270263437326187
validation,Application + Bureau + Alternative,Non-thin-file,5:1,0.45,39554,112,36372,100,2970,0.5283018867924528,0.036340038935756006,0.994640238661071,0.005359761338929059,0.0754918407808449,14950,0.37796430196693126
validation,Application + Bureau + Alternative,Non-thin-file,10:1,0.45,39554,112,36372,100,2970,0.5283018867924528,0.036340038935756006,0.994640238661071,0.005359761338929059,0.0754918407808449,29800,0.753400414623047
validation,Application + Bureau + Alternative,Non-thin-file,1:1,0.46,39554,102,36384,88,2980,0.5368421052631579,0.03309539260220636,0.9951964403094504,0.0048035596905496285,0.07570368864952749,3068,0.07756484805582242
validation,Application + Bureau + Alternative,Non-thin-file,2:1,0.46,39554,102,36384,88,2980,0.5368421052631579,0.03309539260220636,0.9951964403094504,0.0048035596905496285,0.07570368864952749,6048,0.1529048895181271
validation,Application + Bureau + Alternative,Non-thin-file,5:1,0.46,39554,102,36384,88,2980,0.5368421052631579,0.03309539260220636,0.9951964403094504,0.0048035596905496285,0.07570368864952749,14988,0.3789250139050412
validation,Application + Bureau + Alternative,Non-thin-file,10:1,0.46,39554,102,36384,88,2980,0.5368421052631579,0.03309539260220636,0.9951964403094504,0.0048035596905496285,0.07570368864952749,29888,0.7556252212165647
validation,Application + Bureau + Alternative,Non-thin-file,1:1,0.47,39554,92,36397,75,2990,0.5508982035928144,0.029850746268656716,0.995777923850938,0.004222076149062042,0.0759133724325285,3065,0.07748900237649796
validation,Application + Bureau + Alternative,Non-thin-file,2:1,0.47,39554,92,36397,75,2990,0.5508982035928144,0.029850746268656716,0.995777923850938,0.004222076149062042,0.0759133724325285,6055,0.1530818627698842
validation,Application + Bureau + Alternative,Non-thin-file,5:1,0.47,39554,92,36397,75,2990,0.5508982035928144,0.029850746268656716,0.995777923850938,0.004222076149062042,0.0759133724325285,15025,0.379860443950043
validation,Application + Bureau + Alternative,Non-thin-file,10:1,0.47,39554,92,36397,75,2990,0.5508982035928144,0.029850746268656716,0.995777923850938,0.004222076149062042,0.0759133724325285,29975,0.7578247459169742
validation,Application + Bureau + Alternative,Non-thin-file,1:1,0.48,39554,79,36405,67,3003,0.541095890410959,0.02563270603504218,0.9963088436062092,0.003691156393790767,0.07620280146163215,3070,0.07761541184203873
validation,Application + Bureau + Alternative,Non-thin-file,2:1,0.48,39554,79,36405,67,3003,0.541095890410959,0.02563270603504218,0.9963088436062092,0.003691156393790767,0.07620280146163215,6073,0.15353693684583103
validation,Application + Bureau + Alternative,Non-thin-file,5:1,0.48,39554,79,36405,67,3003,0.541095890410959,0.02563270603504218,0.9963088436062092,0.003691156393790767,0.07620280146163215,15082,0.38130151185720784
validation,Application + Bureau + Alternative,Non-thin-file,10:1,0.48,39554,79,36405,67,3003,0.541095890410959,0.02563270603504218,0.9963088436062092,0.003691156393790767,0.07620280146163215,30097,0.7609091368761692
validation,Application + Bureau + Alternative,Non-thin-file,1:1,0.49,39554,73,36416,56,3009,0.5658914728682171,0.023685918234912395,0.9967386357890479,0.003261364210952116,0.07632213062777425,3065,0.07748900237649796
validation,Application + Bureau + Alternative,Non-thin-file,2:1,0.49,39554,73,36416,56,3009,0.5658914728682171,0.023685918234912395,0.9967386357890479,0.003261364210952116,0.07632213062777425,6074,0.15356221873893916
validation,Application + Bureau + Alternative,Non-thin-file,5:1,0.49,39554,73,36416,56,3009,0.5658914728682171,0.023685918234912395,0.9967386357890479,0.003261364210952116,0.07632213062777425,15101,0.38178186782626283
validation,Application + Bureau + Alternative,Non-thin-file,10:1,0.49,39554,73,36416,56,3009,0.5658914728682171,0.023685918234912395,0.9967386357890479,0.003261364210952116,0.07632213062777425,30146,0.7621479496384689
validation,Application + Bureau + Alternative,Non-thin-file,1:1,0.5,39554,65,36421,51,3017,0.5603448275862069,0.02109020116807268,0.9970673003994539,0.002932699600546089,0.07649982250621229,3068,0.07756484805582242
validation,Application + Bureau + Alternative,Non-thin-file,2:1,0.5,39554,65,36421,51,3017,0.5603448275862069,0.02109020116807268,0.9970673003994539,0.002932699600546089,0.07649982250621229,6085,0.15384031956312888
validation,Application + Bureau + Alternative,Non-thin-file,5:1,0.5,39554,65,36421,51,3017,0.5603448275862069,0.02109020116807268,0.9970673003994539,0.002932699600546089,0.07649982250621229,15136,0.3826667340850483
validation,Application + Bureau + Alternative,Non-thin-file,10:1,0.5,39554,65,36421,51,3017,0.5603448275862069,0.02109020116807268,0.9970673003994539,0.002932699600546089,0.07649982250621229,30221,0.7640440916215806
test,Application + Bureau,Overall,1:1,0.01,46127,3722,392,42011,2,0.08138543283843176,0.9994629430719656,0.008541635051054697,0.9914583649489453,0.005076142131979695,42013,0.9108114553298502
test,Application + Bureau,Overall,2:1,0.01,46127,3722,392,42011,2,0.08138543283843176,0.9994629430719656,0.008541635051054697,0.9914583649489453,0.005076142131979695,42015,0.9108548138834088
test,Application + Bureau,Overall,5:1,0.01,46127,3722,392,42011,2,0.08138543283843176,0.9994629430719656,0.008541635051054697,0.9914583649489453,0.005076142131979695,42021,0.9109848895440849
test,Application + Bureau,Overall,10:1,0.01,46127,3722,392,42011,2,0.08138543283843176,0.9994629430719656,0.008541635051054697,0.9914583649489453,0.005076142131979695,42031,0.911201682311878
test,Application + Bureau,Overall,1:1,0.02,46127,3648,4755,37648,76,0.08833785354513754,0.9795918367346939,0.10473258612092701,0.895267413879073,0.015731732560546472,37724,0.8178290372233182
test,Application + Bureau,Overall,2:1,0.02,46127,3648,4755,37648,76,0.08833785354513754,0.9795918367346939,0.10473258612092701,0.895267413879073,0.015731732560546472,37800,0.8194766622585471
test,Application + Bureau,Overall,5:1,0.02,46127,3648,4755,37648,76,0.08833785354513754,0.9795918367346939,0.10473258612092701,0.895267413879073,0.015731732560546472,38028,0.8244195373642336
test,Application + Bureau,Overall,10:1,0.02,46127,3648,4755,37648,76,0.08833785354513754,0.9795918367346939,0.10473258612092701,0.895267413879073,0.015731732560546472,38408,0.8326576625403777
test,Application + Bureau,Overall,1:1,0.03,46127,3488,11429,30974,236,0.10121293018397075,0.9366272824919442,0.2528887636308453,0.7471112363691548,0.02023146163737677,31210,0.6766102282827845
test,Application + Bureau,Overall,2:1,0.03,46127,3488,11429,30974,236,0.10121293018397075,0.9366272824919442,0.2528887636308453,0.7471112363691548,0.02023146163737677,31446,0.6817265376027056
test,Application + Bureau,Overall,5:1,0.03,46127,3488,11429,30974,236,0.10121293018397075,0.9366272824919442,0.2528887636308453,0.7471112363691548,0.02023146163737677,32154,0.6970754655624688
test,Application + Bureau,Overall,10:1,0.03,46127,3488,11429,30974,236,0.10121293018397075,0.9366272824919442,0.2528887636308453,0.7471112363691548,0.02023146163737677,33334,0.7226570121620742
test,Application + Bureau,Overall,1:1,0.04,46127,3297,16781,25622,427,0.11400809156609841,0.8853383458646616,0.37305699481865284,0.6269430051813472,0.024814039981404,26049,0.5647234808246797
test,Application + Bureau,Overall,2:1,0.04,46127,3297,16781,25622,427,0.11400809156609841,0.8853383458646616,0.37305699481865284,0.6269430051813472,0.024814039981404,26476,0.5739805320094522
test,Application + Bureau,Overall,5:1,0.04,46127,3297,16781,25622,427,0.11400809156609841,0.8853383458646616,0.37305699481865284,0.6269430051813472,0.024814039981404,27757,0.6017516855637696
test,Application + Bureau,Overall,10:1,0.04,46127,3297,16781,25622,427,0.11400809156609841,0.8853383458646616,0.37305699481865284,0.6269430051813472,0.024814039981404,29892,0.648036941487632
test,Application + Bureau,Overall,1:1,0.05,46127,3069,21034,21369,655,0.12558310827399952,0.8241138560687433,0.47020183406681554,0.5297981659331845,0.030199640370694822,22024,0.47746439178788996
test,Application + Bureau,Overall,2:1,0.05,46127,3069,21034,21369,655,0.12558310827399952,0.8241138560687433,0.47020183406681554,0.5297981659331845,0.030199640370694822,22679,0.4916643180783489
test,Application + Bureau,Overall,5:1,0.05,46127,3069,21034,21369,655,0.12558310827399952,0.8241138560687433,0.47020183406681554,0.5297981659331845,0.030199640370694822,24644,0.5342640969497258
test,Application + Bureau,Overall,10:1,0.05,46127,3069,21034,21369,655,0.12558310827399952,0.8241138560687433,0.47020183406681554,0.5297981659331845,0.030199640370694822,27919,0.6052637284020205
test,Application + Bureau,Overall,1:1,0.06,46127,2868,24504,17899,856,0.13810372225164924,0.7701396348012889,0.5497864591237236,0.45021354087627635,0.033753943217665616,18755,0.40659483599627116
test,Application + Bureau,Overall,2:1,0.06,46127,2868,24504,17899,856,0.13810372225164924,0.7701396348012889,0.5497864591237236,0.45021354087627635,0.033753943217665616,19611,0.4251522969193748
test,Application + Bureau,Overall,5:1,0.06,46127,2868,24504,17899,856,0.13810372225164924,0.7701396348012889,0.5497864591237236,0.45021354087627635,0.033753943217665616,22179,0.4808246796886856
test,Application + Bureau,Overall,10:1,0.06,46127,2868,24504,17899,856,0.13810372225164924,0.7701396348012889,0.5497864591237236,0.45021354087627635,0.033753943217665616,26459,0.5736119843042036
test,Application + Bureau,Overall,1:1,0.07,46127,2681,27200,15203,1043,0.14991053455602774,0.7199248120300752,0.6122878140785223,0.38771218592147766,0.03692950465602096,16246,0.35220153055694065
test,Application + Bureau,Overall,2:1,0.07,46127,2681,27200,15203,1043,0.14991053455602774,0.7199248120300752,0.6122878140785223,0.38771218592147766,0.03692950465602096,17289,0.3748130162377783
test,Application + Bureau,Overall,5:1,0.07,46127,2681,27200,15203,1043,0.14991053455602774,0.7199248120300752,0.6122878140785223,0.38771218592147766,0.03692950465602096,20418,0.44264747328029136
test,Application + Bureau,Overall,10:1,0.07,46127,2681,27200,15203,1043,0.14991053455602774,0.7199248120300752,0.6122878140785223,0.38771218592147766,0.03692950465602096,25633,0.5557049016844798
test,Application + Bureau,Overall,1:1,0.08,46127,2494,29508,12895,1230,0.1620638118136331,0.6697099892588615,0.6663776096429423,0.3336223903570577,0.04001561585008784,14125,0.3062197845079888
test,Application + Bureau,Overall,2:1,0.08,46127,2494,29508,12895,1230,0.1620638118136331,0.6697099892588615,0.6663776096429423,0.3336223903570577,0.04001561585008784,15355,0.3328852949465606
test,Application + Bureau,Overall,5:1,0.08,46127,2494,29508,12895,1230,0.1620638118136331,0.6697099892588615,0.6663776096429423,0.3336223903570577,0.04001561585008784,19045,0.4128818262622759
test,Application + Bureau,Overall,10:1,0.08,46127,2494,29508,12895,1230,0.1620638118136331,0.6697099892588615,0.6663776096429423,0.3336223903570577,0.04001561585008784,25195,0.5462093784551347
test,Application + Bureau,Overall,1:1,0.09,46127,2321,31444,10959,1403,0.17477409638554217,0.6232545649838883,0.7120992043705422,0.2879007956294578,0.042713185374615645,12362,0.26799921954603595
test,Application + Bureau,Overall,2:1,0.09,46127,2321,31444,10959,1403,0.17477409638554217,0.6232545649838883,0.7120992043705422,0.2879007956294578,0.042713185374615645,13765,0.2984152448674312
test,Application + Bureau,Overall,5:1,0.09,46127,2321,31444,10959,1403,0.17477409638554217,0.6232545649838883,0.7120992043705422,0.2879007956294578,0.042713185374615645,17974,0.38966332083161703
test,Application + Bureau,Overall,10:1,0.09,46127,2321,31444,10959,1403,0.17477409638554217,0.6232545649838883,0.7120992043705422,0.2879007956294578,0.042713185374615645,24989,0.5417434474385935
test,Application + Bureau,Overall,1:1,0.1,46127,2169,32942,9461,1555,0.18650042992261393,0.582438238453276,0.7478700110564311,0.25212998894356886,0.04507638345363365,11016,0.23881891300106228
test,Application + Bureau,Overall,2:1,0.1,46127,2169,32942,9461,1555,0.18650042992261393,0.582438238453276,0.7478700110564311,0.25212998894356886,0.04507638345363365,12571,0.2725301883929152
test,Application + Bureau,Overall,5:1,0.1,46127,2169,32942,9461,1555,0.18650042992261393,0.582438238453276,0.7478700110564311,0.25212998894356886,0.04507638345363365,17236,0.373664014568474
test,Application + Bureau,Overall,10:1,0.1,46127,2169,32942,9461,1555,0.18650042992261393,0.582438238453276,0.7478700110564311,0.25212998894356886,0.04507638345363365,25011,0.5422203915277386
test,Application + Bureau,Overall,1:1,0.11,46127,2022,34170,8233,1702,0.1971721111652852,0.5429645542427497,0.7776790166280053,0.2223209833719947,0.04744647636039251,9935,0.21538361480261017
test,Application + Bureau,Overall,2:1,0.11,46127,2022,34170,8233,1702,0.1971721111652852,0.5429645542427497,0.7776790166280053,0.2223209833719947,0.04744647636039251,11637,0.25228174388102415
test,Application + Bureau,Overall,5:1,0.11,46127,2022,34170,8233,1702,0.1971721111652852,0.5429645542427497,0.7776790166280053,0.2223209833719947,0.04744647636039251,16743,0.362976131116266
test,Application + Bureau,Overall,10:1,0.11,46127,2022,34170,8233,1702,0.1971721111652852,0.5429645542427497,0.7776790166280053,0.2223209833719947,0.04744647636039251,25253,0.5474667765083356
test,Application + Bureau,Overall,1:1,0.12,46127,1896,35211,7192,1828,0.20862676056338028,0.5091299677765844,0.8029787326294795,0.19702126737052053,0.049353384270633655,9020,0.1955470765495263
test,Application + Bureau,Overall,2:1,0.12,46127,1896,35211,7192,1828,0.20862676056338028,0.5091299677765844,0.8029787326294795,0.19702126737052053,0.049353384270633655,10848,0.2351767945021354
test,Application + Bureau,Overall,5:1,0.12,46127,1896,35211,7192,1828,0.20862676056338028,0.5091299677765844,0.8029787326294795,0.19702126737052053,0.049353384270633655,16332,0.3540659483599627
test,Application + Bureau,Overall,10:1,0.12,46127,1896,35211,7192,1828,0.20862676056338028,0.5091299677765844,0.8029787326294795,0.19702126737052053,0.049353384270633655,25472,0.5522145381230082
test,Application + Bureau,Overall,1:1,0.13,46127,1767,36127,6276,1957,0.2196941439761283,0.4744897959183674,0.8256335768638758,0.1743664231361242,0.05138640899065224,8233,0.17848548572419623
test,Application + Bureau,Overall,2:1,0.13,46127,1767,36127,6276,1957,0.2196941439761283,0.4744897959183674,0.8256335768638758,0.1743664231361242,0.05138640899065224,10190,0.2209118303813385
test,Application + Bureau,Overall,5:1,0.13,46127,1767,36127,6276,1957,0.2196941439761283,0.4744897959183674,0.8256335768638758,0.1743664231361242,0.05138640899065224,16061,0.3481908643527652
test,Application + Bureau,Overall,10:1,0.13,46127,1767,36127,6276,1957,0.2196941439761283,0.4744897959183674,0.8256335768638758,0.1743664231361242,0.05138640899065224,25846,0.5603225876384764
test,Application + Bureau,Overall,1:1,0.14,46127,1655,36931,5472,2069,0.23221551845096114,0.4444146079484425,0.845491794393739,0.15450820560626097,0.05305128205128205,7541,0.1634834261929022
test,Application + Bureau,Overall,2:1,0.14,46127,1655,36931,5472,2069,0.23221551845096114,0.4444146079484425,0.845491794393739,0.15450820560626097,0.05305128205128205,9610,0.20833784984932902
test,Application + Bureau,Overall,5:1,0.14,46127,1655,36931,5472,2069,0.23221551845096114,0.4444146079484425,0.845491794393739,0.15450820560626097,0.05305128205128205,15817,0.3429011208186095
test,Application + Bureau,Overall,10:1,0.14,46127,1655,36931,5472,2069,0.23221551845096114,0.4444146079484425,0.845491794393739,0.15450820560626097,0.05305128205128205,26162,0.5671732391007436
test,Application + Bureau,Overall,1:1,0.15,46127,1537,37602,4801,2187,0.24250552224676555,0.4127282491944146,0.8625967437726277,0.13740325622737226,0.054964940058810224,6988,0.15149478613393458
test,Application + Bureau,Overall,2:1,0.15,46127,1537,37602,4801,2187,0.24250552224676555,0.4127282491944146,0.8625967437726277,0.13740325622737226,0.054964940058810224,9175,0.19890736445032195
test,Application + Bureau,Overall,5:1,0.15,46127,1537,37602,4801,2187,0.24250552224676555,0.4127282491944146,0.8625967437726277,0.13740325622737226,0.054964940058810224,15736,0.341145099399484
test,Application + Bureau,Overall,10:1,0.15,46127,1537,37602,4801,2187,0.24250552224676555,0.4127282491944146,0.8625967437726277,0.13740325622737226,0.054964940058810224,26671,0.5782079909814208
test,Application + Bureau,Overall,1:1,0.16,46127,1419,38152,4251,2305,0.25026455026455025,0.38104189044038667,0.877078500661218,0.12292149933878206,0.056974071236127244,6556,0.14212933856526547
test,Application + Bureau,Overall,2:1,0.16,46127,1419,38152,4251,2305,0.25026455026455025,0.38104189044038667,0.877078500661218,0.12292149933878206,0.056974071236127244,8861,0.19210007154161338
test,Application + Bureau,Overall,5:1,0.16,46127,1419,38152,4251,2305,0.25026455026455025,0.38104189044038667,0.877078500661218,0.12292149933878206,0.056974071236127244,15776,0.3420122704706571
test,Application + Bureau,Overall,10:1,0.16,46127,1419,38152,4251,2305,0.25026455026455025,0.38104189044038667,0.877078500661218,0.12292149933878206,0.056974071236127244,27301,0.5918659353523966
test,Application + Bureau,Overall,1:1,0.17,46127,1317,38639,3764,2407,0.25920094469592597,0.3536519871106337,0.8898475946842413,0.11015240531575866,0.058641524143643715,6171,0.1337828170052247
test,Application + Bureau,Overall,2:1,0.17,46127,1317,38639,3764,2407,0.25920094469592597,0.3536519871106337,0.8898475946842413,0.11015240531575866,0.058641524143643715,8578,0.18596483621306392
test,Application + Bureau,Overall,5:1,0.17,46127,1317,38639,3764,2407,0.25920094469592597,0.3536519871106337,0.8898475946842413,0.11015240531575866,0.058641524143643715,15799,0.3425108938365816
test,Application + Bureau,Overall,10:1,0.17,46127,1317,38639,3764,2407,0.25920094469592597,0.3536519871106337,0.8898475946842413,0.11015240531575866,0.058641524143643715,27834,0.6034209898757777
test,Application + Bureau,Overall,1:1,0.18,46127,1219,39042,3361,2505,0.26615720524017467,0.32733619763694954,0.900708912350684,0.09929108764931602,0.060293161961152426,5866,0.12717063758753008
test,Application + Bureau,Overall,2:1,0.18,46127,1219,39042,3361,2505,0.26615720524017467,0.32733619763694954,0.900708912350684,0.09929108764931602,0.060293161961152426,8371,0.18147722591974333
test,Application + Bureau,Overall,5:1,0.18,46127,1219,39042,3361,2505,0.26615720524017467,0.32733619763694954,0.900708912350684,0.09929108764931602,0.060293161961152426,15886,0.34439699091638304
test,Application + Bureau,Overall,10:1,0.18,46127,1219,39042,3361,2505,0.26615720524017467,0.32733619763694954,0.900708912350684,0.09929108764931602,0.060293161961152426,28411,0.6159299325774492
test,Application + Bureau,Overall,1:1,0.19,46127,1146,39427,2976,2578,0.2780203784570597,0.30773361976369495,0.9106380211156155,0.08936197888438442,0.06137364599452446,5554,0.12040670323238017
test,Application + Bureau,Overall,2:1,0.19,46127,1146,39427,2976,2578,0.2780203784570597,0.30773361976369495,0.9106380211156155,0.08936197888438442,0.06137364599452446,8132,0.17629587876948424
test,Application + Bureau,Overall,5:1,0.19,46127,1146,39427,2976,2578,0.2780203784570597,0.30773361976369495,0.9106380211156155,0.08936197888438442,0.06137364599452446,15866,0.3439634053807965
test,Application + Bureau,Overall,10:1,0.19,46127,1146,39427,2976,2578,0.2780203784570597,0.30773361976369495,0.9106380211156155,0.08936197888438442,0.06137364599452446,28756,0.6234092830663169
test,Application + Bureau,Overall,1:1,0.2,46127,1071,39740,2663,2653,0.2868237814675951,0.287593984962406,0.9190495805059943,0.08095041949400568,0.06258108650012974,5316,0.11524703535890042
test,Application + Bureau,Overall,2:1,0.2,46127,1071,39740,2663,2653,0.2868237814675951,0.287593984962406,0.9190495805059943,0.08095041949400568,0.06258108650012974,7969,0.17276215665445402
test,Application + Bureau,Overall,5:1,0.2,46127,1071,39740,2663,2653,0.2868237814675951,0.287593984962406,0.9190495805059943,0.08095041949400568,0.06258108650012974,15928,0.34530752054111474
test,Application + Bureau,Overall,10:1,0.2,46127,1071,39740,2663,2653,0.2868237814675951,0.287593984962406,0.9190495805059943,0.08095041949400568,0.06258108650012974,29193,0.6328831270188826
test,Application + Bureau,Overall,1:1,0.21,46127,983,40047,2356,2741,0.2943995208146152,0.26396348012889365,0.9276128948338284,0.07238710516617165,0.06406001682714779,5097,0.1104992737442279
test,Application + Bureau,Overall,2:1,0.21,46127,983,40047,2356,2741,0.2943995208146152,0.26396348012889365,0.9276128948338284,0.07238710516617165,0.06406001682714779,7838,0.1699221713963622
test,Application + Bureau,Overall,5:1,0.21,46127,983,40047,2356,2741,0.2943995208146152,0.26396348012889365,0.9276128948338284,0.07238710516617165,0.06406001682714779,16061,0.3481908643527652
test,Application + Bureau,Overall,10:1,0.21,46127,983,40047,2356,2741,0.2943995208146152,0.26396348012889365,0.9276128948338284,0.07238710516617165,0.06406001682714779,29766,0.6453053526134368
test,Application + Bureau,Overall,1:1,0.22,46127,913,40327,2076,2811,0.3054533288725326,0.24516648764769067,0.9352006417065927,0.06479935829340733,0.06516296536696184,4887,0.10594662562056929
test,Application + Bureau,Overall,2:1,0.22,46127,913,40327,2076,2811,0.3054533288725326,0.24516648764769067,0.9352006417065927,0.06479935829340733,0.06516296536696184,7698,0.1668870726472565
test,Application + Bureau,Overall,5:1,0.22,46127,913,40327,2076,2811,0.3054533288725326,0.24516648764769067,0.9352006417065927,0.06479935829340733,0.06516296536696184,16131,0.34970841372731803
test,Application + Bureau,Overall,10:1,0.22,46127,913,40327,2076,2811,0.3054533288725326,0.24516648764769067,0.9352006417065927,0.06479935829340733,0.06516296536696184,30186,0.654410648860754
test,Application + Bureau,Overall,1:1,0.23,46127,859,40574,1829,2865,0.3195684523809524,0.23066595059076261,0.9417261040171699,0.05827389598283001,0.06595455696493933,4694,0.10176252520215925
test,Application + Bureau,Overall,2:1,0.23,46127,859,40574,1829,2865,0.3195684523809524,0.23066595059076261,0.9417261040171699,0.05827389598283001,0.06595455696493933,7559,0.16387365317493008
test,Application + Bureau,Overall,5:1,0.23,46127,859,40574,1829,2865,0.3195684523809524,0.23066595059076261,0.9417261040171699,0.05827389598283001,0.06595455696493933,16154,0.3502070370932426
test,Application + Bureau,Overall,10:1,0.23,46127,859,40574,1829,2865,0.3195684523809524,0.23066595059076261,0.9417261040171699,0.05827389598283001,0.06595455696493933,30479,0.6607626769570967
test,Application + Bureau,Overall,1:1,0.24,46127,796,40745,1658,2928,0.3243683781581092,0.21374865735767992,0.9467990547835324,0.05320094521646758,0.06704371121745702,4586,0.09942116330999198
test,Application + Bureau,Overall,2:1,0.24,46127,796,40745,1658,2928,0.3243683781581092,0.21374865735767992,0.9467990547835324,0.05320094521646758,0.06704371121745702,7514,0.1628980857198604
test,Application + Bureau,Overall,5:1,0.24,46127,796,40745,1658,2928,0.3243683781581092,0.21374865735767992,0.9467990547835324,0.05320094521646758,0.06704371121745702,16298,0.3533288529494656
test,Application + Bureau,Overall,10:1,0.24,46127,796,40745,1658,2928,0.3243683781581092,0.21374865735767992,0.9467990547835324,0.05320094521646758,0.06704371121745702,30938,0.6707134649988077
test,Application + Bureau,Overall,1:1,0.25,46127,748,40934,1469,2976,0.3373928732521425,0.200859291084855,0.9519370433802329,0.048062956619767165,0.0677749943065361,4445,0.09636438528410692
test,Application + Bureau,Overall,2:1,0.25,46127,748,40934,1469,2976,0.3373928732521425,0.200859291084855,0.9519370433802329,0.048062956619767165,0.0677749943065361,7421,0.160881912979383
test,Application + Bureau,Overall,5:1,0.25,46127,748,40934,1469,2976,0.3373928732521425,0.200859291084855,0.9519370433802329,0.048062956619767165,0.0677749943065361,16349,0.35443449606521127
test,Application + Bureau,Overall,10:1,0.25,46127,748,40934,1469,2976,0.3373928732521425,0.200859291084855,0.9519370433802329,0.048062956619767165,0.0677749943065361,31229,0.6770221345415917
test,Application + Bureau,Overall,1:1,0.26,46127,686,41101,1302,3038,0.34507042253521125,0.18421052631578946,0.9569015977626987,0.04309840223730137,0.06882802057137678,4340,0.09408806122227763
test,Application + Bureau,Overall,2:1,0.26,46127,686,41101,1302,3038,0.34507042253521125,0.18421052631578946,0.9569015977626987,0.04309840223730137,0.06882802057137678,7378,0.15994970407787196
test,Application + Bureau,Overall,5:1,0.26,46127,686,41101,1302,3038,0.34507042253521125,0.18421052631578946,0.9569015977626987,0.04309840223730137,0.06882802057137678,16492,0.35753463264465496
test,Application + Bureau,Overall,10:1,0.26,46127,686,41101,1302,3038,0.34507042253521125,0.18421052631578946,0.9569015977626987,0.04309840223730137,0.06882802057137678,31682,0.6868428469226266
test,Application + Bureau,Overall,1:1,0.27,46127,630,41246,1157,3094,0.35254616675993283,0.16917293233082706,0.9612591323953433,0.03874086760465671,0.0697789806044204,4251,0.09215860558891756
test,Application + Bureau,Overall,2:1,0.27,46127,630,41246,1157,3094,0.35254616675993283,0.16917293233082706,0.9612591323953433,0.03874086760465671,0.0697789806044204,7345,0.15923428794415417
test,Application + Bureau,Overall,5:1,0.27,46127,630,41246,1157,3094,0.35254616675993283,0.16917293233082706,0.9612591323953433,0.03874086760465671,0.0697789806044204,16627,0.36046133500986405
test,Application + Bureau,Overall,10:1,0.27,46127,630,41246,1157,3094,0.35254616675993283,0.16917293233082706,0.9612591323953433,0.03874086760465671,0.0697789806044204,32097,0.6958397467860472
test,Application + Bureau,Overall,1:1,0.28,46127,580,41366,1037,3144,0.3586889301175015,0.15574650912996776,0.9649446094478288,0.03505539055217118,0.07063581217703886,4181,0.09064105621436469
test,Application + Bureau,Overall,2:1,0.28,46127,580,41366,1037,3144,0.3586889301175015,0.15574650912996776,0.9649446094478288,0.03505539055217118,0.07063581217703886,7325,0.15880070240856764
test,Application + Bureau,Overall,5:1,0.28,46127,580,41366,1037,3144,0.3586889301175015,0.15574650912996776,0.9649446094478288,0.03505539055217118,0.07063581217703886,16757,0.36327964099117654
test,Application + Bureau,Overall,10:1,0.28,46127,580,41366,1037,3144,0.3586889301175015,0.15574650912996776,0.9649446094478288,0.03505539055217118,0.07063581217703886,32477,0.7040778719621913
test,Application + Bureau,Overall,1:1,0.29,46127,522,41468,935,3202,0.3582704186684969,0.140171858216971,0.968413293732521,0.03158670626747892,0.0716812178195657,4137,0.08968716803607432
test,Application + Bureau,Overall,2:1,0.29,46127,522,41468,935,3202,0.3582704186684969,0.140171858216971,0.968413293732521,0.03158670626747892,0.0716812178195657,7339,0.15910421228347824
test,Application + Bureau,Overall,5:1,0.29,46127,522,41468,935,3202,0.3582704186684969,0.140171858216971,0.968413293732521,0.03158670626747892,0.0716812178195657,16945,0.36735534502568995
test,Application + Bureau,Overall,10:1,0.29,46127,522,41468,935,3202,0.3582704186684969,0.140171858216971,0.968413293732521,0.03158670626747892,0.0716812178195657,32955,0.7144405662627095
test,Application + Bureau,Overall,1:1,0.3,46127,488,41597,806,3236,0.37712519319938176,0.1310418904403867,0.9719470158475513,0.028052984152448675,0.0721789753083666,4042,0.08762763674203829
test,Application + Bureau,Overall,2:1,0.3,46127,488,41597,806,3236,0.37712519319938176,0.1310418904403867,0.9719470158475513,0.028052984152448675,0.0721789753083666,7278,0.1577817763999393
test,Application + Bureau,Overall,5:1,0.3,46127,488,41597,806,3236,0.37712519319938176,0.1310418904403867,0.9719470158475513,0.028052984152448675,0.0721789753083666,16986,0.36824419537364234
test,Application + Bureau,Overall,10:1,0.3,46127,488,41597,806,3236,0.37712519319938176,0.1310418904403867,0.9719470158475513,0.028052984152448675,0.0721789753083666,33166,0.7190148936631474
test,Application + Bureau,Overall,1:1,0.31,46127,446,41692,711,3278,0.38547968885047534,0.11976369495166488,0.9749170767663191,0.025082923233680925,0.07289303980431398,3989,0.08647863507273397
test,Application + Bureau,Overall,2:1,0.31,46127,446,41692,711,3278,0.38547968885047534,0.11976369495166488,0.9749170767663191,0.025082923233680925,0.07289303980431398,7267,0.1575433043553667
test,Application + Bureau,Overall,5:1,0.31,46127,446,41692,711,3278,0.38547968885047534,0.11976369495166488,0.9749170767663191,0.025082923233680925,0.07289303980431398,17101,0.3707373122032649
test,Application + Bureau,Overall,10:1,0.31,46127,446,41692,711,3278,0.38547968885047534,0.11976369495166488,0.9749170767663191,0.025082923233680925,0.07289303980431398,33491,0.7260606586164285
test,Application + Bureau,Overall,1:1,0.32,46127,416,41787,616,3308,0.40310077519379844,0.11170784103114931,0.9776269863637349,0.022373013636265093,0.07335624792105555,3924,0.08506948208207774
test,Application + Bureau,Overall,2:1,0.32,46127,416,41787,616,3308,0.40310077519379844,0.11170784103114931,0.9776269863637349,0.022373013636265093,0.07335624792105555,7232,0.15678452966809028
test,Application + Bureau,Overall,5:1,0.32,46127,416,41787,616,3308,0.40310077519379844,0.11170784103114931,0.9776269863637349,0.022373013636265093,0.07335624792105555,17156,0.37192967242612784
test,Application + Bureau,Overall,10:1,0.32,46127,416,41787,616,3308,0.40310077519379844,0.11170784103114931,0.9776269863637349,0.022373013636265093,0.07335624792105555,33696,0.7305049103561905
test,Application + Bureau,Overall,1:1,0.33,46127,373,41860,543,3351,0.40720524017467247,0.10016111707841031,0.9801417824701368,0.019858217529863203,0.07411913030014819,3894,0.08441910377869795
test,Application + Bureau,Overall,2:1,0.33,46127,373,41860,543,3351,0.40720524017467247,0.10016111707841031,0.9801417824701368,0.019858217529863203,0.07411913030014819,7245,0.1570663602662215
test,Application + Bureau,Overall,5:1,0.33,46127,373,41860,543,3351,0.40720524017467247,0.10016111707841031,0.9801417824701368,0.019858217529863203,0.07411913030014819,17298,0.37500812972879227
test,Application + Bureau,Overall,10:1,0.33,46127,373,41860,543,3351,0.40720524017467247,0.10016111707841031,0.9801417824701368,0.019858217529863203,0.07411913030014819,34053,0.7382444121664101
test,Application + Bureau,Overall,1:1,0.34,46127,340,41918,485,3384,0.4121212121212121,0.09129967776584318,0.9821145966570555,0.01788540334294448,0.0746986887996115,3869,0.08387712185921478
test,Application + Bureau,Overall,2:1,0.34,46127,340,41918,485,3384,0.4121212121212121,0.09129967776584318,0.9821145966570555,0.01788540334294448,0.0746986887996115,7253,0.15723979448045614
test,Application + Bureau,Overall,5:1,0.34,46127,340,41918,485,3384,0.4121212121212121,0.09129967776584318,0.9821145966570555,0.01788540334294448,0.0746986887996115,17405,0.3773278123441802
test,Application + Bureau,Overall,10:1,0.34,46127,340,41918,485,3384,0.4121212121212121,0.09129967776584318,0.9821145966570555,0.01788540334294448,0.0746986887996115,34325,0.7441411754503869
test,Application + Bureau,Overall,1:1,0.35,46127,311,41970,433,3413,0.41801075268817206,0.08351235230934478,0.9838706180761809,0.016129381923819023,0.07520437168102594,3846,0.08337849849329027
test,Application + Bureau,Overall,2:1,0.35,46127,311,41970,433,3413,0.41801075268817206,0.08351235230934478,0.9838706180761809,0.016129381923819023,0.07520437168102594,7259,0.1573698701411321
test,Application + Bureau,Overall,5:1,0.35,46127,311,41970,433,3413,0.41801075268817206,0.08351235230934478,0.9838706180761809,0.016129381923819023,0.07520437168102594,17498,0.37934398508465755
test,Application + Bureau,Overall,10:1,0.35,46127,311,41970,433,3413,0.41801075268817206,0.08351235230934478,0.9838706180761809,0.016129381923819023,0.07520437168102594,34563,0.7493008433238667
test,Application + Bureau,Overall,1:1,0.36,46127,288,42023,380,3436,0.4311377245508982,0.07733619763694952,0.9855182431114098,0.014481756888590196,0.07558459270991442,3816,0.08272812018991046
test,Application + Bureau,Overall,2:1,0.36,46127,288,42023,380,3436,0.4311377245508982,0.07733619763694952,0.9855182431114098,0.014481756888590196,0.07558459270991442,7252,0.15721811520367682
test,Application + Bureau,Overall,5:1,0.36,46127,288,42023,380,3436,0.4311377245508982,0.07733619763694952,0.9855182431114098,0.014481756888590196,0.07558459270991442,17560,0.38068810024497585
test,Application + Bureau,Overall,10:1,0.36,46127,288,42023,380,3436,0.4311377245508982,0.07733619763694952,0.9855182431114098,0.014481756888590196,0.07558459270991442,34740,0.7531380753138075
test,Application + Bureau,Overall,1:1,0.37,46127,262,42074,329,3462,0.4433164128595601,0.07035445757250268,0.987187547423418,0.012812452576582044,0.07602775825720309,3791,0.0821861382704273
test,Application + Bureau,Overall,2:1,0.37,46127,262,42074,329,3462,0.4433164128595601,0.07035445757250268,0.987187547423418,0.012812452576582044,0.07602775825720309,7253,0.15723979448045614
test,Application + Bureau,Overall,5:1,0.37,46127,262,42074,329,3462,0.4433164128595601,0.07035445757250268,0.987187547423418,0.012812452576582044,0.07602775825720309,17639,0.3824007631105426
test,Application + Bureau,Overall,10:1,0.37,46127,262,42074,329,3462,0.4433164128595601,0.07035445757250268,0.987187547423418,0.012812452576582044,0.07602775825720309,34949,0.7576690441606868
test,Application + Bureau,Overall,1:1,0.38,46127,232,42122,281,3492,0.4522417153996101,0.06229860365198711,0.9888785310122055,0.011121468987794567,0.07655544350418732,3773,0.08179591128839941
test,Application + Bureau,Overall,2:1,0.38,46127,232,42122,281,3492,0.4522417153996101,0.06229860365198711,0.9888785310122055,0.011121468987794567,0.07655544350418732,7265,0.15749994580180804
test,Application + Bureau,Overall,5:1,0.38,46127,232,42122,281,3492,0.4522417153996101,0.06229860365198711,0.9888785310122055,0.011121468987794567,0.07655544350418732,17741,0.38461204934203397
test,Application + Bureau,Overall,10:1,0.38,46127,232,42122,281,3492,0.4522417153996101,0.06229860365198711,0.9888785310122055,0.011121468987794567,0.07655544350418732,35201,0.7631322219090771
test,Application + Bureau,Overall,1:1,0.39,46127,212,42153,250,3512,0.4588744588744589,0.05692803437164339,0.9899841741279511,0.010015825872048908,0.07690791634731195,3762,0.08155743924382683
test,Application + Bureau,Overall,2:1,0.39,46127,212,42153,250,3512,0.4588744588744589,0.05692803437164339,0.9899841741279511,0.010015825872048908,0.07690791634731195,7274,0.157695059292822
test,Application + Bureau,Overall,5:1,0.39,46127,212,42153,250,3512,0.4588744588744589,0.05692803437164339,0.9899841741279511,0.010015825872048908,0.07690791634731195,17810,0.3861079194398075
test,Application + Bureau,Overall,10:1,0.39,46127,212,42153,250,3512,0.4588744588744589,0.05692803437164339,0.9899841741279511,0.010015825872048908,0.07690791634731195,35370,0.7667960196847833
test,Application + Bureau,Overall,1:1,0.4,46127,196,42180,223,3528,0.4677804295942721,0.05263157894736842,0.9909163830294622,0.009083616970537863,0.0771856130217905,3751,0.08131896719925423
test,Application + Bureau,Overall,2:1,0.4,46127,196,42180,223,3528,0.4677804295942721,0.05263157894736842,0.9909163830294622,0.009083616970537863,0.0771856130217905,7279,0.15780345567671863
test,Application + Bureau,Overall,5:1,0.4,46127,196,42180,223,3528,0.4677804295942721,0.05263157894736842,0.9909163830294622,0.009083616970537863,0.0771856130217905,17863,0.3872569211091118
test,Application + Bureau,Overall,10:1,0.4,46127,196,42180,223,3528,0.4677804295942721,0.05263157894736842,0.9909163830294622,0.009083616970537863,0.0771856130217905,35503,0.7696793634964337
test,Application + Bureau,Overall,1:1,0.41,46127,176,42209,194,3548,0.4756756756756757,0.047261009667024706,0.9919786675916491,0.008021332408350857,0.07754004851716677,3742,0.0811238537082403
test,Application + Bureau,Overall,2:1,0.41,46127,176,42209,194,3548,0.4756756756756757,0.047261009667024706,0.9919786675916491,0.008021332408350857,0.07754004851716677,7290,0.15804192772129122
test,Application + Bureau,Overall,5:1,0.41,46127,176,42209,194,3548,0.4756756756756757,0.047261009667024706,0.9919786675916491,0.008021332408350857,0.07754004851716677,17934,0.38879614976044397
test,Application + Bureau,Overall,10:1,0.41,46127,176,42209,194,3548,0.4756756756756757,0.047261009667024706,0.9919786675916491,0.008021332408350857,0.07754004851716677,35674,0.7733865198256986
test,Application + Bureau,Overall,1:1,0.42,46127,152,42233,170,3572,0.4720496894409938,0.04081632653061224,0.9930192728770568,0.006980727122943179,0.0779827529745661,3742,0.0811238537082403
test,Application + Bureau,Overall,2:1,0.42,46127,152,42233,170,3572,0.4720496894409938,0.04081632653061224,0.9930192728770568,0.006980727122943179,0.0779827529745661,7314,0.15856223036399505
test,Application + Bureau,Overall,5:1,0.42,46127,152,42233,170,3572,0.4720496894409938,0.04081632653061224,0.9930192728770568,0.006980727122943179,0.0779827529745661,18030,0.39087736033125936
test,Application + Bureau,Overall,10:1,0.42,46127,152,42233,170,3572,0.4720496894409938,0.04081632653061224,0.9930192728770568,0.006980727122943179,0.0779827529745661,35890,0.7780692436100332
test,Application + Bureau,Overall,1:1,0.43,46127,142,42254,149,3582,0.4879725085910653,0.038131041890440386,0.9936913304572159,0.006308669542784052,0.07814818046949995,3731,0.0808853816636677
test,Application + Bureau,Overall,2:1,0.43,46127,142,42254,149,3582,0.4879725085910653,0.038131041890440386,0.9936913304572159,0.006308669542784052,0.07814818046949995,7313,0.15854055108721574
test,Application + Bureau,Overall,5:1,0.43,46127,142,42254,149,3582,0.4879725085910653,0.038131041890440386,0.9936913304572159,0.006308669542784052,0.07814818046949995,18059,0.3915060593578598
test,Application + Bureau,Overall,10:1,0.43,46127,142,42254,149,3582,0.4879725085910653,0.038131041890440386,0.9936913304572159,0.006308669542784052,0.07814818046949995,35969,0.7797819064756
test,Application + Bureau,Overall,1:1,0.44,46127,123,42267,136,3601,0.4749034749034749,0.033029001074113856,0.9943850673141544,0.0056149326858456,0.07850789221243569,3737,0.08101545732434366
test,Application + Bureau,Overall,2:1,0.44,46127,123,42267,136,3601,0.4749034749034749,0.033029001074113856,0.9943850673141544,0.0056149326858456,0.07850789221243569,7338,0.1590825330066989
test,Application + Bureau,Overall,5:1,0.44,46127,123,42267,136,3601,0.4749034749034749,0.033029001074113856,0.9943850673141544,0.0056149326858456,0.07850789221243569,18141,0.3932837600537646
test,Application + Bureau,Overall,10:1,0.44,46127,123,42267,136,3601,0.4749034749034749,0.033029001074113856,0.9943850673141544,0.0056149326858456,0.07850789221243569,36146,0.7836191384655408
test,Application + Bureau,Overall,1:1,0.45,46127,108,42286,117,3616,0.48,0.02900107411385607,0.9951221627246515,0.004877837275348494,0.07877652389874079,3733,0.08092874021722635
test,Application + Bureau,Overall,2:1,0.45,46127,108,42286,117,3616,0.48,0.02900107411385607,0.9951221627246515,0.004877837275348494,0.07877652389874079,7349,0.1593210050512715
test,Application + Bureau,Overall,5:1,0.45,46127,108,42286,117,3616,0.48,0.02900107411385607,0.9951221627246515,0.004877837275348494,0.07877652389874079,18197,0.3944977995534069
test,Application + Bureau,Overall,10:1,0.45,46127,108,42286,117,3616,0.48,0.02900107411385607,0.9951221627246515,0.004877837275348494,0.07877652389874079,36277,0.7864591237236326
test,Application + Bureau,Overall,1:1,0.46,46127,101,42303,100,3623,0.5024875621890548,0.027121374865735768,0.9956424653673553,0.004357534632644655,0.07888777598745808,3723,0.08071194744943308
test,Application + Bureau,Overall,2:1,0.46,46127,101,42303,100,3623,0.5024875621890548,0.027121374865735768,0.9956424653673553,0.004357534632644655,0.07888777598745808,7346,0.15925596722093352
test,Application + Bureau,Overall,5:1,0.46,46127,101,42303,100,3623,0.5024875621890548,0.027121374865735768,0.9956424653673553,0.004357534632644655,0.07888777598745808,18215,0.39488802653543476
test,Application + Bureau,Overall,10:1,0.46,46127,101,42303,100,3623,0.5024875621890548,0.027121374865735768,0.9956424653673553,0.004357534632644655,0.07888777598745808,36330,0.7876081253929369
test,Application + Bureau,Overall,1:1,0.47,46127,86,42319,84,3638,0.5058823529411764,0.02309344790547798,0.9963145229475144,0.003685477052485529,0.07916095480557912,3722,0.08069026817265376
test,Application + Bureau,Overall,2:1,0.47,46127,86,42319,84,3638,0.5058823529411764,0.02309344790547798,0.9963145229475144,0.003685477052485529,0.07916095480557912,7360,0.1595594770958441
test,Application + Bureau,Overall,5:1,0.47,46127,86,42319,84,3638,0.5058823529411764,0.02309344790547798,0.9963145229475144,0.003685477052485529,0.07916095480557912,18274,0.39616710386541504
test,Application + Bureau,Overall,10:1,0.47,46127,86,42319,84,3638,0.5058823529411764,0.02309344790547798,0.9963145229475144,0.003685477052485529,0.07916095480557912,36464,0.7905131484813667
test,Application + Bureau,Overall,1:1,0.48,46127,79,42336,67,3645,0.541095890410959,0.02121374865735768,0.9968348255902183,0.0031651744097816897,0.07927187316500293,3712,0.0804734754048605
test,Application + Bureau,Overall,2:1,0.48,46127,79,42336,67,3645,0.541095890410959,0.02121374865735768,0.9968348255902183,0.0031651744097816897,0.07927187316500293,7357,0.1594944392655061
test,Application + Bureau,Overall,5:1,0.48,46127,79,42336,67,3645,0.541095890410959,0.02121374865735768,0.9968348255902183,0.0031651744097816897,0.07927187316500293,18292,0.39655733084744293
test,Application + Bureau,Overall,10:1,0.48,46127,79,42336,67,3645,0.541095890410959,0.02121374865735768,0.9968348255902183,0.0031651744097816897,0.07927187316500293,36517,0.791662150150671
test,Application + Bureau,Overall,1:1,0.49,46127,71,42348,55,3653,0.5634920634920635,0.019065520945220193,0.9972684111258049,0.002731588874195157,0.07941131714527945,3708,0.0803867582977432
test,Application + Bureau,Overall,2:1,0.49,46127,71,42348,55,3653,0.5634920634920635,0.019065520945220193,0.9972684111258049,0.002731588874195157,0.07941131714527945,7361,0.1595811563726234
test,Application + Bureau,Overall,5:1,0.49,46127,71,42348,55,3653,0.5634920634920635,0.019065520945220193,0.9972684111258049,0.002731588874195157,0.07941131714527945,18320,0.39716435059726407
test,Application + Bureau,Overall,10:1,0.49,46127,71,42348,55,3653,0.5634920634920635,0.019065520945220193,0.9972684111258049,0.002731588874195157,0.07941131714527945,36585,0.7931363409716652
test,Application + Bureau,Overall,1:1,0.5,46127,64,42359,44,3660,0.5925925925925926,0.017185821697099892,0.9976586381078327,0.0023413618921672773,0.07953236706577718,3704,0.08030004119062588
test,Application + Bureau,Overall,2:1,0.5,46127,64,42359,44,3660,0.5925925925925926,0.017185821697099892,0.9976586381078327,0.0023413618921672773,0.07953236706577718,7364,0.1596461942029614
test,Application + Bureau,Overall,5:1,0.5,46127,64,42359,44,3660,0.5925925925925926,0.017185821697099892,0.9976586381078327,0.0023413618921672773,0.07953236706577718,18344,0.39768465323996793
test,Application + Bureau,Overall,10:1,0.5,46127,64,42359,44,3660,0.5925925925925926,0.017185821697099892,0.9976586381078327,0.0023413618921672773,0.07953236706577718,36644,0.7944154183016454
test,Application + Bureau,Thin-file,1:1,0.01,6534,659,15,5860,0,0.10108912409878816,1.0,0.002295684113865932,0.9977043158861341,0.0,5860,0.8968472604836241
test,Application + Bureau,Thin-file,2:1,0.01,6534,659,15,5860,0,0.10108912409878816,1.0,0.002295684113865932,0.9977043158861341,0.0,5860,0.8968472604836241
test,Application + Bureau,Thin-file,5:1,0.01,6534,659,15,5860,0,0.10108912409878816,1.0,0.002295684113865932,0.9977043158861341,0.0,5860,0.8968472604836241
test,Application + Bureau,Thin-file,10:1,0.01,6534,659,15,5860,0,0.10108912409878816,1.0,0.002295684113865932,0.9977043158861341,0.0,5860,0.8968472604836241
test,Application + Bureau,Thin-file,1:1,0.02,6534,654,223,5652,5,0.10371075166508087,0.992412746585736,0.03489439853076217,0.9651056014692379,0.021929824561403508,5657,0.8657790021426385
test,Application + Bureau,Thin-file,2:1,0.02,6534,654,223,5652,5,0.10371075166508087,0.992412746585736,0.03489439853076217,0.9651056014692379,0.021929824561403508,5662,0.8665442301805938
test,Application + Bureau,Thin-file,5:1,0.02,6534,654,223,5652,5,0.10371075166508087,0.992412746585736,0.03489439853076217,0.9651056014692379,0.021929824561403508,5677,0.8688399142944597
test,Application + Bureau,Thin-file,10:1,0.02,6534,654,223,5652,5,0.10371075166508087,0.992412746585736,0.03489439853076217,0.9651056014692379,0.021929824561403508,5702,0.8726660544842363
test,Application + Bureau,Thin-file,1:1,0.03,6534,640,736,5139,19,0.11074580377227894,0.9711684370257967,0.11554943373125191,0.8844505662687481,0.025165562913907286,5158,0.7894092439546985
test,Application + Bureau,Thin-file,2:1,0.03,6534,640,736,5139,19,0.11074580377227894,0.9711684370257967,0.11554943373125191,0.8844505662687481,0.025165562913907286,5177,0.7923171104989287
test,Application + Bureau,Thin-file,5:1,0.03,6534,640,736,5139,19,0.11074580377227894,0.9711684370257967,0.11554943373125191,0.8844505662687481,0.025165562913907286,5234,0.8010407101316193
test,Application + Bureau,Thin-file,10:1,0.03,6534,640,736,5139,19,0.11074580377227894,0.9711684370257967,0.11554943373125191,0.8844505662687481,0.025165562913907286,5329,0.8155800428527701
test,Application + Bureau,Thin-file,1:1,0.04,6534,622,1171,4704,37,0.11678558017273752,0.9438543247344461,0.18487909397000307,0.815120906029997,0.030629139072847682,4741,0.7255892255892256
test,Application + Bureau,Thin-file,2:1,0.04,6534,622,1171,4704,37,0.11678558017273752,0.9438543247344461,0.18487909397000307,0.815120906029997,0.030629139072847682,4778,0.7312519130700948
test,Application + Bureau,Thin-file,5:1,0.04,6534,622,1171,4704,37,0.11678558017273752,0.9438543247344461,0.18487909397000307,0.815120906029997,0.030629139072847682,4889,0.7482399755127028
test,Application + Bureau,Thin-file,10:1,0.04,6534,622,1171,4704,37,0.11678558017273752,0.9438543247344461,0.18487909397000307,0.815120906029997,0.030629139072847682,5074,0.7765534129170493
test,Application + Bureau,Thin-file,1:1,0.05,6534,597,1699,4176,62,0.12507856693903205,0.9059180576631259,0.2695133149678604,0.7304866850321395,0.03520726859738785,4238,0.6486072849709213
test,Application + Bureau,Thin-file,2:1,0.05,6534,597,1699,4176,62,0.12507856693903205,0.9059180576631259,0.2695133149678604,0.7304866850321395,0.03520726859738785,4300,0.6580961126415672
test,Application + Bureau,Thin-file,5:1,0.05,6534,597,1699,4176,62,0.12507856693903205,0.9059180576631259,0.2695133149678604,0.7304866850321395,0.03520726859738785,4486,0.6865625956535047
test,Application + Bureau,Thin-file,10:1,0.05,6534,597,1699,4176,62,0.12507856693903205,0.9059180576631259,0.2695133149678604,0.7304866850321395,0.03520726859738785,4796,0.734006734006734
test,Application + Bureau,Thin-file,1:1,0.06,6534,566,2220,3655,93,0.13409144752428334,0.858877086494689,0.35399449035812675,0.6460055096418733,0.040207522697795074,3748,0.5736149372513009
test,Application + Bureau,Thin-file,2:1,0.06,6534,566,2220,3655,93,0.13409144752428334,0.858877086494689,0.35399449035812675,0.6460055096418733,0.040207522697795074,3841,0.5878481787572697
test,Application + Bureau,Thin-file,5:1,0.06,6534,566,2220,3655,93,0.13409144752428334,0.858877086494689,0.35399449035812675,0.6460055096418733,0.040207522697795074,4120,0.630547903275176
test,Application + Bureau,Thin-file,10:1,0.06,6534,566,2220,3655,93,0.13409144752428334,0.858877086494689,0.35399449035812675,0.6460055096418733,0.040207522697795074,4585,0.7017141108050199
test,Application + Bureau,Thin-file,1:1,0.07,6534,541,2692,3183,118,0.14527389903329754,0.8209408194233687,0.4300581573308846,0.5699418426691154,0.04199288256227758,3301,0.5052035506580961
test,Application + Bureau,Thin-file,2:1,0.07,6534,541,2692,3183,118,0.14527389903329754,0.8209408194233687,0.4300581573308846,0.5699418426691154,0.04199288256227758,3419,0.5232629323538415
test,Application + Bureau,Thin-file,5:1,0.07,6534,541,2692,3183,118,0.14527389903329754,0.8209408194233687,0.4300581573308846,0.5699418426691154,0.04199288256227758,3773,0.5774410774410774
test,Application + Bureau,Thin-file,10:1,0.07,6534,541,2692,3183,118,0.14527389903329754,0.8209408194233687,0.4300581573308846,0.5699418426691154,0.04199288256227758,4363,0.6677379859198042
test,Application + Bureau,Thin-file,1:1,0.08,6534,495,3179,2696,164,0.15512378564713256,0.7511380880121397,0.5116314661769207,0.48836853382307926,0.04905773257553096,2860,0.4377104377104377
test,Application + Bureau,Thin-file,2:1,0.08,6534,495,3179,2696,164,0.15512378564713256,0.7511380880121397,0.5116314661769207,0.48836853382307926,0.04905773257553096,3024,0.4628099173553719
test,Application + Bureau,Thin-file,5:1,0.08,6534,495,3179,2696,164,0.15512378564713256,0.7511380880121397,0.5116314661769207,0.48836853382307926,0.04905773257553096,3516,0.5381083562901745
test,Application + Bureau,Thin-file,10:1,0.08,6534,495,3179,2696,164,0.15512378564713256,0.7511380880121397,0.5116314661769207,0.48836853382307926,0.04905773257553096,4336,0.6636057545148454
test,Application + Bureau,Thin-file,1:1,0.09,6534,464,3603,2272,195,0.1695906432748538,0.7040971168437026,0.581267217630854,0.418732782369146,0.05134281200631911,2467,0.3775635139271503
test,Application + Bureau,Thin-file,2:1,0.09,6534,464,3603,2272,195,0.1695906432748538,0.7040971168437026,0.581267217630854,0.418732782369146,0.05134281200631911,2662,0.4074074074074074
test,Application + Bureau,Thin-file,5:1,0.09,6534,464,3603,2272,195,0.1695906432748538,0.7040971168437026,0.581267217630854,0.418732782369146,0.05134281200631911,3247,0.49693908784817875
test,Application + Bureau,Thin-file,10:1,0.09,6534,464,3603,2272,195,0.1695906432748538,0.7040971168437026,0.581267217630854,0.418732782369146,0.05134281200631911,4222,0.6461585552494643
test,Application + Bureau,Thin-file,1:1,0.1,6534,435,3919,1956,224,0.18193224592220827,0.6600910470409712,0.6340679522497704,0.3659320477502296,0.05406710113444364,2180,0.3336394245485155
test,Application + Bureau,Thin-file,2:1,0.1,6534,435,3919,1956,224,0.18193224592220827,0.6600910470409712,0.6340679522497704,0.3659320477502296,0.05406710113444364,2404,0.36792164064891336
test,Application + Bureau,Thin-file,5:1,0.1,6534,435,3919,1956,224,0.18193224592220827,0.6600910470409712,0.6340679522497704,0.3659320477502296,0.05406710113444364,3076,0.47076828895010714
test,Application + Bureau,Thin-file,10:1,0.1,6534,435,3919,1956,224,0.18193224592220827,0.6600910470409712,0.6340679522497704,0.3659320477502296,0.05406710113444364,4196,0.6421793694520967
test,Application + Bureau,Thin-file,1:1,0.11,6534,401,4183,1692,258,0.1915910176779742,0.6084977238239757,0.6796755433119069,0.32032445668809306,0.05809502364332358,1950,0.29843893480257117
test,Application + Bureau,Thin-file,2:1,0.11,6534,401,4183,1692,258,0.1915910176779742,0.6084977238239757,0.6796755433119069,0.32032445668809306,0.05809502364332358,2208,0.3379247015610652
test,Application + Bureau,Thin-file,5:1,0.11,6534,401,4183,1692,258,0.1915910176779742,0.6084977238239757,0.6796755433119069,0.32032445668809306,0.05809502364332358,2982,0.4563820018365473
test,Application + Bureau,Thin-file,10:1,0.11,6534,401,4183,1692,258,0.1915910176779742,0.6084977238239757,0.6796755433119069,0.32032445668809306,0.05809502364332358,4272,0.6538108356290174
test,Application + Bureau,Thin-file,1:1,0.12,6534,376,4413,1462,283,0.2045701849836779,0.5705614567526556,0.7187021732476278,0.2812978267523722,0.06026405451448041,1745,0.2670645852464034
test,Application + Bureau,Thin-file,2:1,0.12,6534,376,4413,1462,283,0.2045701849836779,0.5705614567526556,0.7187021732476278,0.2812978267523722,0.06026405451448041,2028,0.310376492194674
test,Application + Bureau,Thin-file,5:1,0.12,6534,376,4413,1462,283,0.2045701849836779,0.5705614567526556,0.7187021732476278,0.2812978267523722,0.06026405451448041,2877,0.44031221303948576
test,Application + Bureau,Thin-file,10:1,0.12,6534,376,4413,1462,283,0.2045701849836779,0.5705614567526556,0.7187021732476278,0.2812978267523722,0.06026405451448041,4292,0.6568717477808387
test,Application + Bureau,Thin-file,1:1,0.13,6534,349,4615,1260,310,0.21690490988191424,0.5295902883156297,0.753749617385981,0.24625038261401896,0.06294416243654823,1570,0.24028160391796755
test,Application + Bureau,Thin-file,2:1,0.13,6534,349,4615,1260,310,0.21690490988191424,0.5295902883156297,0.753749617385981,0.24625038261401896,0.06294416243654823,1880,0.2877257422711968
test,Application + Bureau,Thin-file,5:1,0.13,6534,349,4615,1260,310,0.21690490988191424,0.5295902883156297,0.753749617385981,0.24625038261401896,0.06294416243654823,2810,0.4300581573308846
test,Application + Bureau,Thin-file,10:1,0.13,6534,349,4615,1260,310,0.21690490988191424,0.5295902883156297,0.753749617385981,0.24625038261401896,0.06294416243654823,4360,0.667278849097031
test,Application + Bureau,Thin-file,1:1,0.14,6534,319,4789,1086,340,0.22704626334519573,0.48406676783004554,0.7849709213345577,0.2150290786654423,0.06628972509261065,1426,0.2182430364248546
test,Application + Bureau,Thin-file,2:1,0.14,6534,319,4789,1086,340,0.22704626334519573,0.48406676783004554,0.7849709213345577,0.2150290786654423,0.06628972509261065,1766,0.2702785430058157
test,Application + Bureau,Thin-file,5:1,0.14,6534,319,4789,1086,340,0.22704626334519573,0.48406676783004554,0.7849709213345577,0.2150290786654423,0.06628972509261065,2786,0.42638506274869914
test,Application + Bureau,Thin-file,10:1,0.14,6534,319,4789,1086,340,0.22704626334519573,0.48406676783004554,0.7849709213345577,0.2150290786654423,0.06628972509261065,4486,0.6865625956535047
test,Application + Bureau,Thin-file,1:1,0.15,6534,288,4916,959,371,0.2309542902967121,0.4370257966616085,0.8091521273339455,0.1908478726660545,0.07017212029506337,1330,0.20355065809611264
test,Application + Bureau,Thin-file,2:1,0.15,6534,288,4916,959,371,0.2309542902967121,0.4370257966616085,0.8091521273339455,0.1908478726660545,0.07017212029506337,1701,0.2603305785123967
test,Application + Bureau,Thin-file,5:1,0.15,6534,288,4916,959,371,0.2309542902967121,0.4370257966616085,0.8091521273339455,0.1908478726660545,0.07017212029506337,2814,0.43067033976124885
test,Application + Bureau,Thin-file,10:1,0.15,6534,288,4916,959,371,0.2309542902967121,0.4370257966616085,0.8091521273339455,0.1908478726660545,0.07017212029506337,4669,0.7145699418426691
test,Application + Bureau,Thin-file,1:1,0.16,6534,263,5047,828,396,0.24106324472960586,0.3990895295902883,0.8330272421181512,0.1669727578818488,0.07275399595811134,1224,0.18732782369146006
test,Application + Bureau,Thin-file,2:1,0.16,6534,263,5047,828,396,0.24106324472960586,0.3990895295902883,0.8330272421181512,0.1669727578818488,0.07275399595811134,1620,0.24793388429752067
test,Application + Bureau,Thin-file,5:1,0.16,6534,263,5047,828,396,0.24106324472960586,0.3990895295902883,0.8330272421181512,0.1669727578818488,0.07275399595811134,2808,0.4297520661157025
test,Application + Bureau,Thin-file,10:1,0.16,6534,263,5047,828,396,0.24106324472960586,0.3990895295902883,0.8330272421181512,0.1669727578818488,0.07275399595811134,4788,0.7327823691460055
test,Application + Bureau,Thin-file,1:1,0.17,6534,244,5153,722,415,0.2525879917184265,0.37025796661608495,0.852157943067034,0.14784205693296604,0.07453304597701149,1137,0.17401285583103765
test,Application + Bureau,Thin-file,2:1,0.17,6534,244,5153,722,415,0.2525879917184265,0.37025796661608495,0.852157943067034,0.14784205693296604,0.07453304597701149,1552,0.23752678298132843
test,Application + Bureau,Thin-file,5:1,0.17,6534,244,5153,722,415,0.2525879917184265,0.37025796661608495,0.852157943067034,0.14784205693296604,0.07453304597701149,2797,0.4280685644322008
test,Application + Bureau,Thin-file,10:1,0.17,6534,244,5153,722,415,0.2525879917184265,0.37025796661608495,0.852157943067034,0.14784205693296604,0.07453304597701149,4872,0.7456382001836547
test,Application + Bureau,Thin-file,1:1,0.18,6534,225,5240,635,434,0.2616279069767442,0.34142640364188165,0.8683807774716865,0.13161922252831343,0.07648924920690871,1069,0.16360575451484544
test,Application + Bureau,Thin-file,2:1,0.18,6534,225,5240,635,434,0.2616279069767442,0.34142640364188165,0.8683807774716865,0.13161922252831343,0.07648924920690871,1503,0.23002754820936638
test,Application + Bureau,Thin-file,5:1,0.18,6534,225,5240,635,434,0.2616279069767442,0.34142640364188165,0.8683807774716865,0.13161922252831343,0.07648924920690871,2805,0.4292929292929293
test,Application + Bureau,Thin-file,10:1,0.18,6534,225,5240,635,434,0.2616279069767442,0.34142640364188165,0.8683807774716865,0.13161922252831343,0.07648924920690871,4975,0.7614018977655341
test,Application + Bureau,Thin-file,1:1,0.19,6534,209,5320,555,450,0.27356020942408377,0.3171471927162367,0.8830731558004286,0.11692684419957147,0.0779896013864818,1005,0.15381083562901746
test,Application + Bureau,Thin-file,2:1,0.19,6534,209,5320,555,450,0.27356020942408377,0.3171471927162367,0.8830731558004286,0.11692684419957147,0.0779896013864818,1455,0.22268135904499542
test,Application + Bureau,Thin-file,5:1,0.19,6534,209,5320,555,450,0.27356020942408377,0.3171471927162367,0.8830731558004286,0.11692684419957147,0.0779896013864818,2805,0.4292929292929293
test,Application + Bureau,Thin-file,10:1,0.19,6534,209,5320,555,450,0.27356020942408377,0.3171471927162367,0.8830731558004286,0.11692684419957147,0.0779896013864818,5055,0.7736455463728191
test,Application + Bureau,Thin-file,1:1,0.2,6534,195,5388,487,464,0.2859237536656892,0.2959028831562974,0.8956228956228957,0.10437710437710437,0.07928913192071087,951,0.1455463728191001
test,Application + Bureau,Thin-file,2:1,0.2,6534,195,5388,487,464,0.2859237536656892,0.2959028831562974,0.8956228956228957,0.10437710437710437,0.07928913192071087,1415,0.21655953474135292
test,Application + Bureau,Thin-file,5:1,0.2,6534,195,5388,487,464,0.2859237536656892,0.2959028831562974,0.8956228956228957,0.10437710437710437,0.07928913192071087,2807,0.42959902050811144
test,Application + Bureau,Thin-file,10:1,0.2,6534,195,5388,487,464,0.2859237536656892,0.2959028831562974,0.8956228956228957,0.10437710437710437,0.07928913192071087,5127,0.7846648301193756
test,Application + Bureau,Thin-file,1:1,0.21,6534,174,5448,427,485,0.2895174708818636,0.26403641881638845,0.9080195898377716,0.09198041016222834,0.08174616551491656,912,0.13957759412304868
test,Application + Bureau,Thin-file,2:1,0.21,6534,174,5448,427,485,0.2895174708818636,0.26403641881638845,0.9080195898377716,0.09198041016222834,0.08174616551491656,1397,0.2138047138047138
test,Application + Bureau,Thin-file,5:1,0.21,6534,174,5448,427,485,0.2895174708818636,0.26403641881638845,0.9080195898377716,0.09198041016222834,0.08174616551491656,2852,0.4364860728497092
test,Application + Bureau,Thin-file,10:1,0.21,6534,174,5448,427,485,0.2895174708818636,0.26403641881638845,0.9080195898377716,0.09198041016222834,0.08174616551491656,5277,0.8076216712580349
test,Application + Bureau,Thin-file,1:1,0.22,6534,155,5495,380,504,0.2897196261682243,0.23520485584218512,0.9181205999387818,0.08187940006121824,0.08401400233372229,884,0.13529231711049894
test,Application + Bureau,Thin-file,2:1,0.22,6534,155,5495,380,504,0.2897196261682243,0.23520485584218512,0.9181205999387818,0.08187940006121824,0.08401400233372229,1388,0.21242730333639426
test,Application + Bureau,Thin-file,5:1,0.22,6534,155,5495,380,504,0.2897196261682243,0.23520485584218512,0.9181205999387818,0.08187940006121824,0.08401400233372229,2900,0.4438322620140802
test,Application + Bureau,Thin-file,10:1,0.22,6534,155,5495,380,504,0.2897196261682243,0.23520485584218512,0.9181205999387818,0.08187940006121824,0.08401400233372229,5420,0.8295071931435568
test,Application + Bureau,Thin-file,1:1,0.23,6534,145,5549,326,514,0.3078556263269639,0.22003034901365706,0.9279155188246098,0.07208448117539026,0.08477651327725548,840,0.1285583103764922
test,Application + Bureau,Thin-file,2:1,0.23,6534,145,5549,326,514,0.3078556263269639,0.22003034901365706,0.9279155188246098,0.07208448117539026,0.08477651327725548,1354,0.20722375267829812
test,Application + Bureau,Thin-file,5:1,0.23,6534,145,5549,326,514,0.3078556263269639,0.22003034901365706,0.9279155188246098,0.07208448117539026,0.08477651327725548,2896,0.44322007958371595
test,Application + Bureau,Thin-file,10:1,0.23,6534,145,5549,326,514,0.3078556263269639,0.22003034901365706,0.9279155188246098,0.07208448117539026,0.08477651327725548,5466,0.8365472910927456
test,Application + Bureau,Thin-file,1:1,0.24,6534,127,5581,294,532,0.3016627078384798,0.19271623672230653,0.9355677992041629,0.06443220079583716,0.08702764600032717,826,0.12641567187021732
test,Application + Bureau,Thin-file,2:1,0.24,6534,127,5581,294,532,0.3016627078384798,0.19271623672230653,0.9355677992041629,0.06443220079583716,0.08702764600032717,1358,0.20783593510866238
test,Application + Bureau,Thin-file,5:1,0.24,6534,127,5581,294,532,0.3016627078384798,0.19271623672230653,0.9355677992041629,0.06443220079583716,0.08702764600032717,2954,0.45209672482399754
test,Application + Bureau,Thin-file,10:1,0.24,6534,127,5581,294,532,0.3016627078384798,0.19271623672230653,0.9355677992041629,0.06443220079583716,0.08702764600032717,5614,0.8591980410162229
test,Application + Bureau,Thin-file,1:1,0.25,6534,117,5620,255,542,0.31451612903225806,0.17754172989377845,0.9430670339761249,0.05693296602387511,0.08795845504706264,797,0.12197734925007653
test,Application + Bureau,Thin-file,2:1,0.25,6534,117,5620,255,542,0.31451612903225806,0.17754172989377845,0.9430670339761249,0.05693296602387511,0.08795845504706264,1339,0.20492806856443221
test,Application + Bureau,Thin-file,5:1,0.25,6534,117,5620,255,542,0.31451612903225806,0.17754172989377845,0.9430670339761249,0.05693296602387511,0.08795845504706264,2965,0.4537802265074992
test,Application + Bureau,Thin-file,10:1,0.25,6534,117,5620,255,542,0.31451612903225806,0.17754172989377845,0.9430670339761249,0.05693296602387511,0.08795845504706264,5675,0.8685338230792776
test,Application + Bureau,Thin-file,1:1,0.26,6534,103,5648,227,556,0.31212121212121213,0.15629742033383914,0.9494949494949495,0.050505050505050504,0.08961960025789813,783,0.11983471074380166
test,Application + Bureau,Thin-file,2:1,0.26,6534,103,5648,227,556,0.31212121212121213,0.15629742033383914,0.9494949494949495,0.050505050505050504,0.08961960025789813,1339,0.20492806856443221
test,Application + Bureau,Thin-file,5:1,0.26,6534,103,5648,227,556,0.31212121212121213,0.15629742033383914,0.9494949494949495,0.050505050505050504,0.08961960025789813,3007,0.4602081420263238
test,Application + Bureau,Thin-file,10:1,0.26,6534,103,5648,227,556,0.31212121212121213,0.15629742033383914,0.9494949494949495,0.050505050505050504,0.08961960025789813,5787,0.8856749311294766
test,Application + Bureau,Thin-file,1:1,0.27,6534,96,5676,199,563,0.3254237288135593,0.1456752655538695,0.9548515457606367,0.04514845423936333,0.09023882032376984,762,0.11662075298438934
test,Application + Bureau,Thin-file,2:1,0.27,6534,96,5676,199,563,0.3254237288135593,0.1456752655538695,0.9548515457606367,0.04514845423936333,0.09023882032376984,1325,0.20278543005815733
test,Application + Bureau,Thin-file,5:1,0.27,6534,96,5676,199,563,0.3254237288135593,0.1456752655538695,0.9548515457606367,0.04514845423936333,0.09023882032376984,3014,0.4612794612794613
test,Application + Bureau,Thin-file,10:1,0.27,6534,96,5676,199,563,0.3254237288135593,0.1456752655538695,0.9548515457606367,0.04514845423936333,0.09023882032376984,5829,0.8921028466483012
test,Application + Bureau,Thin-file,1:1,0.28,6534,94,5694,181,565,0.3418181818181818,0.1426403641881639,0.9579124579124579,0.04208754208754209,0.09027001118389519,746,0.11417202326293235
test,Application + Bureau,Thin-file,2:1,0.28,6534,94,5694,181,565,0.3418181818181818,0.1426403641881639,0.9579124579124579,0.04208754208754209,0.09027001118389519,1311,0.20064279155188247
test,Application + Bureau,Thin-file,5:1,0.28,6534,94,5694,181,565,0.3418181818181818,0.1426403641881639,0.9579124579124579,0.04208754208754209,0.09027001118389519,3006,0.46005509641873277
test,Application + Bureau,Thin-file,10:1,0.28,6534,94,5694,181,565,0.3418181818181818,0.1426403641881639,0.9579124579124579,0.04208754208754209,0.09027001118389519,5831,0.8924089378634833
test,Application + Bureau,Thin-file,1:1,0.29,6534,79,5713,162,580,0.3278008298755187,0.11987860394537178,0.963116008570554,0.03688399142944598,0.09216589861751152,742,0.1135598408325681
test,Application + Bureau,Thin-file,2:1,0.29,6534,79,5713,162,580,0.3278008298755187,0.11987860394537178,0.963116008570554,0.03688399142944598,0.09216589861751152,1322,0.20232629323538415
test,Application + Bureau,Thin-file,5:1,0.29,6534,79,5713,162,580,0.3278008298755187,0.11987860394537178,0.963116008570554,0.03688399142944598,0.09216589861751152,3062,0.46862565044383225
test,Application + Bureau,Thin-file,10:1,0.29,6534,79,5713,162,580,0.3278008298755187,0.11987860394537178,0.963116008570554,0.03688399142944598,0.09216589861751152,5962,0.9124579124579124
test,Application + Bureau,Thin-file,1:1,0.3,6534,74,5739,136,585,0.3523809523809524,0.11229135053110774,0.967860422405877,0.03213957759412305,0.09250474383301707,721,0.1103458830731558
test,Application + Bureau,Thin-file,2:1,0.3,6534,74,5739,136,585,0.3523809523809524,0.11229135053110774,0.967860422405877,0.03213957759412305,0.09250474383301707,1306,0.19987756351392716
test,Application + Bureau,Thin-file,5:1,0.3,6534,74,5739,136,585,0.3523809523809524,0.11229135053110774,0.967860422405877,0.03213957759412305,0.09250474383301707,3061,0.4684726048362412
test,Application + Bureau,Thin-file,10:1,0.3,6534,74,5739,136,585,0.3523809523809524,0.11229135053110774,0.967860422405877,0.03213957759412305,0.09250474383301707,5986,0.916131007040098
test,Application + Bureau,Thin-file,1:1,0.31,6534,67,5774,101,592,0.39880952380952384,0.10166919575113809,0.9742883379247016,0.025711662075298437,0.09299403078856425,693,0.10606060606060606
test,Application + Bureau,Thin-file,2:1,0.31,6534,67,5774,101,592,0.39880952380952384,0.10166919575113809,0.9742883379247016,0.025711662075298437,0.09299403078856425,1285,0.19666360575451486
test,Application + Bureau,Thin-file,5:1,0.31,6534,67,5774,101,592,0.39880952380952384,0.10166919575113809,0.9742883379247016,0.025711662075298437,0.09299403078856425,3061,0.4684726048362412
test,Application + Bureau,Thin-file,10:1,0.31,6534,67,5774,101,592,0.39880952380952384,0.10166919575113809,0.9742883379247016,0.025711662075298437,0.09299403078856425,6021,0.9214876033057852
test,Application + Bureau,Thin-file,1:1,0.32,6534,60,5795,80,599,0.42857142857142855,0.09104704097116843,0.9785736149372513,0.021426385062748698,0.09368157647794807,679,0.10391796755433119
test,Application + Bureau,Thin-file,2:1,0.32,6534,60,5795,80,599,0.42857142857142855,0.09104704097116843,0.9785736149372513,0.021426385062748698,0.09368157647794807,1278,0.19559228650137742
test,Application + Bureau,Thin-file,5:1,0.32,6534,60,5795,80,599,0.42857142857142855,0.09104704097116843,0.9785736149372513,0.021426385062748698,0.09368157647794807,3075,0.4706152433425161
test,Application + Bureau,Thin-file,10:1,0.32,6534,60,5795,80,599,0.42857142857142855,0.09104704097116843,0.9785736149372513,0.021426385062748698,0.09368157647794807,6070,0.9289868380777472
test,Application + Bureau,Thin-file,1:1,0.33,6534,50,5808,67,609,0.42735042735042733,0.07587253414264036,0.9820936639118457,0.01790633608815427,0.0949041608228144,676,0.10345883073155801
test,Application + Bureau,Thin-file,2:1,0.33,6534,50,5808,67,609,0.42735042735042733,0.07587253414264036,0.9820936639118457,0.01790633608815427,0.0949041608228144,1285,0.19666360575451486
test,Application + Bureau,Thin-file,5:1,0.33,6534,50,5808,67,609,0.42735042735042733,0.07587253414264036,0.9820936639118457,0.01790633608815427,0.0949041608228144,3112,0.4762779308233854
test,Application + Bureau,Thin-file,10:1,0.33,6534,50,5808,67,609,0.42735042735042733,0.07587253414264036,0.9820936639118457,0.01790633608815427,0.0949041608228144,6157,0.9423018059381696
test,Application + Bureau,Thin-file,1:1,0.34,6534,45,5818,57,614,0.4411764705882353,0.06828528072837632,0.9843893480257117,0.015610651974288337,0.09546019900497513,671,0.1026936026936027
test,Application + Bureau,Thin-file,2:1,0.34,6534,45,5818,57,614,0.4411764705882353,0.06828528072837632,0.9843893480257117,0.015610651974288337,0.09546019900497513,1285,0.19666360575451486
test,Application + Bureau,Thin-file,5:1,0.34,6534,45,5818,57,614,0.4411764705882353,0.06828528072837632,0.9843893480257117,0.015610651974288337,0.09546019900497513,3127,0.4785736149372513
test,Application + Bureau,Thin-file,10:1,0.34,6534,45,5818,57,614,0.4411764705882353,0.06828528072837632,0.9843893480257117,0.015610651974288337,0.09546019900497513,6197,0.9484236302418121
test,Application + Bureau,Thin-file,1:1,0.35,6534,39,5823,52,620,0.42857142857142855,0.05918057663125948,0.9860728497092134,0.013927150290786654,0.09622846500077603,672,0.10284664830119375
test,Application + Bureau,Thin-file,2:1,0.35,6534,39,5823,52,620,0.42857142857142855,0.05918057663125948,0.9860728497092134,0.013927150290786654,0.09622846500077603,1292,0.19773492500765227
test,Application + Bureau,Thin-file,5:1,0.35,6534,39,5823,52,620,0.42857142857142855,0.05918057663125948,0.9860728497092134,0.013927150290786654,0.09622846500077603,3152,0.4823997551270279
test,Application + Bureau,Thin-file,10:1,0.35,6534,39,5823,52,620,0.42857142857142855,0.05918057663125948,0.9860728497092134,0.013927150290786654,0.09622846500077603,6252,0.9568411386593205
test,Application + Bureau,Thin-file,1:1,0.36,6534,37,5833,42,622,0.46835443037974683,0.05614567526555387,0.9879093970003061,0.012090602999693908,0.09635941130906274,664,0.10162228344046526
test,Application + Bureau,Thin-file,2:1,0.36,6534,37,5833,42,622,0.46835443037974683,0.05614567526555387,0.9879093970003061,0.012090602999693908,0.09635941130906274,1286,0.1968166513621059
test,Application + Bureau,Thin-file,5:1,0.36,6534,37,5833,42,622,0.46835443037974683,0.05614567526555387,0.9879093970003061,0.012090602999693908,0.09635941130906274,3152,0.4823997551270279
test,Application + Bureau,Thin-file,10:1,0.36,6534,37,5833,42,622,0.46835443037974683,0.05614567526555387,0.9879093970003061,0.012090602999693908,0.09635941130906274,6262,0.9583715947352311
test,Application + Bureau,Thin-file,1:1,0.37,6534,32,5841,34,627,0.48484848484848486,0.048558421851289835,0.98989898989899,0.010101010101010102,0.09693877551020408,661,0.10116314661769207
test,Application + Bureau,Thin-file,2:1,0.37,6534,32,5841,34,627,0.48484848484848486,0.048558421851289835,0.98989898989899,0.010101010101010102,0.09693877551020408,1288,0.19712274257728804
test,Application + Bureau,Thin-file,5:1,0.37,6534,32,5841,34,627,0.48484848484848486,0.048558421851289835,0.98989898989899,0.010101010101010102,0.09693877551020408,3169,0.4850015304560759
test,Application + Bureau,Thin-file,10:1,0.37,6534,32,5841,34,627,0.48484848484848486,0.048558421851289835,0.98989898989899,0.010101010101010102,0.09693877551020408,6304,0.9647995102540557
test,Application + Bureau,Thin-file,1:1,0.38,6534,27,5847,28,632,0.4909090909090909,0.0409711684370258,0.9915824915824916,0.008417508417508417,0.09754591757987344,660,0.10101010101010101
test,Application + Bureau,Thin-file,2:1,0.38,6534,27,5847,28,632,0.4909090909090909,0.0409711684370258,0.9915824915824916,0.008417508417508417,0.09754591757987344,1292,0.19773492500765227
test,Application + Bureau,Thin-file,5:1,0.38,6534,27,5847,28,632,0.4909090909090909,0.0409711684370258,0.9915824915824916,0.008417508417508417,0.09754591757987344,3188,0.4879093970003061
test,Application + Bureau,Thin-file,10:1,0.38,6534,27,5847,28,632,0.4909090909090909,0.0409711684370258,0.9915824915824916,0.008417508417508417,0.09754591757987344,6348,0.9715335169880625
test,Application + Bureau,Thin-file,1:1,0.39,6534,23,5852,23,636,0.5,0.03490136570561457,0.9929599020508112,0.007040097949188858,0.09802712700369914,659,0.10085705540250994
test,Application + Bureau,Thin-file,2:1,0.39,6534,23,5852,23,636,0.5,0.03490136570561457,0.9929599020508112,0.007040097949188858,0.09802712700369914,1295,0.19819406183042546
test,Application + Bureau,Thin-file,5:1,0.39,6534,23,5852,23,636,0.5,0.03490136570561457,0.9929599020508112,0.007040097949188858,0.09802712700369914,3203,0.49020508111417205
test,Application + Bureau,Thin-file,10:1,0.39,6534,23,5852,23,636,0.5,0.03490136570561457,0.9929599020508112,0.007040097949188858,0.09802712700369914,6383,0.9768901132537496
test,Application + Bureau,Thin-file,1:1,0.4,6534,20,5855,20,639,0.5,0.030349013657056147,0.9938781756963575,0.006121824303642486,0.09839852171234986,659,0.10085705540250994
test,Application + Bureau,Thin-file,2:1,0.4,6534,20,5855,20,639,0.5,0.030349013657056147,0.9938781756963575,0.006121824303642486,0.09839852171234986,1298,0.19865319865319866
test,Application + Bureau,Thin-file,5:1,0.4,6534,20,5855,20,639,0.5,0.030349013657056147,0.9938781756963575,0.006121824303642486,0.09839852171234986,3215,0.4920416284052648
test,Application + Bureau,Thin-file,10:1,0.4,6534,20,5855,20,639,0.5,0.030349013657056147,0.9938781756963575,0.006121824303642486,0.09839852171234986,6410,0.9810223446587083
test,Application + Bureau,Thin-file,1:1,0.41,6534,17,5858,17,642,0.5,0.025796661608497723,0.9947964493419039,0.005203550658096113,0.09876923076923078,659,0.10085705540250994
test,Application + Bureau,Thin-file,2:1,0.41,6534,17,5858,17,642,0.5,0.025796661608497723,0.9947964493419039,0.005203550658096113,0.09876923076923078,1301,0.19911233547597185
test,Application + Bureau,Thin-file,5:1,0.41,6534,17,5858,17,642,0.5,0.025796661608497723,0.9947964493419039,0.005203550658096113,0.09876923076923078,3227,0.4938781756963575
test,Application + Bureau,Thin-file,10:1,0.41,6534,17,5858,17,642,0.5,0.025796661608497723,0.9947964493419039,0.005203550658096113,0.09876923076923078,6437,0.985154576063667
test,Application + Bureau,Thin-file,1:1,0.42,6534,10,5862,13,649,0.43478260869565216,0.015174506828528073,0.9964799510254055,0.003520048974594429,0.09967746889878668,662,0.10131619222528314
test,Application + Bureau,Thin-file,2:1,0.42,6534,10,5862,13,649,0.43478260869565216,0.015174506828528073,0.9964799510254055,0.003520048974594429,0.09967746889878668,1311,0.20064279155188247
test,Application + Bureau,Thin-file,5:1,0.42,6534,10,5862,13,649,0.43478260869565216,0.015174506828528073,0.9964799510254055,0.003520048974594429,0.09967746889878668,3258,0.4986225895316804
test,Application + Bureau,Thin-file,10:1,0.42,6534,10,5862,13,649,0.43478260869565216,0.015174506828528073,0.9964799510254055,0.003520048974594429,0.09967746889878668,6503,0.995255586164677
test,Application + Bureau,Thin-file,1:1,0.43,6534,9,5863,12,650,0.42857142857142855,0.013657056145675266,0.9967860422405876,0.0032139577594123047,0.0998003992015968,662,0.10131619222528314
test,Application + Bureau,Thin-file,2:1,0.43,6534,9,5863,12,650,0.42857142857142855,0.013657056145675266,0.9967860422405876,0.0032139577594123047,0.0998003992015968,1312,0.20079583715947352
test,Application + Bureau,Thin-file,5:1,0.43,6534,9,5863,12,650,0.42857142857142855,0.013657056145675266,0.9967860422405876,0.0032139577594123047,0.0998003992015968,3262,0.4992347719620447
test,Application + Bureau,Thin-file,10:1,0.43,6534,9,5863,12,650,0.42857142857142855,0.013657056145675266,0.9967860422405876,0.0032139577594123047,0.0998003992015968,6512,0.9966329966329966
test,Application + Bureau,Thin-file,1:1,0.44,6534,8,5868,7,651,0.5333333333333333,0.012139605462822459,0.9977043158861341,0.002295684113865932,0.09986194201564658,658,0.10070400979491889
test,Application + Bureau,Thin-file,2:1,0.44,6534,8,5868,7,651,0.5333333333333333,0.012139605462822459,0.9977043158861341,0.002295684113865932,0.09986194201564658,1309,0.20033670033670034
test,Application + Bureau,Thin-file,5:1,0.44,6534,8,5868,7,651,0.5333333333333333,0.012139605462822459,0.9977043158861341,0.002295684113865932,0.09986194201564658,3262,0.4992347719620447
test,Application + Bureau,Thin-file,10:1,0.44,6534,8,5868,7,651,0.5333333333333333,0.012139605462822459,0.9977043158861341,0.002295684113865932,0.09986194201564658,6517,0.997398224670952
test,Application + Bureau,Thin-file,1:1,0.45,6534,5,5871,4,654,0.5555555555555556,0.007587253414264037,0.9986225895316805,0.0013774104683195593,0.10022988505747127,658,0.10070400979491889
test,Application + Bureau,Thin-file,2:1,0.45,6534,5,5871,4,654,0.5555555555555556,0.007587253414264037,0.9986225895316805,0.0013774104683195593,0.10022988505747127,1312,0.20079583715947352
test,Application + Bureau,Thin-file,5:1,0.45,6534,5,5871,4,654,0.5555555555555556,0.007587253414264037,0.9986225895316805,0.0013774104683195593,0.10022988505747127,3274,0.5010713192531374
test,Application + Bureau,Thin-file,10:1,0.45,6534,5,5871,4,654,0.5555555555555556,0.007587253414264037,0.9986225895316805,0.0013774104683195593,0.10022988505747127,6544,1.0015304560759106
test,Application + Bureau,Thin-file,1:1,0.46,6534,4,5872,3,655,0.5714285714285714,0.006069802731411229,0.9989286807468626,0.0010713192531374349,0.10035238241152138,658,0.10070400979491889
test,Application + Bureau,Thin-file,2:1,0.46,6534,4,5872,3,655,0.5714285714285714,0.006069802731411229,0.9989286807468626,0.0010713192531374349,0.10035238241152138,1313,0.20094888276706457
test,Application + Bureau,Thin-file,5:1,0.46,6534,4,5872,3,655,0.5714285714285714,0.006069802731411229,0.9989286807468626,0.0010713192531374349,0.10035238241152138,3278,0.5016835016835017
test,Application + Bureau,Thin-file,10:1,0.46,6534,4,5872,3,655,0.5714285714285714,0.006069802731411229,0.9989286807468626,0.0010713192531374349,0.10035238241152138,6553,1.0029078665442301
test,Application + Bureau,Thin-file,1:1,0.47,6534,4,5872,3,655,0.5714285714285714,0.006069802731411229,0.9989286807468626,0.0010713192531374349,0.10035238241152138,658,0.10070400979491889
test,Application + Bureau,Thin-file,2:1,0.47,6534,4,5872,3,655,0.5714285714285714,0.006069802731411229,0.9989286807468626,0.0010713192531374349,0.10035238241152138,1313,0.20094888276706457
test,Application + Bureau,Thin-file,5:1,0.47,6534,4,5872,3,655,0.5714285714285714,0.006069802731411229,0.9989286807468626,0.0010713192531374349,0.10035238241152138,3278,0.5016835016835017
test,Application + Bureau,Thin-file,10:1,0.47,6534,4,5872,3,655,0.5714285714285714,0.006069802731411229,0.9989286807468626,0.0010713192531374349,0.10035238241152138,6553,1.0029078665442301
test,Application + Bureau,Thin-file,1:1,0.48,6534,4,5872,3,655,0.5714285714285714,0.006069802731411229,0.9989286807468626,0.0010713192531374349,0.10035238241152138,658,0.10070400979491889
test,Application + Bureau,Thin-file,2:1,0.48,6534,4,5872,3,655,0.5714285714285714,0.006069802731411229,0.9989286807468626,0.0010713192531374349,0.10035238241152138,1313,0.20094888276706457
test,Application + Bureau,Thin-file,5:1,0.48,6534,4,5872,3,655,0.5714285714285714,0.006069802731411229,0.9989286807468626,0.0010713192531374349,0.10035238241152138,3278,0.5016835016835017
test,Application + Bureau,Thin-file,10:1,0.48,6534,4,5872,3,655,0.5714285714285714,0.006069802731411229,0.9989286807468626,0.0010713192531374349,0.10035238241152138,6553,1.0029078665442301
test,Application + Bureau,Thin-file,1:1,0.49,6534,3,5873,2,656,0.6,0.004552352048558422,0.9992347719620447,0.0007652280379553107,0.10047480471741461,658,0.10070400979491889
test,Application + Bureau,Thin-file,2:1,0.49,6534,3,5873,2,656,0.6,0.004552352048558422,0.9992347719620447,0.0007652280379553107,0.10047480471741461,1314,0.20110192837465565
test,Application + Bureau,Thin-file,5:1,0.49,6534,3,5873,2,656,0.6,0.004552352048558422,0.9992347719620447,0.0007652280379553107,0.10047480471741461,3282,0.5022956841138659
test,Application + Bureau,Thin-file,10:1,0.49,6534,3,5873,2,656,0.6,0.004552352048558422,0.9992347719620447,0.0007652280379553107,0.10047480471741461,6562,1.0042852770125497
test,Application + Bureau,Thin-file,1:1,0.5,6534,3,5874,1,656,0.75,0.004552352048558422,0.9993878175696358,0.0006121824303642485,0.1004594180704441,657,0.10055096418732783
test,Application + Bureau,Thin-file,2:1,0.5,6534,3,5874,1,656,0.75,0.004552352048558422,0.9993878175696358,0.0006121824303642485,0.1004594180704441,1313,0.20094888276706457
test,Application + Bureau,Thin-file,5:1,0.5,6534,3,5874,1,656,0.75,0.004552352048558422,0.9993878175696358,0.0006121824303642485,0.1004594180704441,3281,0.5021426385062748
test,Application + Bureau,Thin-file,10:1,0.5,6534,3,5874,1,656,0.75,0.004552352048558422,0.9993878175696358,0.0006121824303642485,0.1004594180704441,6561,1.0041322314049588
test,Application + Bureau,Non-thin-file,1:1,0.01,39593,3063,377,36151,2,0.07810985872392513,0.999347471451876,0.009572399161467937,0.9904276008385321,0.005277044854881266,36153,0.9131159548405021
test,Application + Bureau,Non-thin-file,2:1,0.01,39593,3063,377,36151,2,0.07810985872392513,0.999347471451876,0.009572399161467937,0.9904276008385321,0.005277044854881266,36155,0.913166468820246
test,Application + Bureau,Non-thin-file,5:1,0.01,39593,3063,377,36151,2,0.07810985872392513,0.999347471451876,0.009572399161467937,0.9904276008385321,0.005277044854881266,36161,0.9133180107594777
test,Application + Bureau,Non-thin-file,10:1,0.01,39593,3063,377,36151,2,0.07810985872392513,0.999347471451876,0.009572399161467937,0.9904276008385321,0.005277044854881266,36171,0.9135705806581972
test,Application + Bureau,Non-thin-file,1:1,0.02,39593,2994,4532,31996,71,0.0855673049442698,0.9768352365415987,0.11625792438057232,0.8837420756194276,0.015424723006734739,32067,0.8099158942237265
test,Application + Bureau,Non-thin-file,2:1,0.02,39593,2994,4532,31996,71,0.0855673049442698,0.9768352365415987,0.11625792438057232,0.8837420756194276,0.015424723006734739,32138,0.8117091405046346
test,Application + Bureau,Non-thin-file,5:1,0.02,39593,2994,4532,31996,71,0.0855673049442698,0.9768352365415987,0.11625792438057232,0.8837420756194276,0.015424723006734739,32351,0.8170888793473594
test,Application + Bureau,Non-thin-file,10:1,0.02,39593,2994,4532,31996,71,0.0855673049442698,0.9768352365415987,0.11625792438057232,0.8837420756194276,0.015424723006734739,32706,0.8260551107519006
test,Application + Bureau,Non-thin-file,1:1,0.03,39593,2848,10693,25835,217,0.09929226371021162,0.9292006525285481,0.2755537595029424,0.7244462404970575,0.01989000916590284,26052,0.6579951001439649
test,Application + Bureau,Non-thin-file,2:1,0.03,39593,2848,10693,25835,217,0.09929226371021162,0.9292006525285481,0.2755537595029424,0.7244462404970575,0.01989000916590284,26269,0.6634758669461773
test,Application + Bureau,Non-thin-file,5:1,0.03,39593,2848,10693,25835,217,0.09929226371021162,0.9292006525285481,0.2755537595029424,0.7244462404970575,0.01989000916590284,26920,0.6799181673528149
test,Application + Bureau,Non-thin-file,10:1,0.03,39593,2848,10693,25835,217,0.09929226371021162,0.9292006525285481,0.2755537595029424,0.7244462404970575,0.01989000916590284,28005,0.7073220013638775
test,Application + Bureau,Non-thin-file,1:1,0.04,39593,2675,15610,20918,390,0.113381087610732,0.8727569331158238,0.40411183795115296,0.595888162048847,0.024375,21308,0.538175940191448
test,Application + Bureau,Non-thin-file,2:1,0.04,39593,2675,15610,20918,390,0.113381087610732,0.8727569331158238,0.40411183795115296,0.595888162048847,0.024375,21698,0.5480261662415074
test,Application + Bureau,Non-thin-file,5:1,0.04,39593,2675,15610,20918,390,0.113381087610732,0.8727569331158238,0.40411183795115296,0.595888162048847,0.024375,22868,0.5775768443916854
test,Application + Bureau,Non-thin-file,10:1,0.04,39593,2675,15610,20918,390,0.113381087610732,0.8727569331158238,0.40411183795115296,0.595888162048847,0.024375,24818,0.6268279746419821
test,Application + Bureau,Non-thin-file,1:1,0.05,39593,2472,19335,17193,593,0.12570556826849733,0.8065252854812398,0.5033212941681611,0.496678705831839,0.029757125652348455,17786,0.44922082186245044
test,Application + Bureau,Non-thin-file,2:1,0.05,39593,2472,19335,17193,593,0.12570556826849733,0.8065252854812398,0.5033212941681611,0.496678705831839,0.029757125652348455,18379,0.464198216856515
test,Application + Bureau,Non-thin-file,5:1,0.05,39593,2472,19335,17193,593,0.12570556826849733,0.8065252854812398,0.5033212941681611,0.496678705831839,0.029757125652348455,20158,0.5091304018387088
test,Application + Bureau,Non-thin-file,10:1,0.05,39593,2472,19335,17193,593,0.12570556826849733,0.8065252854812398,0.5033212941681611,0.496678705831839,0.029757125652348455,23123,0.5840173768090319
test,Application + Bureau,Non-thin-file,1:1,0.06,39593,2302,22284,14244,763,0.1391272815181917,0.7510603588907014,0.5820978455787639,0.41790215442123607,0.033106261118583766,15007,0.37903164700830955
test,Application + Bureau,Non-thin-file,2:1,0.06,39593,2302,22284,14244,763,0.1391272815181917,0.7510603588907014,0.5820978455787639,0.41790215442123607,0.033106261118583766,15770,0.39830273028060514
test,Application + Bureau,Non-thin-file,5:1,0.06,39593,2302,22284,14244,763,0.1391272815181917,0.7510603588907014,0.5820978455787639,0.41790215442123607,0.033106261118583766,18059,0.456115980097492
test,Application + Bureau,Non-thin-file,10:1,0.06,39593,2302,22284,14244,763,0.1391272815181917,0.7510603588907014,0.5820978455787639,0.41790215442123607,0.033106261118583766,21874,0.55247139645897
test,Application + Bureau,Non-thin-file,1:1,0.07,39593,2140,24508,12020,925,0.15112994350282485,0.6982055464926591,0.6423610234132296,0.3576389765867704,0.03637007038100106,12945,0.3269517338923547
test,Application + Bureau,Non-thin-file,2:1,0.07,39593,2140,24508,12020,925,0.15112994350282485,0.6982055464926591,0.6423610234132296,0.3576389765867704,0.03637007038100106,13870,0.3503144495239057
test,Application + Bureau,Non-thin-file,5:1,0.07,39593,2140,24508,12020,925,0.15112994350282485,0.6982055464926591,0.6423610234132296,0.3576389765867704,0.03637007038100106,16645,0.4204025964185588
test,Application + Bureau,Non-thin-file,10:1,0.07,39593,2140,24508,12020,925,0.15112994350282485,0.6982055464926591,0.6423610234132296,0.3576389765867704,0.03637007038100106,21270,0.537216174576314
test,Application + Bureau,Non-thin-file,1:1,0.08,39593,1999,26329,10199,1066,0.16387932447942286,0.6522022838499184,0.6919152375419897,0.30808476245801025,0.03891221025734623,11265,0.28451999090748364
test,Application + Bureau,Non-thin-file,2:1,0.08,39593,1999,26329,10199,1066,0.16387932447942286,0.6522022838499184,0.6919152375419897,0.30808476245801025,0.03891221025734623,12331,0.3114439421109792
test,Application + Bureau,Non-thin-file,5:1,0.08,39593,1999,26329,10199,1066,0.16387932447942286,0.6522022838499184,0.6919152375419897,0.30808476245801025,0.03891221025734623,15529,0.3922157957214659
test,Application + Bureau,Non-thin-file,10:1,0.08,39593,1999,26329,10199,1066,0.16387932447942286,0.6522022838499184,0.6919152375419897,0.30808476245801025,0.03891221025734623,20859,0.5268355517389438
test,Application + Bureau,Non-thin-file,1:1,0.09,39593,1857,27841,8687,1208,0.17611911987860396,0.6058727569331158,0.7336902987901902,0.2663097012098098,0.04158490825845984,9895,0.24991791478291617
test,Application + Bureau,Non-thin-file,2:1,0.09,39593,1857,27841,8687,1208,0.17611911987860396,0.6058727569331158,0.7336902987901902,0.2663097012098098,0.04158490825845984,11103,0.28042835854822823
test,Application + Bureau,Non-thin-file,5:1,0.09,39593,1857,27841,8687,1208,0.17611911987860396,0.6058727569331158,0.7336902987901902,0.2663097012098098,0.04158490825845984,14727,0.3719596898441644
test,Application + Bureau,Non-thin-file,10:1,0.09,39593,1857,27841,8687,1208,0.17611911987860396,0.6058727569331158,0.7336902987901902,0.2663097012098098,0.04158490825845984,20767,0.5245119086707246
test,Application + Bureau,Non-thin-file,1:1,0.1,39593,1734,29023,7505,1331,0.18768264963740663,0.565742251223491,0.7666506705730811,0.2333493294269189,0.04384924556895302,8836,0.22317076250852425
test,Application + Bureau,Non-thin-file,2:1,0.1,39593,1734,29023,7505,1331,0.18768264963740663,0.565742251223491,0.7666506705730811,0.2333493294269189,0.04384924556895302,10167,0.25678781602808576
test,Application + Bureau,Non-thin-file,5:1,0.1,39593,1734,29023,7505,1331,0.18768264963740663,0.565742251223491,0.7666506705730811,0.2333493294269189,0.04384924556895302,14160,0.3576389765867704
test,Application + Bureau,Non-thin-file,10:1,0.1,39593,1734,29023,7505,1331,0.18768264963740663,0.565742251223491,0.7666506705730811,0.2333493294269189,0.04384924556895302,20815,0.5257242441845781
test,Application + Bureau,Non-thin-file,1:1,0.11,39593,1621,29987,6541,1444,0.19860328350894388,0.5288743882544862,0.7938524486651681,0.20614755133483192,0.04594190448919856,7985,0.20167706412749728
test,Application + Bureau,Non-thin-file,2:1,0.11,39593,1621,29987,6541,1444,0.19860328350894388,0.5288743882544862,0.7938524486651681,0.20614755133483192,0.04594190448919856,9429,0.23814815750258883
test,Application + Bureau,Non-thin-file,5:1,0.11,39593,1621,29987,6541,1444,0.19860328350894388,0.5288743882544862,0.7938524486651681,0.20614755133483192,0.04594190448919856,13761,0.3475614376278635
test,Application + Bureau,Non-thin-file,10:1,0.11,39593,1621,29987,6541,1444,0.19860328350894388,0.5288743882544862,0.7938524486651681,0.20614755133483192,0.04594190448919856,20981,0.5299169045033213
test,Application + Bureau,Non-thin-file,1:1,0.12,39593,1520,30798,5730,1545,0.2096551724137931,0.49592169657422513,0.8168868234283838,0.1831131765716162,0.04776922363417123,7275,0.18374460131841486
test,Application + Bureau,Non-thin-file,2:1,0.12,39593,1520,30798,5730,1545,0.2096551724137931,0.49592169657422513,0.8168868234283838,0.1831131765716162,0.04776922363417123,8820,0.22276665067057308
test,Application + Bureau,Non-thin-file,5:1,0.12,39593,1520,30798,5730,1545,0.2096551724137931,0.49592169657422513,0.8168868234283838,0.1831131765716162,0.04776922363417123,13455,0.3398327987270477
test,Application + Bureau,Non-thin-file,10:1,0.12,39593,1520,30798,5730,1545,0.2096551724137931,0.49592169657422513,0.8168868234283838,0.1831131765716162,0.04776922363417123,21180,0.5349430454878388
test,Application + Bureau,Non-thin-file,1:1,0.13,39593,1418,31512,5016,1647,0.2203916692570718,0.4626427406199021,0.8374965271638926,0.1625034728361074,0.049669772912331496,6663,0.16828732351678327
test,Application + Bureau,Non-thin-file,2:1,0.13,39593,1418,31512,5016,1647,0.2203916692570718,0.4626427406199021,0.8374965271638926,0.1625034728361074,0.049669772912331496,8310,0.20988558583588007
test,Application + Bureau,Non-thin-file,5:1,0.13,39593,1418,31512,5016,1647,0.2203916692570718,0.4626427406199021,0.8374965271638926,0.1625034728361074,0.049669772912331496,13251,0.33468037279317053
test,Application + Bureau,Non-thin-file,10:1,0.13,39593,1418,31512,5016,1647,0.2203916692570718,0.4626427406199021,0.8374965271638926,0.1625034728361074,0.049669772912331496,21486,0.5426716843886545
test,Application + Bureau,Non-thin-file,1:1,0.14,39593,1336,32142,4386,1729,0.23348479552603985,0.43588907014681894,0.8554795039527189,0.1445204960472811,0.05104661805083995,6115,0.1544464930669563
test,Application + Bureau,Non-thin-file,2:1,0.14,39593,1336,32142,4386,1729,0.23348479552603985,0.43588907014681894,0.8554795039527189,0.1445204960472811,0.05104661805083995,7844,0.19811582855555274
test,Application + Bureau,Non-thin-file,5:1,0.14,39593,1336,32142,4386,1729,0.23348479552603985,0.43588907014681894,0.8554795039527189,0.1445204960472811,0.05104661805083995,13031,0.3291238350213422
test,Application + Bureau,Non-thin-file,10:1,0.14,39593,1336,32142,4386,1729,0.23348479552603985,0.43588907014681894,0.8554795039527189,0.1445204960472811,0.05104661805083995,21676,0.5474705124643245
test,Application + Bureau,Non-thin-file,1:1,0.15,39593,1249,32686,3842,1816,0.24533490473384403,0.4075040783034258,0.8714166645619175,0.12858333543808248,0.0526346298765289,5658,0.14290404869547646
test,Application + Bureau,Non-thin-file,2:1,0.15,39593,1249,32686,3842,1816,0.24533490473384403,0.4075040783034258,0.8714166645619175,0.12858333543808248,0.0526346298765289,7474,0.18877074230293234
test,Application + Bureau,Non-thin-file,5:1,0.15,39593,1249,32686,3842,1816,0.24533490473384403,0.4075040783034258,0.8714166645619175,0.12858333543808248,0.0526346298765289,12922,0.3263708231252999
test,Application + Bureau,Non-thin-file,10:1,0.15,39593,1249,32686,3842,1816,0.24533490473384403,0.4075040783034258,0.8714166645619175,0.12858333543808248,0.0526346298765289,22002,0.5557042911625792
test,Application + Bureau,Non-thin-file,1:1,0.16,39593,1156,33105,3423,1909,0.2524568683118585,0.3771615008156607,0.8843482433763544,0.11565175662364559,0.0545210487233678,5332,0.13467026999722173
test,Application + Bureau,Non-thin-file,2:1,0.16,39593,1156,33105,3423,1909,0.2524568683118585,0.3771615008156607,0.8843482433763544,0.11565175662364559,0.0545210487233678,7241,0.18288586366276868
test,Application + Bureau,Non-thin-file,5:1,0.16,39593,1156,33105,3423,1909,0.2524568683118585,0.3771615008156607,0.8843482433763544,0.11565175662364559,0.0545210487233678,12968,0.3275326446594095
test,Application + Bureau,Non-thin-file,10:1,0.16,39593,1156,33105,3423,1909,0.2524568683118585,0.3771615008156607,0.8843482433763544,0.11565175662364559,0.0545210487233678,22513,0.5686106129871442
test,Application + Bureau,Non-thin-file,1:1,0.17,39593,1073,33486,3042,1992,0.2607533414337789,0.3500815660685155,0.8960674866769378,0.10393251332306215,0.056147471672585825,5034,0.1271436870153815
test,Application + Bureau,Non-thin-file,2:1,0.17,39593,1073,33486,3042,1992,0.2607533414337789,0.3500815660685155,0.8960674866769378,0.10393251332306215,0.056147471672585825,7026,0.17745561084030007
test,Application + Bureau,Non-thin-file,5:1,0.17,39593,1073,33486,3042,1992,0.2607533414337789,0.3500815660685155,0.8960674866769378,0.10393251332306215,0.056147471672585825,13002,0.3283913823150557
test,Application + Bureau,Non-thin-file,10:1,0.17,39593,1073,33486,3042,1992,0.2607533414337789,0.3500815660685155,0.8960674866769378,0.10393251332306215,0.056147471672585825,22962,0.5799510014396484
test,Application + Bureau,Non-thin-file,1:1,0.18,39593,994,33802,2726,2071,0.2672043010752688,0.3243066884176183,0.9060439976763569,0.09395600232364307,0.05773144147408915,4797,0.12115778041573005
test,Application + Bureau,Non-thin-file,2:1,0.18,39593,994,33802,2726,2071,0.2672043010752688,0.3243066884176183,0.9060439976763569,0.09395600232364307,0.05773144147408915,6868,0.17346500644053242
test,Application + Bureau,Non-thin-file,5:1,0.18,39593,994,33802,2726,2071,0.2672043010752688,0.3243066884176183,0.9060439976763569,0.09395600232364307,0.05773144147408915,13081,0.3303866845149395
test,Application + Bureau,Non-thin-file,10:1,0.18,39593,994,33802,2726,2071,0.2672043010752688,0.3243066884176183,0.9060439976763569,0.09395600232364307,0.05773144147408915,23436,0.5919228146389514
test,Application + Bureau,Non-thin-file,1:1,0.19,39593,937,34107,2421,2128,0.27903513996426443,0.3057096247960848,0.9151870280100017,0.08481297198999824,0.05872774941355043,4549,0.11489404692748718
test,Application + Bureau,Non-thin-file,2:1,0.19,39593,937,34107,2421,2128,0.27903513996426443,0.3057096247960848,0.9151870280100017,0.08481297198999824,0.05872774941355043,6677,0.16864092137499054
test,Application + Bureau,Non-thin-file,5:1,0.19,39593,937,34107,2421,2128,0.27903513996426443,0.3057096247960848,0.9151870280100017,0.08481297198999824,0.05872774941355043,13061,0.3298815447175006
test,Application + Bureau,Non-thin-file,10:1,0.19,39593,937,34107,2421,2128,0.27903513996426443,0.3057096247960848,0.9151870280100017,0.08481297198999824,0.05872774941355043,23701,0.5986159169550173
test,Application + Bureau,Non-thin-file,1:1,0.2,39593,876,34352,2176,2189,0.2870249017038008,0.2858075040783034,0.9229156669108176,0.07708433308918243,0.059905311841493114,4365,0.11024676079104892
test,Application + Bureau,Non-thin-file,2:1,0.2,39593,876,34352,2176,2189,0.2870249017038008,0.2858075040783034,0.9229156669108176,0.07708433308918243,0.059905311841493114,6554,0.16553431162074103
test,Application + Bureau,Non-thin-file,5:1,0.2,39593,876,34352,2176,2189,0.2870249017038008,0.2858075040783034,0.9229156669108176,0.07708433308918243,0.059905311841493114,13121,0.3313969641098174
test,Application + Bureau,Non-thin-file,10:1,0.2,39593,876,34352,2176,2189,0.2870249017038008,0.2858075040783034,0.9229156669108176,0.07708433308918243,0.059905311841493114,24066,0.607834718258278
test,Application + Bureau,Non-thin-file,1:1,0.21,39593,809,34599,1929,2256,0.2954711468224982,0.26394779771615007,0.930846361730609,0.06915363826939105,0.061212861212861215,4185,0.10570050261409845
test,Application + Bureau,Non-thin-file,2:1,0.21,39593,809,34599,1929,2256,0.2954711468224982,0.26394779771615007,0.930846361730609,0.06915363826939105,0.061212861212861215,6441,0.16268027176521102
test,Application + Bureau,Non-thin-file,5:1,0.21,39593,809,34599,1929,2256,0.2954711468224982,0.26394779771615007,0.930846361730609,0.06915363826939105,0.061212861212861215,13209,0.33361957921854873
test,Application + Bureau,Non-thin-file,10:1,0.21,39593,809,34599,1929,2256,0.2954711468224982,0.26394779771615007,0.930846361730609,0.06915363826939105,0.061212861212861215,24489,0.6185184249741116
test,Application + Bureau,Non-thin-file,1:1,0.22,39593,758,34832,1696,2307,0.30888345558272207,0.2473083197389886,0.9380193468542419,0.06198065314575809,0.06211798917579903,4003,0.10110373045740409
test,Application + Bureau,Non-thin-file,2:1,0.22,39593,758,34832,1696,2307,0.30888345558272207,0.2473083197389886,0.9380193468542419,0.06198065314575809,0.06211798917579903,6310,0.15937160609198595
test,Application + Bureau,Non-thin-file,5:1,0.22,39593,758,34832,1696,2307,0.30888345558272207,0.2473083197389886,0.9380193468542419,0.06198065314575809,0.06211798917579903,13231,0.33417523299573154
test,Application + Bureau,Non-thin-file,10:1,0.22,39593,758,34832,1696,2307,0.30888345558272207,0.2473083197389886,0.9380193468542419,0.06198065314575809,0.06211798917579903,24766,0.6255146111686409
test,Application + Bureau,Non-thin-file,1:1,0.23,39593,714,35025,1503,2351,0.32205683355886333,0.232952691680261,0.9440052534538934,0.05599474654610664,0.06290132705479452,3854,0.09734043896648398
test,Application + Bureau,Non-thin-file,2:1,0.23,39593,714,35025,1503,2351,0.32205683355886333,0.232952691680261,0.9440052534538934,0.05599474654610664,0.06290132705479452,6205,0.1567196221554315
test,Application + Bureau,Non-thin-file,5:1,0.23,39593,714,35025,1503,2351,0.32205683355886333,0.232952691680261,0.9440052534538934,0.05599474654610664,0.06290132705479452,13258,0.33485717172227414
test,Application + Bureau,Non-thin-file,10:1,0.23,39593,714,35025,1503,2351,0.32205683355886333,0.232952691680261,0.9440052534538934,0.05599474654610664,0.06290132705479452,25013,0.6317530876670119
test,Application + Bureau,Non-thin-file,1:1,0.24,39593,669,35164,1364,2396,0.3290703393999016,0.21827079934747146,0.9486525395903316,0.05134746040966837,0.0637912673056443,3760,0.09496628191852095
test,Application + Bureau,Non-thin-file,2:1,0.24,39593,669,35164,1364,2396,0.3290703393999016,0.21827079934747146,0.9486525395903316,0.05134746040966837,0.0637912673056443,6156,0.1554820296517061
test,Application + Bureau,Non-thin-file,5:1,0.24,39593,669,35164,1364,2396,0.3290703393999016,0.21827079934747146,0.9486525395903316,0.05134746040966837,0.0637912673056443,13344,0.3370292728512616
test,Application + Bureau,Non-thin-file,10:1,0.24,39593,669,35164,1364,2396,0.3290703393999016,0.21827079934747146,0.9486525395903316,0.05134746040966837,0.0637912673056443,25324,0.6396080115171874
test,Application + Bureau,Non-thin-file,1:1,0.25,39593,631,35314,1214,2434,0.34200542005420054,0.20587275693311582,0.9534008536862577,0.046599146313742325,0.06448023736356893,3648,0.09213749905286288
test,Application + Bureau,Non-thin-file,2:1,0.25,39593,631,35314,1214,2434,0.34200542005420054,0.20587275693311582,0.9534008536862577,0.046599146313742325,0.06448023736356893,6082,0.15361301240118203
test,Application + Bureau,Non-thin-file,5:1,0.25,39593,631,35314,1214,2434,0.34200542005420054,0.20587275693311582,0.9534008536862577,0.046599146313742325,0.06448023736356893,13384,0.3380395524461395
test,Application + Bureau,Non-thin-file,10:1,0.25,39593,631,35314,1214,2434,0.34200542005420054,0.20587275693311582,0.9534008536862577,0.046599146313742325,0.06448023736356893,25554,0.6454171191877353
test,Application + Bureau,Non-thin-file,1:1,0.26,39593,583,35453,1075,2482,0.3516284680337756,0.19021207177814028,0.9581239107923117,0.041876089207688226,0.06542770528535653,3557,0.0898391129745157
test,Application + Bureau,Non-thin-file,2:1,0.26,39593,583,35453,1075,2482,0.3516284680337756,0.19021207177814028,0.9581239107923117,0.041876089207688226,0.06542770528535653,6039,0.1525269618366883
test,Application + Bureau,Non-thin-file,5:1,0.26,39593,583,35453,1075,2482,0.3516284680337756,0.19021207177814028,0.9581239107923117,0.041876089207688226,0.06542770528535653,13485,0.3405905084232061
test,Application + Bureau,Non-thin-file,10:1,0.26,39593,583,35453,1075,2482,0.3516284680337756,0.19021207177814028,0.9581239107923117,0.041876089207688226,0.06542770528535653,25895,0.6540297527340692
test,Application + Bureau,Non-thin-file,1:1,0.27,39593,534,35570,958,2531,0.3579088471849866,0.17422512234910278,0.962316571111055,0.03768342888894501,0.06642870265872287,3489,0.0881216376632233
test,Application + Bureau,Non-thin-file,2:1,0.27,39593,534,35570,958,2531,0.3579088471849866,0.17422512234910278,0.962316571111055,0.03768342888894501,0.06642870265872287,6020,0.15204707902912132
test,Application + Bureau,Non-thin-file,5:1,0.27,39593,534,35570,958,2531,0.3579088471849866,0.17422512234910278,0.962316571111055,0.03768342888894501,0.06642870265872287,13613,0.34382340312681536
test,Application + Bureau,Non-thin-file,10:1,0.27,39593,534,35570,958,2531,0.3579088471849866,0.17422512234910278,0.962316571111055,0.03768342888894501,0.06642870265872287,26268,0.6634506099563054
test,Application + Bureau,Non-thin-file,1:1,0.28,39593,486,35672,856,2579,0.3621460506706408,0.15856443719412724,0.9661051195918471,0.03389488040815296,0.06742307390656453,3435,0.08675776021013816
test,Application + Bureau,Non-thin-file,2:1,0.28,39593,486,35672,856,2579,0.3621460506706408,0.15856443719412724,0.9661051195918471,0.03389488040815296,0.06742307390656453,6014,0.15189553708988962
test,Application + Bureau,Non-thin-file,5:1,0.28,39593,486,35672,856,2579,0.3621460506706408,0.15856443719412724,0.9661051195918471,0.03389488040815296,0.06742307390656453,13751,0.34730886772914404
test,Application + Bureau,Non-thin-file,10:1,0.28,39593,486,35672,856,2579,0.3621460506706408,0.15856443719412724,0.9661051195918471,0.03389488040815296,0.06742307390656453,26646,0.6729977521279014
test,Application + Bureau,Non-thin-file,1:1,0.29,39593,443,35755,773,2622,0.36430921052631576,0.14453507340946167,0.9692875003157124,0.030712499684287627,0.06832217213435131,3395,0.08574748061526027
test,Application + Bureau,Non-thin-file,2:1,0.29,39593,443,35755,773,2622,0.36430921052631576,0.14453507340946167,0.9692875003157124,0.030712499684287627,0.06832217213435131,6017,0.15197130805950546
test,Application + Bureau,Non-thin-file,5:1,0.29,39593,443,35755,773,2622,0.36430921052631576,0.14453507340946167,0.9692875003157124,0.030712499684287627,0.06832217213435131,13883,0.35064279039224105
test,Application + Bureau,Non-thin-file,10:1,0.29,39593,443,35755,773,2622,0.36430921052631576,0.14453507340946167,0.9692875003157124,0.030712499684287627,0.06832217213435131,26993,0.681761927613467
test,Application + Bureau,Non-thin-file,1:1,0.3,39593,414,35858,670,2651,0.38191881918819187,0.13507340946166393,0.9726214229788094,0.027378577021190613,0.06884105014412216,3321,0.08387846336473619
test,Application + Bureau,Non-thin-file,2:1,0.3,39593,414,35858,670,2651,0.38191881918819187,0.13507340946166393,0.9726214229788094,0.027378577021190613,0.06884105014412216,5972,0.15083474351526785
test,Application + Bureau,Non-thin-file,5:1,0.3,39593,414,35858,670,2651,0.38191881918819187,0.13507340946166393,0.9726214229788094,0.027378577021190613,0.06884105014412216,13925,0.35170358396686285
test,Application + Bureau,Non-thin-file,10:1,0.3,39593,414,35858,670,2651,0.38191881918819187,0.13507340946166393,0.9726214229788094,0.027378577021190613,0.06884105014412216,27180,0.6864849847195211
test,Application + Bureau,Non-thin-file,1:1,0.31,39593,379,35918,610,2686,0.3832153690596562,0.1236541598694943,0.9750208370166443,0.024979162983355643,0.06957828204331157,3296,0.08324703861793752
test,Application + Bureau,Non-thin-file,2:1,0.31,39593,379,35918,610,2686,0.3832153690596562,0.1236541598694943,0.9750208370166443,0.024979162983355643,0.06957828204331157,5982,0.15108731341398732
test,Application + Bureau,Non-thin-file,5:1,0.31,39593,379,35918,610,2686,0.3832153690596562,0.1236541598694943,0.9750208370166443,0.024979162983355643,0.06957828204331157,14040,0.35460813780213674
test,Application + Bureau,Non-thin-file,10:1,0.31,39593,379,35918,610,2686,0.3832153690596562,0.1236541598694943,0.9750208370166443,0.024979162983355643,0.06957828204331157,27470,0.6938095117823858
test,Application + Bureau,Non-thin-file,1:1,0.32,39593,356,35992,536,2709,0.3991031390134529,0.11615008156606851,0.9774707650342233,0.02252923496577678,0.06999819126120772,3245,0.08195893213446821
test,Application + Bureau,Non-thin-file,2:1,0.32,39593,356,35992,536,2709,0.3991031390134529,0.11615008156606851,0.9774707650342233,0.02252923496577678,0.06999819126120772,5954,0.1503801176975728
test,Application + Bureau,Non-thin-file,5:1,0.32,39593,356,35992,536,2709,0.3991031390134529,0.11615008156606851,0.9774707650342233,0.02252923496577678,0.06999819126120772,14081,0.35564367438688654
test,Application + Bureau,Non-thin-file,10:1,0.32,39593,356,35992,536,2709,0.3991031390134529,0.11615008156606851,0.9774707650342233,0.02252923496577678,0.06999819126120772,27626,0.6977496022024096
test,Application + Bureau,Non-thin-file,1:1,0.33,39593,323,36052,476,2742,0.40425531914893614,0.10538336052202284,0.9798196650923143,0.020180334907685702,0.0706810331494561,3218,0.08127699340792564
test,Application + Bureau,Non-thin-file,2:1,0.33,39593,323,36052,476,2742,0.40425531914893614,0.10538336052202284,0.9798196650923143,0.020180334907685702,0.0706810331494561,5960,0.15053165963680448
test,Application + Bureau,Non-thin-file,5:1,0.33,39593,323,36052,476,2742,0.40425531914893614,0.10538336052202284,0.9798196650923143,0.020180334907685702,0.0706810331494561,14186,0.358295658323441
test,Application + Bureau,Non-thin-file,10:1,0.33,39593,323,36052,476,2742,0.40425531914893614,0.10538336052202284,0.9798196650923143,0.020180334907685702,0.0706810331494561,27896,0.7045689894678352
test,Application + Bureau,Non-thin-file,1:1,0.34,39593,295,36100,428,2770,0.40802213001383125,0.09624796084828711,0.9817391963225822,0.018260803677417725,0.07126318497555956,3198,0.08077185361048671
test,Application + Bureau,Non-thin-file,2:1,0.34,39593,295,36100,428,2770,0.40802213001383125,0.09624796084828711,0.9817391963225822,0.018260803677417725,0.07126318497555956,5968,0.15073371555578005
test,Application + Bureau,Non-thin-file,5:1,0.34,39593,295,36100,428,2770,0.40802213001383125,0.09624796084828711,0.9817391963225822,0.018260803677417725,0.07126318497555956,14278,0.36061930139166015
test,Application + Bureau,Non-thin-file,10:1,0.34,39593,295,36100,428,2770,0.40802213001383125,0.09624796084828711,0.9817391963225822,0.018260803677417725,0.07126318497555956,28128,0.7104286111181269
test,Application + Bureau,Non-thin-file,1:1,0.35,39593,272,36147,381,2793,0.4165390505359878,0.08874388254486133,0.9835071856136186,0.016492814386381432,0.07172573189522342,3174,0.08016568585355997
test,Application + Bureau,Non-thin-file,2:1,0.35,39593,272,36147,381,2793,0.4165390505359878,0.08874388254486133,0.9835071856136186,0.016492814386381432,0.07172573189522342,5967,0.15070845856590812
test,Application + Bureau,Non-thin-file,5:1,0.35,39593,272,36147,381,2793,0.4165390505359878,0.08874388254486133,0.9835071856136186,0.016492814386381432,0.07172573189522342,14346,0.36233677670295256
test,Application + Bureau,Non-thin-file,10:1,0.35,39593,272,36147,381,2793,0.4165390505359878,0.08874388254486133,0.9835071856136186,0.016492814386381432,0.07172573189522342,28311,0.7150506402646932
test,Application + Bureau,Non-thin-file,1:1,0.36,39593,251,36190,338,2814,0.42614601018675724,0.08189233278955954,0.9851236329654232,0.014876367034576819,0.07214644651830582,3152,0.07961003207637714
test,Application + Bureau,Non-thin-file,2:1,0.36,39593,251,36190,338,2814,0.42614601018675724,0.08189233278955954,0.9851236329654232,0.014876367034576819,0.07214644651830582,5966,0.15068320157603618
test,Application + Bureau,Non-thin-file,5:1,0.36,39593,251,36190,338,2814,0.42614601018675724,0.08189233278955954,0.9851236329654232,0.014876367034576819,0.07214644651830582,14408,0.36390271007501324
test,Application + Bureau,Non-thin-file,10:1,0.36,39593,251,36190,338,2814,0.42614601018675724,0.08189233278955954,0.9851236329654232,0.014876367034576819,0.07214644651830582,28478,0.7192685575733084
test,Application + Bureau,Non-thin-file,1:1,0.37,39593,230,36233,295,2835,0.4380952380952381,0.07504078303425775,0.9867400803172278,0.013259919682772207,0.07256578273779052,3130,0.0790543782991943
test,Application + Bureau,Non-thin-file,2:1,0.37,39593,230,36233,295,2835,0.4380952380952381,0.07504078303425775,0.9867400803172278,0.013259919682772207,0.07256578273779052,5965,0.15065794458616422
test,Application + Bureau,Non-thin-file,5:1,0.37,39593,230,36233,295,2835,0.4380952380952381,0.07504078303425775,0.9867400803172278,0.013259919682772207,0.07256578273779052,14470,0.36546864344707397
test,Application + Bureau,Non-thin-file,10:1,0.37,39593,230,36233,295,2835,0.4380952380952381,0.07504078303425775,0.9867400803172278,0.013259919682772207,0.07256578273779052,28645,0.7234864748819235
test,Application + Bureau,Non-thin-file,1:1,0.38,39593,205,36275,253,2860,0.44759825327510916,0.06688417618270799,0.9884322986386482,0.011567701361351754,0.07308036284655679,3113,0.0786250094713712
test,Application + Bureau,Non-thin-file,2:1,0.38,39593,205,36275,253,2860,0.44759825327510916,0.06688417618270799,0.9884322986386482,0.011567701361351754,0.07308036284655679,5973,0.15086000050513979
test,Application + Bureau,Non-thin-file,5:1,0.38,39593,205,36275,253,2860,0.44759825327510916,0.06688417618270799,0.9884322986386482,0.011567701361351754,0.07308036284655679,14553,0.3675649736064456
test,Application + Bureau,Non-thin-file,10:1,0.38,39593,205,36275,253,2860,0.44759825327510916,0.06688417618270799,0.9884322986386482,0.011567701361351754,0.07308036284655679,28853,0.7287399287752886
test,Application + Bureau,Non-thin-file,1:1,0.39,39593,189,36301,227,2876,0.4543269230769231,0.06166394779771615,0.98949309221327,0.010506907786729977,0.0734104193787171,3103,0.07837243957265173
test,Application + Bureau,Non-thin-file,2:1,0.39,39593,189,36301,227,2876,0.4543269230769231,0.06166394779771615,0.98949309221327,0.010506907786729977,0.0734104193787171,5979,0.15101154244437148
test,Application + Bureau,Non-thin-file,5:1,0.39,39593,189,36301,227,2876,0.4543269230769231,0.06166394779771615,0.98949309221327,0.010506907786729977,0.0734104193787171,14607,0.3689288510595307
test,Application + Bureau,Non-thin-file,10:1,0.39,39593,189,36301,227,2876,0.4543269230769231,0.06166394779771615,0.98949309221327,0.010506907786729977,0.0734104193787171,28987,0.7321243654181294
test,Application + Bureau,Non-thin-file,1:1,0.4,39593,176,36325,203,2889,0.46437994722955145,0.05742251223491028,0.9904276008385321,0.009572399161467937,0.07367266792472077,3092,0.07809461268406032
test,Application + Bureau,Non-thin-file,2:1,0.4,39593,176,36325,203,2889,0.46437994722955145,0.05742251223491028,0.9904276008385321,0.009572399161467937,0.07367266792472077,5981,0.15106205642411538
test,Application + Bureau,Non-thin-file,5:1,0.4,39593,176,36325,203,2889,0.46437994722955145,0.05742251223491028,0.9904276008385321,0.009572399161467937,0.07367266792472077,14648,0.3699643876442806
test,Application + Bureau,Non-thin-file,10:1,0.4,39593,176,36325,203,2889,0.46437994722955145,0.05742251223491028,0.9904276008385321,0.009572399161467937,0.07367266792472077,29093,0.7348016063445558
test,Application + Bureau,Non-thin-file,1:1,0.41,39593,159,36351,177,2906,0.4732142857142857,0.05187601957585644,0.9915136514030258,0.008486348596974213,0.07402501464706931,3083,0.07786729977521278
test,Application + Bureau,Non-thin-file,2:1,0.41,39593,159,36351,177,2906,0.4732142857142857,0.05187601957585644,0.9915136514030258,0.008486348596974213,0.07402501464706931,5989,0.15126411234309095
test,Application + Bureau,Non-thin-file,5:1,0.41,39593,159,36351,177,2906,0.4732142857142857,0.05187601957585644,0.9915136514030258,0.008486348596974213,0.07402501464706931,14707,0.37145455004672545
test,Application + Bureau,Non-thin-file,10:1,0.41,39593,159,36351,177,2906,0.4732142857142857,0.05187601957585644,0.9915136514030258,0.008486348596974213,0.07402501464706931,29237,0.7384386128861162
test,Application + Bureau,Non-thin-file,1:1,0.42,39593,142,36371,157,2923,0.47491638795986624,0.04632952691680261,0.9924481600282878,0.007551839971712171,0.0743879472693032,3080,0.07779152880559695
test,Application + Bureau,Non-thin-file,2:1,0.42,39593,142,36371,157,2923,0.47491638795986624,0.04632952691680261,0.9924481600282878,0.007551839971712171,0.0743879472693032,6003,0.15161771020129822
test,Application + Bureau,Non-thin-file,5:1,0.42,39593,142,36371,157,2923,0.47491638795986624,0.04632952691680261,0.9924481600282878,0.007551839971712171,0.0743879472693032,14772,0.373096254388402
test,Application + Bureau,Non-thin-file,10:1,0.42,39593,142,36371,157,2923,0.47491638795986624,0.04632952691680261,0.9924481600282878,0.007551839971712171,0.0743879472693032,29387,0.7422271613669083
test,Application + Bureau,Non-thin-file,1:1,0.43,39593,133,36391,137,2932,0.4925925925925926,0.043393148450244695,0.9931806127345743,0.006819387265425706,0.07456196119319482,3069,0.07751370191700553
test,Application + Bureau,Non-thin-file,2:1,0.43,39593,133,36391,137,2932,0.4925925925925926,0.043393148450244695,0.9931806127345743,0.006819387265425706,0.07456196119319482,6001,0.15156719622155432
test,Application + Bureau,Non-thin-file,5:1,0.43,39593,133,36391,137,2932,0.4925925925925926,0.043393148450244695,0.9931806127345743,0.006819387265425706,0.07456196119319482,14797,0.37372767913520066
test,Application + Bureau,Non-thin-file,10:1,0.43,39593,133,36391,137,2932,0.4925925925925926,0.043393148450244695,0.9931806127345743,0.006819387265425706,0.07456196119319482,29457,0.7439951506579446
test,Application + Bureau,Non-thin-file,1:1,0.44,39593,115,36399,129,2950,0.4713114754098361,0.037520391517128875,0.9938372944712449,0.006162705528755083,0.07497013901242726,3079,0.077766271815725
test,Application + Bureau,Non-thin-file,2:1,0.44,39593,115,36399,129,2950,0.4713114754098361,0.037520391517128875,0.9938372944712449,0.006162705528755083,0.07497013901242726,6029,0.15227439193796882
test,Application + Bureau,Non-thin-file,5:1,0.44,39593,115,36399,129,2950,0.4713114754098361,0.037520391517128875,0.9938372944712449,0.006162705528755083,0.07497013901242726,14879,0.37579875230470033
test,Application + Bureau,Non-thin-file,10:1,0.44,39593,115,36399,129,2950,0.4713114754098361,0.037520391517128875,0.9938372944712449,0.006162705528755083,0.07497013901242726,29629,0.7483393529159195
test,Application + Bureau,Non-thin-file,1:1,0.45,39593,103,36415,113,2962,0.47685185185185186,0.03360522022838499,0.9945444901876594,0.005455509812340565,0.07522157604693094,3075,0.07766524385623721
test,Application + Bureau,Non-thin-file,2:1,0.45,39593,103,36415,113,2962,0.47685185185185186,0.03360522022838499,0.9945444901876594,0.005455509812340565,0.07522157604693094,6037,0.15247644785694442
test,Application + Bureau,Non-thin-file,5:1,0.45,39593,103,36415,113,2962,0.47685185185185186,0.03360522022838499,0.9945444901876594,0.005455509812340565,0.07522157604693094,14923,0.376910059859066
test,Application + Bureau,Non-thin-file,10:1,0.45,39593,103,36415,113,2962,0.47685185185185186,0.03360522022838499,0.9945444901876594,0.005455509812340565,0.07522157604693094,29733,0.750966079862602
test,Application + Bureau,Non-thin-file,1:1,0.46,39593,97,36431,97,2968,0.5,0.03164763458401305,0.9951001439648423,0.00489985603515773,0.07533186121475165,3065,0.07741267395751775
test,Application + Bureau,Non-thin-file,2:1,0.46,39593,97,36431,97,2968,0.5,0.03164763458401305,0.9951001439648423,0.00489985603515773,0.07533186121475165,6033,0.15237541989745662
test,Application + Bureau,Non-thin-file,5:1,0.46,39593,97,36431,97,2968,0.5,0.03164763458401305,0.9951001439648423,0.00489985603515773,0.07533186121475165,14937,0.37726365771727327
test,Application + Bureau,Non-thin-file,10:1,0.46,39593,97,36431,97,2968,0.5,0.03164763458401305,0.9951001439648423,0.00489985603515773,0.07533186121475165,29777,0.7520773874169676
test,Application + Bureau,Non-thin-file,1:1,0.47,39593,82,36447,81,2983,0.5030674846625767,0.026753670473083198,0.9958831106508726,0.004116889349127371,0.07565305604869389,3064,0.0773874169676458
test,Application + Bureau,Non-thin-file,2:1,0.47,39593,82,36447,81,2983,0.5030674846625767,0.026753670473083198,0.9958831106508726,0.004116889349127371,0.07565305604869389,6047,0.1527290177556639
test,Application + Bureau,Non-thin-file,5:1,0.47,39593,82,36447,81,2983,0.5030674846625767,0.026753670473083198,0.9958831106508726,0.004116889349127371,0.07565305604869389,14996,0.37875382011971814
test,Application + Bureau,Non-thin-file,10:1,0.47,39593,82,36447,81,2983,0.5030674846625767,0.026753670473083198,0.9958831106508726,0.004116889349127371,0.07565305604869389,29911,0.7554618240598086
test,Application + Bureau,Non-thin-file,1:1,0.48,39593,75,36464,64,2990,0.539568345323741,0.024469820554649267,0.9964892784077993,0.0035107215922006415,0.07578445784964769,3054,0.07713484706892633
test,Application + Bureau,Non-thin-file,2:1,0.48,39593,75,36464,64,2990,0.539568345323741,0.024469820554649267,0.9964892784077993,0.0035107215922006415,0.07578445784964769,6044,0.15265324678604805
test,Application + Bureau,Non-thin-file,5:1,0.48,39593,75,36464,64,2990,0.539568345323741,0.024469820554649267,0.9964892784077993,0.0035107215922006415,0.07578445784964769,15014,0.37920844593741315
test,Application + Bureau,Non-thin-file,10:1,0.48,39593,75,36464,64,2990,0.539568345323741,0.024469820554649267,0.9964892784077993,0.0035107215922006415,0.07578445784964769,29964,0.7568004445230218
test,Application + Bureau,Non-thin-file,1:1,0.49,39593,68,36475,53,2997,0.5619834710743802,0.022185970636215333,0.9969439042254944,0.0030560957745055946,0.07592723956222132,3050,0.07703381910943853
test,Application + Bureau,Non-thin-file,2:1,0.49,39593,68,36475,53,2997,0.5619834710743802,0.022185970636215333,0.9969439042254944,0.0030560957745055946,0.07592723956222132,6047,0.1527290177556639
test,Application + Bureau,Non-thin-file,5:1,0.49,39593,68,36475,53,2997,0.5619834710743802,0.022185970636215333,0.9969439042254944,0.0030560957745055946,0.07592723956222132,15038,0.3798146136943399
test,Application + Bureau,Non-thin-file,10:1,0.49,39593,68,36475,53,2997,0.5619834710743802,0.022185970636215333,0.9969439042254944,0.0030560957745055946,0.07592723956222132,30023,0.7582906069254666
test,Application + Bureau,Non-thin-file,1:1,0.5,39593,61,36485,43,3004,0.5865384615384616,0.019902120717781403,0.9973732730533175,0.0026267269466824943,0.0760718174681557,3047,0.0769580481398227
test,Application + Bureau,Non-thin-file,2:1,0.5,39593,61,36485,43,3004,0.5865384615384616,0.019902120717781403,0.9973732730533175,0.0026267269466824943,0.0760718174681557,6051,0.15283004571515166
test,Application + Bureau,Non-thin-file,5:1,0.5,39593,61,36485,43,3004,0.5865384615384616,0.019902120717781403,0.9973732730533175,0.0026267269466824943,0.0760718174681557,15063,0.3804460384411386
test,Application + Bureau,Non-thin-file,10:1,0.5,39593,61,36485,43,3004,0.5865384615384616,0.019902120717781403,0.9973732730533175,0.0026267269466824943,0.0760718174681557,30083,0.7598060263177835
test,Application + Bureau + Alternative,Overall,1:1,0.01,46127,3721,570,41833,3,0.081683276989946,0.9991944146079484,0.012422225594554165,0.9875777744054458,0.005235602094240838,41836,0.9069742233399094
test,Application + Bureau + Alternative,Overall,2:1,0.01,46127,3721,570,41833,3,0.081683276989946,0.9991944146079484,0.012422225594554165,0.9875777744054458,0.005235602094240838,41839,0.9070392611702474
test,Application + Bureau + Alternative,Overall,5:1,0.01,46127,3721,570,41833,3,0.081683276989946,0.9991944146079484,0.012422225594554165,0.9875777744054458,0.005235602094240838,41848,0.9072343746612613
test,Application + Bureau + Alternative,Overall,10:1,0.01,46127,3721,570,41833,3,0.081683276989946,0.9991944146079484,0.012422225594554165,0.9875777744054458,0.005235602094240838,41863,0.9075595638129512
test,Application + Bureau + Alternative,Overall,1:1,0.02,46127,3654,5649,36754,70,0.09042763809146703,0.981203007518797,0.12398378390096906,0.8760162160990309,0.012239902080783354,36824,0.7983176881219243
test,Application + Bureau + Alternative,Overall,2:1,0.02,46127,3654,5649,36754,70,0.09042763809146703,0.981203007518797,0.12398378390096906,0.8760162160990309,0.012239902080783354,36894,0.7998352374964771
test,Application + Bureau + Alternative,Overall,5:1,0.02,46127,3654,5649,36754,70,0.09042763809146703,0.981203007518797,0.12398378390096906,0.8760162160990309,0.012239902080783354,37104,0.8043878856201357
test,Application + Bureau + Alternative,Overall,10:1,0.02,46127,3654,5649,36754,70,0.09042763809146703,0.981203007518797,0.12398378390096906,0.8760162160990309,0.012239902080783354,37454,0.8119756324929001
test,Application + Bureau + Alternative,Overall,1:1,0.03,46127,3487,11940,30463,237,0.10270986745213549,0.936358754027927,0.2639885533418605,0.7360114466581394,0.019462921901946293,30700,0.6655537971253279
test,Application + Bureau + Alternative,Overall,2:1,0.03,46127,3487,11940,30463,237,0.10270986745213549,0.936358754027927,0.2639885533418605,0.7360114466581394,0.019462921901946293,30937,0.6706917857220284
test,Application + Bureau + Alternative,Overall,5:1,0.03,46127,3487,11940,30463,237,0.10270986745213549,0.936358754027927,0.2639885533418605,0.7360114466581394,0.019462921901946293,31648,0.6861057515121296
test,Application + Bureau + Alternative,Overall,10:1,0.03,46127,3487,11940,30463,237,0.10270986745213549,0.936358754027927,0.2639885533418605,0.7360114466581394,0.019462921901946293,32833,0.7117956944956316
test,Application + Bureau + Alternative,Overall,1:1,0.04,46127,3289,17367,25036,435,0.11611650485436893,0.8831901181525241,0.3859344852255729,0.6140655147744272,0.02443545669025952,25471,0.5521928588462289
test,Application + Bureau + Alternative,Overall,2:1,0.04,46127,3289,17367,25036,435,0.11611650485436893,0.8831901181525241,0.3859344852255729,0.6140655147744272,0.02443545669025952,25906,0.561623344245236
test,Application + Bureau + Alternative,Overall,5:1,0.04,46127,3289,17367,25036,435,0.11611650485436893,0.8831901181525241,0.3859344852255729,0.6140655147744272,0.02443545669025952,27211,0.5899148004422572
test,Application + Bureau + Alternative,Overall,10:1,0.04,46127,3289,17367,25036,435,0.11611650485436893,0.8831901181525241,0.3859344852255729,0.6140655147744272,0.02443545669025952,29386,0.6370672274372927
test,Application + Bureau + Alternative,Overall,1:1,0.05,46127,3085,21715,20688,639,0.12976906574685568,0.8284103114930182,0.48461855312506774,0.5153814468749323,0.028585488055828934,21327,0.4623539358726993
test,Application + Bureau + Alternative,Overall,2:1,0.05,46127,3085,21715,20688,639,0.12976906574685568,0.8284103114930182,0.48461855312506774,0.5153814468749323,0.028585488055828934,21966,0.476206993734689
test,Application + Bureau + Alternative,Overall,5:1,0.05,46127,3085,21715,20688,639,0.12976906574685568,0.8284103114930182,0.48461855312506774,0.5153814468749323,0.028585488055828934,23883,0.5177661673206582
test,Application + Bureau + Alternative,Overall,10:1,0.05,46127,3085,21715,20688,639,0.12976906574685568,0.8284103114930182,0.48461855312506774,0.5153814468749323,0.028585488055828934,27078,0.5870314566306069
test,Application + Bureau + Alternative,Overall,1:1,0.06,46127,2888,25102,17301,836,0.1430481945613948,0.7755102040816326,0.5623170811021744,0.43768291889782557,0.032230703986429174,18137,0.3931970429466473
test,Application + Bureau + Alternative,Overall,2:1,0.06,46127,2888,25102,17301,836,0.1430481945613948,0.7755102040816326,0.5623170811021744,0.43768291889782557,0.032230703986429174,18973,0.4113209183341644
test,Application + Bureau + Alternative,Overall,5:1,0.06,46127,2888,25102,17301,836,0.1430481945613948,0.7755102040816326,0.5623170811021744,0.43768291889782557,0.032230703986429174,21481,0.4656925444967156
test,Application + Bureau + Alternative,Overall,10:1,0.06,46127,2888,25102,17301,836,0.1430481945613948,0.7755102040816326,0.5623170811021744,0.43768291889782557,0.032230703986429174,25661,0.556311921434301
test,Application + Bureau + Alternative,Overall,1:1,0.07,46127,2711,27730,14673,1013,0.15594799815922689,0.7279806659505907,0.6231274524681857,0.3768725475318143,0.035243363601572555,15686,0.3400611355605177
test,Application + Bureau + Alternative,Overall,2:1,0.07,46127,2711,27730,14673,1013,0.15594799815922689,0.7279806659505907,0.6231274524681857,0.3768725475318143,0.035243363601572555,16699,0.3620222429379756
test,Application + Bureau + Alternative,Overall,5:1,0.07,46127,2711,27730,14673,1013,0.15594799815922689,0.7279806659505907,0.6231274524681857,0.3768725475318143,0.035243363601572555,19738,0.42790556507034927
test,Application + Bureau + Alternative,Overall,10:1,0.07,46127,2711,27730,14673,1013,0.15594799815922689,0.7279806659505907,0.6231274524681857,0.3768725475318143,0.035243363601572555,24803,0.5377111019576387
test,Application + Bureau + Alternative,Overall,1:1,0.08,46127,2527,29918,12485,1197,0.168332001065814,0.6785714285714286,0.6745506969887485,0.3254493030112515,0.03847019122609674,13682,0.2966158648947471
test,Application + Bureau + Alternative,Overall,2:1,0.08,46127,2527,29918,12485,1197,0.168332001065814,0.6785714285714286,0.6745506969887485,0.3254493030112515,0.03847019122609674,14879,0.3225659591996011
test,Application + Bureau + Alternative,Overall,5:1,0.08,46127,2527,29918,12485,1197,0.168332001065814,0.6785714285714286,0.6745506969887485,0.3254493030112515,0.03847019122609674,18470,0.40041624211416305
test,Application + Bureau + Alternative,Overall,10:1,0.08,46127,2527,29918,12485,1197,0.168332001065814,0.6785714285714286,0.6745506969887485,0.3254493030112515,0.03847019122609674,24455,0.530166713638433
test,Application + Bureau + Alternative,Overall,1:1,0.09,46127,2374,31627,10776,1350,0.18053231939163497,0.6374865735767992,0.7149175103518547,0.28508248964814537,0.040937623191921645,12126,0.2628829102261149
test,Application + Bureau + Alternative,Overall,2:1,0.09,46127,2374,31627,10776,1350,0.18053231939163497,0.6374865735767992,0.7149175103518547,0.28508248964814537,0.040937623191921645,13476,0.2921499338782058
test,Application + Bureau + Alternative,Overall,5:1,0.09,46127,2374,31627,10776,1350,0.18053231939163497,0.6374865735767992,0.7149175103518547,0.28508248964814537,0.040937623191921645,17526,0.37995100483447874
test,Application + Bureau + Alternative,Overall,10:1,0.09,46127,2374,31627,10776,1350,0.18053231939163497,0.6374865735767992,0.7149175103518547,0.28508248964814537,0.040937623191921645,24276,0.5262861230949335
test,Application + Bureau + Alternative,Overall,1:1,0.1,46127,2209,33051,9352,1515,0.19107343655393133,0.5931793770139635,0.7493658811542047,0.2506341188457953,0.04382919632008332,10867,0.23558870076094263
test,Application + Bureau + Alternative,Overall,2:1,0.1,46127,2209,33051,9352,1515,0.19107343655393133,0.5931793770139635,0.7493658811542047,0.2506341188457953,0.04382919632008332,12382,0.2684328050816225
test,Application + Bureau + Alternative,Overall,5:1,0.1,46127,2209,33051,9352,1515,0.19107343655393133,0.5931793770139635,0.7493658811542047,0.2506341188457953,0.04382919632008332,16927,0.36696511804366205
test,Application + Bureau + Alternative,Overall,10:1,0.1,46127,2209,33051,9352,1515,0.19107343655393133,0.5931793770139635,0.7493658811542047,0.2506341188457953,0.04382919632008332,24502,0.5311856396470613
test,Application + Bureau + Alternative,Overall,1:1,0.11,46127,2055,34278,8125,1669,0.2018664047151277,0.5518259935553169,0.7793049623864547,0.22069503761354523,0.046429465602136476,9794,0.21232683677672512
test,Application + Bureau + Alternative,Overall,2:1,0.11,46127,2055,34278,8125,1669,0.2018664047151277,0.5518259935553169,0.7793049623864547,0.22069503761354523,0.046429465602136476,11463,0.24850954972142128
test,Application + Bureau + Alternative,Overall,5:1,0.11,46127,2055,34278,8125,1669,0.2018664047151277,0.5518259935553169,0.7793049623864547,0.22069503761354523,0.046429465602136476,16470,0.3570576885555098
test,Application + Bureau + Alternative,Overall,10:1,0.11,46127,2055,34278,8125,1669,0.2018664047151277,0.5518259935553169,0.7793049623864547,0.22069503761354523,0.046429465602136476,24815,0.5379712532789906
test,Application + Bureau + Alternative,Overall,1:1,0.12,46127,1915,35296,7107,1809,0.2122589226335624,0.5142320085929108,0.8044095648969151,0.19559043510308496,0.048753537259129495,8916,0.19329243176447633
test,Application + Bureau + Alternative,Overall,2:1,0.12,46127,1915,35296,7107,1809,0.2122589226335624,0.5142320085929108,0.8044095648969151,0.19559043510308496,0.048753537259129495,10725,0.23251024345827823
test,Application + Bureau + Alternative,Overall,5:1,0.12,46127,1915,35296,7107,1809,0.2122589226335624,0.5142320085929108,0.8044095648969151,0.19559043510308496,0.048753537259129495,16152,0.35016367853968394
test,Application + Bureau + Alternative,Overall,10:1,0.12,46127,1915,35296,7107,1809,0.2122589226335624,0.5142320085929108,0.8044095648969151,0.19559043510308496,0.048753537259129495,25197,0.5462527370086934
test,Application + Bureau + Alternative,Overall,1:1,0.13,46127,1802,36145,6258,1922,0.22357320099255584,0.48388829215896884,0.8252650291586273,0.17473497084137274,0.05048992565739354,8180,0.17733648405489194
test,Application + Bureau + Alternative,Overall,2:1,0.13,46127,1802,36145,6258,1922,0.22357320099255584,0.48388829215896884,0.8252650291586273,0.17473497084137274,0.05048992565739354,10102,0.21900405402475773
test,Application + Bureau + Alternative,Overall,5:1,0.13,46127,1802,36145,6258,1922,0.22357320099255584,0.48388829215896884,0.8252650291586273,0.17473497084137274,0.05048992565739354,15868,0.34400676393435514
test,Application + Bureau + Alternative,Overall,10:1,0.13,46127,1802,36145,6258,1922,0.22357320099255584,0.48388829215896884,0.8252650291586273,0.17473497084137274,0.05048992565739354,25478,0.5523446137836842
test,Application + Bureau + Alternative,Overall,1:1,0.14,46127,1672,36842,5561,2052,0.23116272639292132,0.4489795918367347,0.8431937910551304,0.1568062089448696,0.05275878027459248,7613,0.1650443341210137
test,Application + Bureau + Alternative,Overall,2:1,0.14,46127,1672,36842,5561,2052,0.23116272639292132,0.4489795918367347,0.8431937910551304,0.1568062089448696,0.05275878027459248,9665,0.209530210072192
test,Application + Bureau + Alternative,Overall,5:1,0.14,46127,1672,36842,5561,2052,0.23116272639292132,0.4489795918367347,0.8431937910551304,0.1568062089448696,0.05275878027459248,15821,0.3429878379257268
test,Application + Bureau + Alternative,Overall,10:1,0.14,46127,1672,36842,5561,2052,0.23116272639292132,0.4489795918367347,0.8431937910551304,0.1568062089448696,0.05275878027459248,26081,0.5654172176816181
test,Application + Bureau + Alternative,Overall,1:1,0.15,46127,1556,37517,4886,2168,0.24153989444271964,0.4178302900107411,0.8603420989875777,0.13965790101242223,0.05463021292679854,7054,0.15292561840137012
test,Application + Bureau + Alternative,Overall,2:1,0.15,46127,1556,37517,4886,2168,0.24153989444271964,0.4178302900107411,0.8603420989875777,0.13965790101242223,0.05463021292679854,9222,0.1999262904589503
test,Application + Bureau + Alternative,Overall,5:1,0.15,46127,1556,37517,4886,2168,0.24153989444271964,0.4178302900107411,0.8603420989875777,0.13965790101242223,0.05463021292679854,15726,0.34092830663169077
test,Application + Bureau + Alternative,Overall,10:1,0.15,46127,1556,37517,4886,2168,0.24153989444271964,0.4178302900107411,0.8603420989875777,0.13965790101242223,0.05463021292679854,26566,0.5759316669195915
test,Application + Bureau + Alternative,Overall,1:1,0.16,46127,1464,38063,4340,2260,0.25223983459682975,0.39312567132116005,0.8741734775727882,0.12582652242721182,0.05604741710686209,6600,0.14308322674355584
test,Application + Bureau + Alternative,Overall,2:1,0.16,46127,1464,38063,4340,2260,0.25223983459682975,0.39312567132116005,0.8741734775727882,0.12582652242721182,0.05604741710686209,8860,0.19207839226483406
test,Application + Bureau + Alternative,Overall,5:1,0.16,46127,1464,38063,4340,2260,0.25223983459682975,0.39312567132116005,0.8741734775727882,0.12582652242721182,0.05604741710686209,15640,0.33906388882866867
test,Application + Bureau + Alternative,Overall,10:1,0.16,46127,1464,38063,4340,2260,0.25223983459682975,0.39312567132116005,0.8741734775727882,0.12582652242721182,0.05604741710686209,26940,0.5840397164350597
test,Application + Bureau + Alternative,Overall,1:1,0.17,46127,1378,38556,3847,2346,0.26373205741626793,0.37003222341568204,0.8867257788280183,0.1132742211719817,0.057356608478802994,6193,0.13425976109436988
test,Application + Bureau + Alternative,Overall,2:1,0.17,46127,1378,38556,3847,2346,0.26373205741626793,0.37003222341568204,0.8867257788280183,0.1132742211719817,0.057356608478802994,8539,0.1851193444186702
test,Application + Bureau + Alternative,Overall,5:1,0.17,46127,1378,38556,3847,2346,0.26373205741626793,0.37003222341568204,0.8867257788280183,0.1132742211719817,0.057356608478802994,15577,0.3376980943915711
test,Application + Bureau + Alternative,Overall,10:1,0.17,46127,1378,38556,3847,2346,0.26373205741626793,0.37003222341568204,0.8867257788280183,0.1132742211719817,0.057356608478802994,27307,0.5919960110130726
test,Application + Bureau + Alternative,Overall,1:1,0.18,46127,1285,39004,3399,2439,0.27433817250213494,0.34505907626208376,0.898454267565634,0.10154573243436599,0.058851917090944186,5838,0.12656361783770895
test,Application + Bureau + Alternative,Overall,2:1,0.18,46127,1285,39004,3399,2439,0.27433817250213494,0.34505907626208376,0.898454267565634,0.10154573243436599,0.058851917090944186,8277,0.17943937390248663
test,Application + Bureau + Alternative,Overall,5:1,0.18,46127,1285,39004,3399,2439,0.27433817250213494,0.34505907626208376,0.898454267565634,0.10154573243436599,0.058851917090944186,15594,0.33806664209681964
test,Application + Bureau + Alternative,Overall,10:1,0.18,46127,1285,39004,3399,2439,0.27433817250213494,0.34505907626208376,0.898454267565634,0.10154573243436599,0.058851917090944186,27789,0.6024454224207081
test,Application + Bureau + Alternative,Overall,1:1,0.19,46127,1206,39370,3033,2518,0.28450106157112526,0.3238453276047261,0.9081015457324344,0.09189845426756564,0.060112681436210846,5551,0.12034166540204219
test,Application + Bureau + Alternative,Overall,2:1,0.19,46127,1206,39370,3033,2518,0.28450106157112526,0.3238453276047261,0.9081015457324344,0.09189845426756564,0.060112681436210846,8069,0.17493008433238666
test,Application + Bureau + Alternative,Overall,5:1,0.19,46127,1206,39370,3033,2518,0.28450106157112526,0.3238453276047261,0.9081015457324344,0.09189845426756564,0.060112681436210846,15623,0.33869534112342015
test,Application + Bureau + Alternative,Overall,10:1,0.19,46127,1206,39370,3033,2518,0.28450106157112526,0.3238453276047261,0.9081015457324344,0.09189845426756564,0.060112681436210846,28213,0.6116374357751425
test,Application + Bureau + Alternative,Overall,1:1,0.2,46127,1127,39704,2699,2597,0.29456351280710924,0.3026315789473684,0.9170550870422963,0.08294491295770373,0.061393347674995866,5296,0.1148134498233139
test,Application + Bureau + Alternative,Overall,2:1,0.2,46127,1127,39704,2699,2597,0.29456351280710924,0.3026315789473684,0.9170550870422963,0.08294491295770373,0.061393347674995866,7893,0.17111453161922519
test,Application + Bureau + Alternative,Overall,5:1,0.2,46127,1127,39704,2699,2597,0.29456351280710924,0.3026315789473684,0.9170550870422963,0.08294491295770373,0.061393347674995866,15684,0.34001777700695907
test,Application + Bureau + Alternative,Overall,10:1,0.2,46127,1127,39704,2699,2597,0.29456351280710924,0.3026315789473684,0.9170550870422963,0.08294491295770373,0.061393347674995866,28669,0.6215231859865155
test,Application + Bureau + Alternative,Overall,1:1,0.21,46127,1056,39978,2425,2668,0.3033611031312841,0.28356605800214824,0.9245344375311639,0.07546556246883604,0.06256155325235661,5093,0.11041255663711058
test,Application + Bureau + Alternative,Overall,2:1,0.21,46127,1056,39978,2425,2668,0.3033611031312841,0.28356605800214824,0.9245344375311639,0.07546556246883604,0.06256155325235661,7761,0.16825286708435408
test,Application + Bureau + Alternative,Overall,5:1,0.21,46127,1056,39978,2425,2668,0.3033611031312841,0.28356605800214824,0.9245344375311639,0.07546556246883604,0.06256155325235661,15765,0.3417737984260845
test,Application + Bureau + Alternative,Overall,10:1,0.21,46127,1056,39978,2425,2668,0.3033611031312841,0.28356605800214824,0.9245344375311639,0.07546556246883604,0.06256155325235661,29105,0.6309753506623019
test,Application + Bureau + Alternative,Overall,1:1,0.22,46127,983,40245,2158,2741,0.31295765679719834,0.26396348012889365,0.9319053916361351,0.06809460836386498,0.0637649467268413,4899,0.10620677694192122
test,Application + Bureau + Alternative,Overall,2:1,0.22,46127,983,40245,2158,2741,0.31295765679719834,0.26396348012889365,0.9319053916361351,0.06809460836386498,0.0637649467268413,7640,0.16562967459405553
test,Application + Bureau + Alternative,Overall,5:1,0.22,46127,983,40245,2158,2741,0.31295765679719834,0.26396348012889365,0.9319053916361351,0.06809460836386498,0.0637649467268413,15863,0.3438983675504585
test,Application + Bureau + Alternative,Overall,10:1,0.22,46127,983,40245,2158,2741,0.31295765679719834,0.26396348012889365,0.9319053916361351,0.06809460836386498,0.0637649467268413,29568,0.6410128558111301
test,Application + Bureau + Alternative,Overall,1:1,0.23,46127,910,40481,1922,2814,0.3213276836158192,0.24436090225563908,0.938604288160947,0.06139571183905305,0.06499595796281325,4736,0.10267305482689097
test,Application + Bureau + Alternative,Overall,2:1,0.23,46127,910,40481,1922,2814,0.3213276836158192,0.24436090225563908,0.938604288160947,0.06139571183905305,0.06499595796281325,7550,0.16367853968391616
test,Application + Bureau + Alternative,Overall,5:1,0.23,46127,910,40481,1922,2814,0.3213276836158192,0.24436090225563908,0.938604288160947,0.06139571183905305,0.06499595796281325,15992,0.3466949942549917
test,Application + Bureau + Alternative,Overall,10:1,0.23,46127,910,40481,1922,2814,0.3213276836158192,0.24436090225563908,0.938604288160947,0.06139571183905305,0.06499595796281325,30062,0.6517224185401175
test,Application + Bureau + Alternative,Overall,1:1,0.24,46127,856,40682,1721,2868,0.3321691889794334,0.22986036519871106,0.9441325037396753,0.05586749626032476,0.06585533869115959,4589,0.09948620114032995
test,Application + Bureau + Alternative,Overall,2:1,0.24,46127,856,40682,1721,2868,0.3321691889794334,0.22986036519871106,0.9441325037396753,0.05586749626032476,0.06585533869115959,7457,0.16166236694343877
test,Application + Bureau + Alternative,Overall,5:1,0.24,46127,856,40682,1721,2868,0.3321691889794334,0.22986036519871106,0.9441325037396753,0.05586749626032476,0.06585533869115959,16061,0.3481908643527652
test,Application + Bureau + Alternative,Overall,10:1,0.24,46127,856,40682,1721,2868,0.3321691889794334,0.22986036519871106,0.9441325037396753,0.05586749626032476,0.06585533869115959,30401,0.6590716933683093
test,Application + Bureau + Alternative,Overall,1:1,0.25,46127,810,40882,1521,2914,0.3474903474903475,0.21750805585392052,0.9494656058273896,0.0505343941726104,0.06653575669010868,4435,0.09614759251631366
test,Application + Bureau + Alternative,Overall,2:1,0.25,46127,810,40882,1521,2914,0.3474903474903475,0.21750805585392052,0.9494656058273896,0.0505343941726104,0.06653575669010868,7349,0.1593210050512715
test,Application + Bureau + Alternative,Overall,5:1,0.25,46127,810,40882,1521,2914,0.3474903474903475,0.21750805585392052,0.9494656058273896,0.0505343941726104,0.06653575669010868,16091,0.34884124265614497
test,Application + Bureau + Alternative,Overall,10:1,0.25,46127,810,40882,1521,2914,0.3474903474903475,0.21750805585392052,0.9494656058273896,0.0505343941726104,0.06653575669010868,30661,0.6647083053309342
test,Application + Bureau + Alternative,Overall,1:1,0.26,46127,758,41068,1335,2966,0.3621595795508839,0.20354457572502685,0.9546252737008694,0.04537472629913066,0.06735704228550665,4301,0.09324256942788389
test,Application + Bureau + Alternative,Overall,2:1,0.26,46127,758,41068,1335,2966,0.3621595795508839,0.20354457572502685,0.9546252737008694,0.04537472629913066,0.06735704228550665,7267,0.1575433043553667
test,Application + Bureau + Alternative,Overall,5:1,0.26,46127,758,41068,1335,2966,0.3621595795508839,0.20354457572502685,0.9546252737008694,0.04537472629913066,0.06735704228550665,16165,0.35044550913781514
test,Application + Bureau + Alternative,Overall,10:1,0.26,46127,758,41068,1335,2966,0.3621595795508839,0.20354457572502685,0.9546252737008694,0.04537472629913066,0.06735704228550665,30995,0.6719491837752293
test,Application + Bureau + Alternative,Overall,1:1,0.27,46127,702,41219,1184,3022,0.3722163308589608,0.18850698174006444,0.9591128839941899,0.04088711600581005,0.06830767839786624,4206,0.09118303813384786
test,Application + Bureau + Alternative,Overall,2:1,0.27,46127,702,41219,1184,3022,0.3722163308589608,0.18850698174006444,0.9591128839941899,0.04088711600581005,0.06830767839786624,7228,0.15669781256097295
test,Application + Bureau + Alternative,Overall,5:1,0.27,46127,702,41219,1184,3022,0.3722163308589608,0.18850698174006444,0.9591128839941899,0.04088711600581005,0.06830767839786624,16294,0.3532421358423483
test,Application + Bureau + Alternative,Overall,10:1,0.27,46127,702,41219,1184,3022,0.3722163308589608,0.18850698174006444,0.9591128839941899,0.04088711600581005,0.06830767839786624,31404,0.6808160079779738
test,Application + Bureau + Alternative,Overall,1:1,0.28,46127,633,41352,1051,3091,0.37589073634204273,0.1699785177228786,0.9634920979036139,0.03650790209638607,0.06954976036721193,4142,0.08979556441997096
test,Application + Bureau + Alternative,Overall,2:1,0.28,46127,633,41352,1051,3091,0.37589073634204273,0.1699785177228786,0.9634920979036139,0.03650790209638607,0.06954976036721193,7233,0.1568062089448696
test,Application + Bureau + Alternative,Overall,5:1,0.28,46127,633,41352,1051,3091,0.37589073634204273,0.1699785177228786,0.9634920979036139,0.03650790209638607,0.06954976036721193,16506,0.3578381425195655
test,Application + Bureau + Alternative,Overall,10:1,0.28,46127,633,41352,1051,3091,0.37589073634204273,0.1699785177228786,0.9634920979036139,0.03650790209638607,0.06954976036721193,31961,0.6928913651440588
test,Application + Bureau + Alternative,Overall,1:1,0.29,46127,584,41471,932,3140,0.38522427440633245,0.15682062298603652,0.9671342164025408,0.03286578359745919,0.07038622761202394,4072,0.08827801504541809
test,Application + Bureau + Alternative,Overall,2:1,0.29,46127,584,41471,932,3140,0.38522427440633245,0.15682062298603652,0.9671342164025408,0.03286578359745919,0.07038622761202394,7212,0.15635094413250375
test,Application + Bureau + Alternative,Overall,5:1,0.29,46127,584,41471,932,3140,0.38522427440633245,0.15682062298603652,0.9671342164025408,0.03286578359745919,0.07038622761202394,16632,0.3605697313937607
test,Application + Bureau + Alternative,Overall,10:1,0.29,46127,584,41471,932,3140,0.38522427440633245,0.15682062298603652,0.9671342164025408,0.03286578359745919,0.07038622761202394,32332,0.700934376829189
test,Application + Bureau + Alternative,Overall,1:1,0.3,46127,553,41576,827,3171,0.4007246376811594,0.14849624060150377,0.9700825980445292,0.029917401955470765,0.07086508592754821,3998,0.08667374856374792
test,Application + Bureau + Alternative,Overall,2:1,0.3,46127,553,41576,827,3171,0.4007246376811594,0.14849624060150377,0.9700825980445292,0.029917401955470765,0.07086508592754821,7169,0.1554187352309927
test,Application + Bureau + Alternative,Overall,5:1,0.3,46127,553,41576,827,3171,0.4007246376811594,0.14849624060150377,0.9700825980445292,0.029917401955470765,0.07086508592754821,16682,0.36165369523272706
test,Application + Bureau + Alternative,Overall,10:1,0.3,46127,553,41576,827,3171,0.4007246376811594,0.14849624060150377,0.9700825980445292,0.029917401955470765,0.07086508592754821,32537,0.705378628568951
test,Application + Bureau + Alternative,Overall,1:1,0.31,46127,504,41663,740,3220,0.40514469453376206,0.13533834586466165,0.9730309796865176,0.02696902031348234,0.07174208497649444,3960,0.0858499360461335
test,Application + Bureau + Alternative,Overall,2:1,0.31,46127,504,41663,740,3220,0.40514469453376206,0.13533834586466165,0.9730309796865176,0.02696902031348234,0.07174208497649444,7180,0.15565720727556528
test,Application + Bureau + Alternative,Overall,5:1,0.31,46127,504,41663,740,3220,0.40514469453376206,0.13533834586466165,0.9730309796865176,0.02696902031348234,0.07174208497649444,16840,0.36507902096386063
test,Application + Bureau + Alternative,Overall,10:1,0.31,46127,504,41663,740,3220,0.40514469453376206,0.13533834586466165,0.9730309796865176,0.02696902031348234,0.07174208497649444,32940,0.7141153771110196
test,Application + Bureau + Alternative,Overall,1:1,0.32,46127,466,41761,642,3258,0.42057761732851984,0.1251342642320086,0.975979361328506,0.02402063867149392,0.07236944401252804,3900,0.0845491794393739
test,Application + Bureau + Alternative,Overall,2:1,0.32,46127,466,41761,642,3258,0.42057761732851984,0.1251342642320086,0.975979361328506,0.02402063867149392,0.07236944401252804,7158,0.15518026318642011
test,Application + Bureau + Alternative,Overall,5:1,0.32,46127,466,41761,642,3258,0.42057761732851984,0.1251342642320086,0.975979361328506,0.02402063867149392,0.07236944401252804,16932,0.3670735144275587
test,Application + Bureau + Alternative,Overall,10:1,0.32,46127,466,41761,642,3258,0.42057761732851984,0.1251342642320086,0.975979361328506,0.02402063867149392,0.07236944401252804,33222,0.7202289331627897
test,Application + Bureau + Alternative,Overall,1:1,0.33,46127,427,41827,576,3297,0.42572283150548357,0.11466165413533834,0.9782556853903354,0.02174431460966462,0.07306533108766954,3873,0.08396383896633208
test,Application + Bureau + Alternative,Overall,2:1,0.33,46127,427,41827,576,3297,0.42572283150548357,0.11466165413533834,0.9782556853903354,0.02174431460966462,0.07306533108766954,7170,0.15544041450777202
test,Application + Bureau + Alternative,Overall,5:1,0.33,46127,427,41827,576,3297,0.42572283150548357,0.11466165413533834,0.9782556853903354,0.02174431460966462,0.07306533108766954,17061,0.3698701411320918
test,Application + Bureau + Alternative,Overall,10:1,0.33,46127,427,41827,576,3297,0.42572283150548357,0.11466165413533834,0.9782556853903354,0.02174431460966462,0.07306533108766954,33546,0.7272530188392915
test,Application + Bureau + Alternative,Overall,1:1,0.34,46127,394,41877,526,3330,0.4282608695652174,0.10580021482277122,0.9800550653630195,0.01994493463698051,0.07366115867011747,3856,0.08359529126108353
test,Application + Bureau + Alternative,Overall,2:1,0.34,46127,394,41877,526,3330,0.4282608695652174,0.10580021482277122,0.9800550653630195,0.01994493463698051,0.07366115867011747,7186,0.15578728293624125
test,Application + Bureau + Alternative,Overall,5:1,0.34,46127,394,41877,526,3330,0.4282608695652174,0.10580021482277122,0.9800550653630195,0.01994493463698051,0.07366115867011747,17176,0.3723632579617144
test,Application + Bureau + Alternative,Overall,10:1,0.34,46127,394,41877,526,3330,0.4282608695652174,0.10580021482277122,0.9800550653630195,0.01994493463698051,0.07366115867011747,33826,0.733323216337503
test,Application + Bureau + Alternative,Overall,1:1,0.35,46127,365,41939,464,3359,0.44028950542822676,0.09801288936627282,0.9820278795499382,0.017972120450061788,0.07415338425537552,3823,0.08287987512736575
test,Application + Bureau + Alternative,Overall,2:1,0.35,46127,365,41939,464,3359,0.44028950542822676,0.09801288936627282,0.9820278795499382,0.017972120450061788,0.07415338425537552,7182,0.15570056582912395
test,Application + Bureau + Alternative,Overall,5:1,0.35,46127,365,41939,464,3359,0.44028950542822676,0.09801288936627282,0.9820278795499382,0.017972120450061788,0.07415338425537552,17259,0.3741626379343985
test,Application + Bureau + Alternative,Overall,10:1,0.35,46127,365,41939,464,3359,0.44028950542822676,0.09801288936627282,0.9820278795499382,0.017972120450061788,0.07415338425537552,34054,0.7382660914431894
test,Application + Bureau + Alternative,Overall,1:1,0.36,46127,331,41999,404,3393,0.45034013605442175,0.08888292158968851,0.9840657315671949,0.01593426843280508,0.07474885442368699,3797,0.08231621393110326
test,Application + Bureau + Alternative,Overall,2:1,0.36,46127,331,41999,404,3393,0.45034013605442175,0.08888292158968851,0.9840657315671949,0.01593426843280508,0.07474885442368699,7190,0.15587400004335855
test,Application + Bureau + Alternative,Overall,5:1,0.36,46127,331,41999,404,3393,0.45034013605442175,0.08888292158968851,0.9840657315671949,0.01593426843280508,0.07474885442368699,17369,0.37654735838012443
test,Application + Bureau + Alternative,Overall,10:1,0.36,46127,331,41999,404,3393,0.45034013605442175,0.08888292158968851,0.9840657315671949,0.01593426843280508,0.07474885442368699,34334,0.7443362889414009
test,Application + Bureau + Alternative,Overall,1:1,0.37,46127,303,42043,360,3421,0.45701357466063347,0.08136412459720731,0.9856266394953065,0.014373360504693563,0.07524634875945803,3781,0.08196934550263403
test,Application + Bureau + Alternative,Overall,2:1,0.37,46127,303,42043,360,3421,0.45701357466063347,0.08136412459720731,0.9856266394953065,0.014373360504693563,0.07524634875945803,7202,0.15613415136471048
test,Application + Bureau + Alternative,Overall,5:1,0.37,46127,303,42043,360,3421,0.45701357466063347,0.08136412459720731,0.9856266394953065,0.014373360504693563,0.07524634875945803,17465,0.37862856895093977
test,Application + Bureau + Alternative,Overall,10:1,0.37,46127,303,42043,360,3421,0.45701357466063347,0.08136412459720731,0.9856266394953065,0.014373360504693563,0.07524634875945803,34570,0.749452598261322
test,Application + Bureau + Alternative,Overall,1:1,0.38,46127,271,42095,308,3453,0.4680483592400691,0.07277121374865736,0.9874476987447699,0.012552301255230125,0.07581013436374813,3761,0.0815357599670475
test,Application + Bureau + Alternative,Overall,2:1,0.38,46127,271,42095,308,3453,0.4680483592400691,0.07277121374865736,0.9874476987447699,0.012552301255230125,0.07581013436374813,7214,0.1563943026860624
test,Application + Bureau + Alternative,Overall,5:1,0.38,46127,271,42095,308,3453,0.4680483592400691,0.07277121374865736,0.9874476987447699,0.012552301255230125,0.07581013436374813,17573,0.3809699308431071
test,Application + Bureau + Alternative,Overall,10:1,0.38,46127,271,42095,308,3453,0.4680483592400691,0.07277121374865736,0.9874476987447699,0.012552301255230125,0.07581013436374813,34838,0.7552626444381816
test,Application + Bureau + Alternative,Overall,1:1,0.39,46127,254,42127,276,3470,0.47924528301886793,0.0682062298603652,0.9885099833069568,0.01149001669304312,0.07610149790556396,3746,0.0812105708153576
test,Application + Bureau + Alternative,Overall,2:1,0.39,46127,254,42127,276,3470,0.47924528301886793,0.0682062298603652,0.9885099833069568,0.01149001669304312,0.07610149790556396,7216,0.15643766123962105
test,Application + Bureau + Alternative,Overall,5:1,0.39,46127,254,42127,276,3470,0.47924528301886793,0.0682062298603652,0.9885099833069568,0.01149001669304312,0.07610149790556396,17626,0.3821189325124114
test,Application + Bureau + Alternative,Overall,10:1,0.39,46127,254,42127,276,3470,0.47924528301886793,0.0682062298603652,0.9885099833069568,0.01149001669304312,0.07610149790556396,34976,0.7582543846337286
test,Application + Bureau + Alternative,Overall,1:1,0.4,46127,236,42160,243,3488,0.49269311064718163,0.06337271750805586,0.9896156264227025,0.010384373577297462,0.07641079565369786,3731,0.0808853816636677
test,Application + Bureau + Alternative,Overall,2:1,0.4,46127,236,42160,243,3488,0.49269311064718163,0.06337271750805586,0.9896156264227025,0.010384373577297462,0.07641079565369786,7219,0.15650269906995903
test,Application + Bureau + Alternative,Overall,5:1,0.4,46127,236,42160,243,3488,0.49269311064718163,0.06337271750805586,0.9896156264227025,0.010384373577297462,0.07641079565369786,17683,0.383354651288833
test,Application + Bureau + Alternative,Overall,10:1,0.4,46127,236,42160,243,3488,0.49269311064718163,0.06337271750805586,0.9896156264227025,0.010384373577297462,0.07641079565369786,35123,0.7614412383202896
test,Application + Bureau + Alternative,Overall,1:1,0.41,46127,218,42187,216,3506,0.5023041474654378,0.05853920515574651,0.9905911938777723,0.009408806122227763,0.07672947716280393,3722,0.08069026817265376
test,Application + Bureau + Alternative,Overall,2:1,0.41,46127,218,42187,216,3506,0.5023041474654378,0.05853920515574651,0.9905911938777723,0.009408806122227763,0.07672947716280393,7228,0.15669781256097295
test,Application + Bureau + Alternative,Overall,5:1,0.41,46127,218,42187,216,3506,0.5023041474654378,0.05853920515574651,0.9905911938777723,0.009408806122227763,0.07672947716280393,17746,0.38472044572593056
test,Application + Bureau + Alternative,Overall,10:1,0.41,46127,218,42187,216,3506,0.5023041474654378,0.05853920515574651,0.9905911938777723,0.009408806122227763,0.07672947716280393,35276,0.7647581676675266
test,Application + Bureau + Alternative,Overall,1:1,0.42,46127,202,42209,194,3522,0.51010101010101,0.054242749731471536,0.9914150063953866,0.00858499360461335,0.07701559117447683,3716,0.0805601925119778
test,Application + Bureau + Alternative,Overall,2:1,0.42,46127,202,42209,194,3522,0.51010101010101,0.054242749731471536,0.9914150063953866,0.00858499360461335,0.07701559117447683,7238,0.15691460532876622
test,Application + Bureau + Alternative,Overall,5:1,0.42,46127,202,42209,194,3522,0.51010101010101,0.054242749731471536,0.9914150063953866,0.00858499360461335,0.07701559117447683,17804,0.3859778437791315
test,Application + Bureau + Alternative,Overall,10:1,0.42,46127,202,42209,194,3522,0.51010101010101,0.054242749731471536,0.9914150063953866,0.00858499360461335,0.07701559117447683,35414,0.7677499078630737
test,Application + Bureau + Alternative,Overall,1:1,0.43,46127,183,42236,167,3541,0.5228571428571429,0.04914070891514501,0.9924122531272357,0.007587746872764325,0.07735325600192236,3708,0.0803867582977432
test,Application + Bureau + Alternative,Overall,2:1,0.43,46127,183,42236,167,3541,0.5228571428571429,0.04914070891514501,0.9924122531272357,0.007587746872764325,0.07735325600192236,7249,0.15715307737333883
test,Application + Bureau + Alternative,Overall,5:1,0.43,46127,183,42236,167,3541,0.5228571428571429,0.04914070891514501,0.9924122531272357,0.007587746872764325,0.07735325600192236,17872,0.3874520346001257
test,Application + Bureau + Alternative,Overall,10:1,0.43,46127,183,42236,167,3541,0.5228571428571429,0.04914070891514501,0.9924122531272357,0.007587746872764325,0.07735325600192236,35577,0.771283629978104
test,Application + Bureau + Alternative,Overall,1:1,0.44,46127,169,42257,146,3555,0.5365079365079365,0.045381310418904405,0.993171027814512,0.006828972185487892,0.07759975552257051,3701,0.0802350033602879
test,Application + Bureau + Alternative,Overall,2:1,0.44,46127,169,42257,146,3555,0.5365079365079365,0.045381310418904405,0.993171027814512,0.006828972185487892,0.07759975552257051,7256,0.15730483231079412
test,Application + Bureau + Alternative,Overall,5:1,0.44,46127,169,42257,146,3555,0.5365079365079365,0.045381310418904405,0.993171027814512,0.006828972185487892,0.07759975552257051,17921,0.38851431916231277
test,Application + Bureau + Alternative,Overall,10:1,0.44,46127,169,42257,146,3555,0.5365079365079365,0.045381310418904405,0.993171027814512,0.006828972185487892,0.07759975552257051,35696,0.7738634639148438
test,Application + Bureau + Alternative,Overall,1:1,0.45,46127,156,42268,135,3568,0.5360824742268041,0.04189044038668099,0.9936913304572159,0.006308669542784052,0.0778427436949123,3703,0.08027836191384656
test,Application + Bureau + Alternative,Overall,2:1,0.45,46127,156,42268,135,3568,0.5360824742268041,0.04189044038668099,0.9936913304572159,0.006308669542784052,0.0778427436949123,7271,0.157630021462484
test,Application + Bureau + Alternative,Overall,5:1,0.45,46127,156,42268,135,3568,0.5360824742268041,0.04189044038668099,0.9936913304572159,0.006308669542784052,0.0778427436949123,17975,0.3896850001083964
test,Application + Bureau + Alternative,Overall,10:1,0.45,46127,156,42268,135,3568,0.5360824742268041,0.04189044038668099,0.9936913304572159,0.006308669542784052,0.0778427436949123,35815,0.7764432978515837
test,Application + Bureau + Alternative,Overall,1:1,0.46,46127,146,42282,121,3578,0.5468164794007491,0.03920515574650913,0.9942116330999198,0.005788366900080213,0.07802006105538596,3699,0.08019164480672925
test,Application + Bureau + Alternative,Overall,2:1,0.46,46127,146,42282,121,3578,0.5468164794007491,0.03920515574650913,0.9942116330999198,0.005788366900080213,0.07802006105538596,7277,0.15776009712315997
test,Application + Bureau + Alternative,Overall,5:1,0.46,46127,146,42282,121,3578,0.5468164794007491,0.03920515574650913,0.9942116330999198,0.005788366900080213,0.07802006105538596,18011,0.39046545407245214
test,Application + Bureau + Alternative,Overall,10:1,0.46,46127,146,42282,121,3578,0.5468164794007491,0.03920515574650913,0.9942116330999198,0.005788366900080213,0.07802006105538596,35901,0.7783077156546058
test,Application + Bureau + Alternative,Overall,1:1,0.47,46127,131,42294,109,3593,0.5458333333333333,0.03517722878625134,0.9947969735729616,0.005203026427038394,0.07830104386863382,3702,0.08025668263706723
test,Application + Bureau + Alternative,Overall,2:1,0.47,46127,131,42294,109,3593,0.5458333333333333,0.03517722878625134,0.9947969735729616,0.005203026427038394,0.07830104386863382,7295,0.15815032410518784
test,Application + Bureau + Alternative,Overall,5:1,0.47,46127,131,42294,109,3593,0.5458333333333333,0.03517722878625134,0.9947969735729616,0.005203026427038394,0.07830104386863382,18074,0.3918312485095497
test,Application + Bureau + Alternative,Overall,10:1,0.47,46127,131,42294,109,3593,0.5458333333333333,0.03517722878625134,0.9947969735729616,0.005203026427038394,0.07830104386863382,36039,0.7812994558501528
test,Application + Bureau + Alternative,Overall,1:1,0.48,46127,114,42312,91,3610,0.5560975609756098,0.030612244897959183,0.9955557482602381,0.0044442517397619615,0.07861155873002047,3701,0.0802350033602879
test,Application + Bureau + Alternative,Overall,2:1,0.48,46127,114,42312,91,3610,0.5560975609756098,0.030612244897959183,0.9955557482602381,0.0044442517397619615,0.07861155873002047,7311,0.15849719253365707
test,Application + Bureau + Alternative,Overall,5:1,0.48,46127,114,42312,91,3610,0.5560975609756098,0.030612244897959183,0.9955557482602381,0.0044442517397619615,0.07861155873002047,18141,0.3932837600537646
test,Application + Bureau + Alternative,Overall,10:1,0.48,46127,114,42312,91,3610,0.5560975609756098,0.030612244897959183,0.9955557482602381,0.0044442517397619615,0.07861155873002047,36191,0.7845947059206105
test,Application + Bureau + Alternative,Overall,1:1,0.49,46127,107,42325,78,3617,0.5783783783783784,0.028732545649838882,0.9959893337958245,0.004010666204175429,0.07872970266858212,3695,0.08010492769961194
test,Application + Bureau + Alternative,Overall,2:1,0.49,46127,107,42325,78,3617,0.5783783783783784,0.028732545649838882,0.9959893337958245,0.004010666204175429,0.07872970266858212,7312,0.1585188718104364
test,Application + Bureau + Alternative,Overall,5:1,0.49,46127,107,42325,78,3617,0.5783783783783784,0.028732545649838882,0.9959893337958245,0.004010666204175429,0.07872970266858212,18163,0.3937607041429098
test,Application + Bureau + Alternative,Overall,10:1,0.49,46127,107,42325,78,3617,0.5783783783783784,0.028732545649838882,0.9959893337958245,0.004010666204175429,0.07872970266858212,36248,0.7858304246970321
test,Application + Bureau + Alternative,Overall,1:1,0.5,46127,93,42332,71,3631,0.5670731707317073,0.02497314715359828,0.9964445986081905,0.0035554013918095693,0.07899832473946435,3702,0.08025668263706723
test,Application + Bureau + Alternative,Overall,2:1,0.5,46127,93,42332,71,3631,0.5670731707317073,0.02497314715359828,0.9964445986081905,0.0035554013918095693,0.07899832473946435,7333,0.15897413662280227
test,Application + Bureau + Alternative,Overall,5:1,0.5,46127,93,42332,71,3631,0.5670731707317073,0.02497314715359828,0.9964445986081905,0.0035554013918095693,0.07899832473946435,18226,0.39512649858000737
test,Application + Bureau + Alternative,Overall,10:1,0.5,46127,93,42332,71,3631,0.5670731707317073,0.02497314715359828,0.9964445986081905,0.0035554013918095693,0.07899832473946435,36381,0.7887137685086826
test,Application + Bureau + Alternative,Thin-file,1:1,0.01,6534,659,30,5845,0,0.10132226322263223,1.0,0.004591368227731864,0.9954086317722681,0.0,5845,0.8945515763697582
test,Application + Bureau + Alternative,Thin-file,2:1,0.01,6534,659,30,5845,0,0.10132226322263223,1.0,0.004591368227731864,0.9954086317722681,0.0,5845,0.8945515763697582
test,Application + Bureau + Alternative,Thin-file,5:1,0.01,6534,659,30,5845,0,0.10132226322263223,1.0,0.004591368227731864,0.9954086317722681,0.0,5845,0.8945515763697582
test,Application + Bureau + Alternative,Thin-file,10:1,0.01,6534,659,30,5845,0,0.10132226322263223,1.0,0.004591368227731864,0.9954086317722681,0.0,5845,0.8945515763697582
test,Application + Bureau + Alternative,Thin-file,1:1,0.02,6534,651,317,5558,8,0.10484780157835401,0.9878603945371776,0.04973982246709519,0.9502601775329048,0.024615384615384615,5566,0.8518518518518519
test,Application + Bureau + Alternative,Thin-file,2:1,0.02,6534,651,317,5558,8,0.10484780157835401,0.9878603945371776,0.04973982246709519,0.9502601775329048,0.024615384615384615,5574,0.8530762167125804
test,Application + Bureau + Alternative,Thin-file,5:1,0.02,6534,651,317,5558,8,0.10484780157835401,0.9878603945371776,0.04973982246709519,0.9502601775329048,0.024615384615384615,5598,0.8567493112947658
test,Application + Bureau + Alternative,Thin-file,10:1,0.02,6534,651,317,5558,8,0.10484780157835401,0.9878603945371776,0.04973982246709519,0.9502601775329048,0.024615384615384615,5638,0.8628711355984083
test,Application + Bureau + Alternative,Thin-file,1:1,0.03,6534,636,883,4992,23,0.11300639658848614,0.9650986342943855,0.1386593204775023,0.8613406795224977,0.025386313465783666,5015,0.7675237220691766
test,Application + Bureau + Alternative,Thin-file,2:1,0.03,6534,636,883,4992,23,0.11300639658848614,0.9650986342943855,0.1386593204775023,0.8613406795224977,0.025386313465783666,5038,0.7710437710437711
test,Application + Bureau + Alternative,Thin-file,5:1,0.03,6534,636,883,4992,23,0.11300639658848614,0.9650986342943855,0.1386593204775023,0.8613406795224977,0.025386313465783666,5107,0.7816039179675544
test,Application + Bureau + Alternative,Thin-file,10:1,0.03,6534,636,883,4992,23,0.11300639658848614,0.9650986342943855,0.1386593204775023,0.8613406795224977,0.025386313465783666,5222,0.7992041628405264
test,Application + Bureau + Alternative,Thin-file,1:1,0.04,6534,618,1468,4407,41,0.12298507462686567,0.9377845220030349,0.23094582185491278,0.7690541781450873,0.027170311464546057,4448,0.6807468625650444
test,Application + Bureau + Alternative,Thin-file,2:1,0.04,6534,618,1468,4407,41,0.12298507462686567,0.9377845220030349,0.23094582185491278,0.7690541781450873,0.027170311464546057,4489,0.687021732476278
test,Application + Bureau + Alternative,Thin-file,5:1,0.04,6534,618,1468,4407,41,0.12298507462686567,0.9377845220030349,0.23094582185491278,0.7690541781450873,0.027170311464546057,4612,0.7058463422099786
test,Application + Bureau + Alternative,Thin-file,10:1,0.04,6534,618,1468,4407,41,0.12298507462686567,0.9377845220030349,0.23094582185491278,0.7690541781450873,0.027170311464546057,4817,0.7372206917661464
test,Application + Bureau + Alternative,Thin-file,1:1,0.05,6534,590,2043,3832,69,0.13342379014020805,0.8952959028831563,0.32323232323232326,0.6767676767676768,0.032670454545454544,3901,0.5970309152127334
test,Application + Bureau + Alternative,Thin-file,2:1,0.05,6534,590,2043,3832,69,0.13342379014020805,0.8952959028831563,0.32323232323232326,0.6767676767676768,0.032670454545454544,3970,0.6075910621365167
test,Application + Bureau + Alternative,Thin-file,5:1,0.05,6534,590,2043,3832,69,0.13342379014020805,0.8952959028831563,0.32323232323232326,0.6767676767676768,0.032670454545454544,4177,0.6392715029078665
test,Application + Bureau + Alternative,Thin-file,10:1,0.05,6534,590,2043,3832,69,0.13342379014020805,0.8952959028831563,0.32323232323232326,0.6767676767676768,0.032670454545454544,4522,0.6920722375267829
test,Application + Bureau + Alternative,Thin-file,1:1,0.06,6534,562,2553,3322,97,0.1446961894953656,0.8528072837632777,0.40557086011631466,0.5944291398836853,0.03660377358490566,3419,0.5232629323538415
test,Application + Bureau + Alternative,Thin-file,2:1,0.06,6534,562,2553,3322,97,0.1446961894953656,0.8528072837632777,0.40557086011631466,0.5944291398836853,0.03660377358490566,3516,0.5381083562901745
test,Application + Bureau + Alternative,Thin-file,5:1,0.06,6534,562,2553,3322,97,0.1446961894953656,0.8528072837632777,0.40557086011631466,0.5944291398836853,0.03660377358490566,3807,0.5826446280991735
test,Application + Bureau + Alternative,Thin-file,10:1,0.06,6534,562,2553,3322,97,0.1446961894953656,0.8528072837632777,0.40557086011631466,0.5944291398836853,0.03660377358490566,4292,0.6568717477808387
test,Application + Bureau + Alternative,Thin-file,1:1,0.07,6534,528,2983,2892,131,0.1543859649122807,0.8012139605462822,0.4765840220385675,0.5234159779614325,0.042068079640333975,3023,0.46265687174778086
test,Application + Bureau + Alternative,Thin-file,2:1,0.07,6534,528,2983,2892,131,0.1543859649122807,0.8012139605462822,0.4765840220385675,0.5234159779614325,0.042068079640333975,3154,0.48270584634221
test,Application + Bureau + Alternative,Thin-file,5:1,0.07,6534,528,2983,2892,131,0.1543859649122807,0.8012139605462822,0.4765840220385675,0.5234159779614325,0.042068079640333975,3547,0.5428527701254974
test,Application + Bureau + Alternative,Thin-file,10:1,0.07,6534,528,2983,2892,131,0.1543859649122807,0.8012139605462822,0.4765840220385675,0.5234159779614325,0.042068079640333975,4202,0.6430976430976431
test,Application + Bureau + Alternative,Thin-file,1:1,0.08,6534,506,3390,2485,153,0.16917418923436978,0.7678300455235205,0.5422405876951332,0.45775941230486683,0.04318374259102455,2638,0.40373431282522193
test,Application + Bureau + Alternative,Thin-file,2:1,0.08,6534,506,3390,2485,153,0.16917418923436978,0.7678300455235205,0.5422405876951332,0.45775941230486683,0.04318374259102455,2791,0.4271502907866544
test,Application + Bureau + Alternative,Thin-file,5:1,0.08,6534,506,3390,2485,153,0.16917418923436978,0.7678300455235205,0.5422405876951332,0.45775941230486683,0.04318374259102455,3250,0.49739822467095196
test,Application + Bureau + Alternative,Thin-file,10:1,0.08,6534,506,3390,2485,153,0.16917418923436978,0.7678300455235205,0.5422405876951332,0.45775941230486683,0.04318374259102455,4015,0.6144781144781145
test,Application + Bureau + Alternative,Thin-file,1:1,0.09,6534,479,3742,2133,180,0.1833843797856049,0.7268588770864947,0.6002448729721457,0.3997551270278543,0.04589495155532891,2313,0.35399449035812675
test,Application + Bureau + Alternative,Thin-file,2:1,0.09,6534,479,3742,2133,180,0.1833843797856049,0.7268588770864947,0.6002448729721457,0.3997551270278543,0.04589495155532891,2493,0.38154269972451793
test,Application + Bureau + Alternative,Thin-file,5:1,0.09,6534,479,3742,2133,180,0.1833843797856049,0.7268588770864947,0.6002448729721457,0.3997551270278543,0.04589495155532891,3033,0.4641873278236915
test,Application + Bureau + Alternative,Thin-file,10:1,0.09,6534,479,3742,2133,180,0.1833843797856049,0.7268588770864947,0.6002448729721457,0.3997551270278543,0.04589495155532891,3933,0.6019283746556474
test,Application + Bureau + Alternative,Thin-file,1:1,0.1,6534,448,4016,1859,211,0.19419159081057652,0.6798179059180577,0.6469237832874196,0.3530762167125803,0.04991719895907263,2070,0.3168044077134986
test,Application + Bureau + Alternative,Thin-file,2:1,0.1,6534,448,4016,1859,211,0.19419159081057652,0.6798179059180577,0.6469237832874196,0.3530762167125803,0.04991719895907263,2281,0.3490970309152127
test,Application + Bureau + Alternative,Thin-file,5:1,0.1,6534,448,4016,1859,211,0.19419159081057652,0.6798179059180577,0.6469237832874196,0.3530762167125803,0.04991719895907263,2914,0.44597490052035504
test,Application + Bureau + Alternative,Thin-file,10:1,0.1,6534,448,4016,1859,211,0.19419159081057652,0.6798179059180577,0.6469237832874196,0.3530762167125803,0.04991719895907263,3969,0.6074380165289256
test,Application + Bureau + Alternative,Thin-file,1:1,0.11,6534,412,4240,1635,247,0.20127015144113336,0.6251896813353566,0.6867156412610959,0.3132843587389042,0.05504791620236238,1882,0.28803183348637895
test,Application + Bureau + Alternative,Thin-file,2:1,0.11,6534,412,4240,1635,247,0.20127015144113336,0.6251896813353566,0.6867156412610959,0.3132843587389042,0.05504791620236238,2129,0.3258340985613713
test,Application + Bureau + Alternative,Thin-file,5:1,0.11,6534,412,4240,1635,247,0.20127015144113336,0.6251896813353566,0.6867156412610959,0.3132843587389042,0.05504791620236238,2870,0.43924089378634834
test,Application + Bureau + Alternative,Thin-file,10:1,0.11,6534,412,4240,1635,247,0.20127015144113336,0.6251896813353566,0.6867156412610959,0.3132843587389042,0.05504791620236238,4105,0.62825221916131
test,Application + Bureau + Alternative,Thin-file,1:1,0.12,6534,385,4465,1410,274,0.21448467966573817,0.5842185128983308,0.7252831343740435,0.27471686562595654,0.05781810508546107,1684,0.2577288031833486
test,Application + Bureau + Alternative,Thin-file,2:1,0.12,6534,385,4465,1410,274,0.21448467966573817,0.5842185128983308,0.7252831343740435,0.27471686562595654,0.05781810508546107,1958,0.2996632996632997
test,Application + Bureau + Alternative,Thin-file,5:1,0.12,6534,385,4465,1410,274,0.21448467966573817,0.5842185128983308,0.7252831343740435,0.27471686562595654,0.05781810508546107,2780,0.4254667891031527
test,Application + Bureau + Alternative,Thin-file,10:1,0.12,6534,385,4465,1410,274,0.21448467966573817,0.5842185128983308,0.7252831343740435,0.27471686562595654,0.05781810508546107,4150,0.6351392715029078
test,Application + Bureau + Alternative,Thin-file,1:1,0.13,6534,353,4616,1259,306,0.21898263027295287,0.5356600910470409,0.7532904805632078,0.24670951943679217,0.06216984965461195,1565,0.23951637588001223
test,Application + Bureau + Alternative,Thin-file,2:1,0.13,6534,353,4616,1259,306,0.21898263027295287,0.5356600910470409,0.7532904805632078,0.24670951943679217,0.06216984965461195,1871,0.2863483318028773
test,Application + Bureau + Alternative,Thin-file,5:1,0.13,6534,353,4616,1259,306,0.21898263027295287,0.5356600910470409,0.7532904805632078,0.24670951943679217,0.06216984965461195,2789,0.4268441995714723
test,Application + Bureau + Alternative,Thin-file,10:1,0.13,6534,353,4616,1259,306,0.21898263027295287,0.5356600910470409,0.7532904805632078,0.24670951943679217,0.06216984965461195,4319,0.6610039791857973
test,Application + Bureau + Alternative,Thin-file,1:1,0.14,6534,323,4756,1119,336,0.22399445214979197,0.49013657056145676,0.7793082338536884,0.2206917661463116,0.06598586017282011,1455,0.22268135904499542
test,Application + Bureau + Alternative,Thin-file,2:1,0.14,6534,323,4756,1119,336,0.22399445214979197,0.49013657056145676,0.7793082338536884,0.2206917661463116,0.06598586017282011,1791,0.2741046831955923
test,Application + Bureau + Alternative,Thin-file,5:1,0.14,6534,323,4756,1119,336,0.22399445214979197,0.49013657056145676,0.7793082338536884,0.2206917661463116,0.06598586017282011,2799,0.4283746556473829
test,Application + Bureau + Alternative,Thin-file,10:1,0.14,6534,323,4756,1119,336,0.22399445214979197,0.49013657056145676,0.7793082338536884,0.2206917661463116,0.06598586017282011,4479,0.6854912764003673
test,Application + Bureau + Alternative,Thin-file,1:1,0.15,6534,306,4897,978,353,0.2383177570093458,0.464339908952959,0.8034894398530762,0.19651056014692378,0.06723809523809524,1331,0.2037037037037037
test,Application + Bureau + Alternative,Thin-file,2:1,0.15,6534,306,4897,978,353,0.2383177570093458,0.464339908952959,0.8034894398530762,0.19651056014692378,0.06723809523809524,1684,0.2577288031833486
test,Application + Bureau + Alternative,Thin-file,5:1,0.15,6534,306,4897,978,353,0.2383177570093458,0.464339908952959,0.8034894398530762,0.19651056014692378,0.06723809523809524,2743,0.41980410162228343
test,Application + Bureau + Alternative,Thin-file,10:1,0.15,6534,306,4897,978,353,0.2383177570093458,0.464339908952959,0.8034894398530762,0.19651056014692378,0.06723809523809524,4508,0.6899295990205081
test,Application + Bureau + Alternative,Thin-file,1:1,0.16,6534,292,5005,870,367,0.2512908777969019,0.44309559939301973,0.8221610039791858,0.1778389960208142,0.06831720029784065,1237,0.18931741659014387
test,Application + Bureau + Alternative,Thin-file,2:1,0.16,6534,292,5005,870,367,0.2512908777969019,0.44309559939301973,0.8221610039791858,0.1778389960208142,0.06831720029784065,1604,0.24548515457606368
test,Application + Bureau + Alternative,Thin-file,5:1,0.16,6534,292,5005,870,367,0.2512908777969019,0.44309559939301973,0.8221610039791858,0.1778389960208142,0.06831720029784065,2705,0.4139883685338231
test,Application + Bureau + Alternative,Thin-file,10:1,0.16,6534,292,5005,870,367,0.2512908777969019,0.44309559939301973,0.8221610039791858,0.1778389960208142,0.06831720029784065,4540,0.6948270584634221
test,Application + Bureau + Alternative,Thin-file,1:1,0.17,6534,276,5110,765,383,0.26512968299711814,0.4188163884673748,0.8406795224977043,0.1593204775022957,0.06972510467868195,1148,0.17569635751453933
test,Application + Bureau + Alternative,Thin-file,2:1,0.17,6534,276,5110,765,383,0.26512968299711814,0.4188163884673748,0.8406795224977043,0.1593204775022957,0.06972510467868195,1531,0.23431282522191613
test,Application + Bureau + Alternative,Thin-file,5:1,0.17,6534,276,5110,765,383,0.26512968299711814,0.4188163884673748,0.8406795224977043,0.1593204775022957,0.06972510467868195,2680,0.41016222834404653
test,Application + Bureau + Alternative,Thin-file,10:1,0.17,6534,276,5110,765,383,0.26512968299711814,0.4188163884673748,0.8406795224977043,0.1593204775022957,0.06972510467868195,4595,0.7032445668809305
test,Application + Bureau + Alternative,Thin-file,1:1,0.18,6534,257,5205,670,402,0.2772384034519957,0.3899848254931715,0.8581267217630854,0.1418732782369146,0.07169609416800428,1072,0.16406489133761862
test,Application + Bureau + Alternative,Thin-file,2:1,0.18,6534,257,5205,670,402,0.2772384034519957,0.3899848254931715,0.8581267217630854,0.1418732782369146,0.07169609416800428,1474,0.2255892255892256
test,Application + Bureau + Alternative,Thin-file,5:1,0.18,6534,257,5205,670,402,0.2772384034519957,0.3899848254931715,0.8581267217630854,0.1418732782369146,0.07169609416800428,2680,0.41016222834404653
test,Application + Bureau + Alternative,Thin-file,10:1,0.18,6534,257,5205,670,402,0.2772384034519957,0.3899848254931715,0.8581267217630854,0.1418732782369146,0.07169609416800428,4690,0.7177838996020814
test,Application + Bureau + Alternative,Thin-file,1:1,0.19,6534,230,5286,589,429,0.28083028083028083,0.3490136570561457,0.8746556473829201,0.12534435261707988,0.07506561679790026,1018,0.15580042852770126
test,Application + Bureau + Alternative,Thin-file,2:1,0.19,6534,230,5286,589,429,0.28083028083028083,0.3490136570561457,0.8746556473829201,0.12534435261707988,0.07506561679790026,1447,0.22145699418426693
test,Application + Bureau + Alternative,Thin-file,5:1,0.19,6534,230,5286,589,429,0.28083028083028083,0.3490136570561457,0.8746556473829201,0.12534435261707988,0.07506561679790026,2734,0.41842669115396386
test,Application + Bureau + Alternative,Thin-file,10:1,0.19,6534,230,5286,589,429,0.28083028083028083,0.3490136570561457,0.8746556473829201,0.12534435261707988,0.07506561679790026,4879,0.7467095194367922
test,Application + Bureau + Alternative,Thin-file,1:1,0.2,6534,219,5356,519,440,0.2967479674796748,0.3323216995447648,0.8870523415977961,0.11294765840220386,0.0759144237405107,959,0.1467707376798286
test,Application + Bureau + Alternative,Thin-file,2:1,0.2,6534,219,5356,519,440,0.2967479674796748,0.3323216995447648,0.8870523415977961,0.11294765840220386,0.0759144237405107,1399,0.21411080501989593
test,Application + Bureau + Alternative,Thin-file,5:1,0.2,6534,219,5356,519,440,0.2967479674796748,0.3323216995447648,0.8870523415977961,0.11294765840220386,0.0759144237405107,2719,0.4161310070400979
test,Application + Bureau + Alternative,Thin-file,10:1,0.2,6534,219,5356,519,440,0.2967479674796748,0.3323216995447648,0.8870523415977961,0.11294765840220386,0.0759144237405107,4919,0.7528313437404347
test,Application + Bureau + Alternative,Thin-file,1:1,0.21,6534,204,5415,460,455,0.3072289156626506,0.3095599393019727,0.8983777165595347,0.10162228344046526,0.07751277683134583,915,0.14003673094582186
test,Application + Bureau + Alternative,Thin-file,2:1,0.21,6534,204,5415,460,455,0.3072289156626506,0.3095599393019727,0.8983777165595347,0.10162228344046526,0.07751277683134583,1370,0.20967248239975514
test,Application + Bureau + Alternative,Thin-file,5:1,0.21,6534,204,5415,460,455,0.3072289156626506,0.3095599393019727,0.8983777165595347,0.10162228344046526,0.07751277683134583,2735,0.41857973676155497
test,Application + Bureau + Alternative,Thin-file,10:1,0.21,6534,204,5415,460,455,0.3072289156626506,0.3095599393019727,0.8983777165595347,0.10162228344046526,0.07751277683134583,5010,0.7667584940312213
test,Application + Bureau + Alternative,Thin-file,1:1,0.22,6534,191,5481,394,468,0.3264957264957265,0.2898330804248862,0.9104683195592287,0.08953168044077135,0.07866868381240545,862,0.13192531374349556
test,Application + Bureau + Alternative,Thin-file,2:1,0.22,6534,191,5481,394,468,0.3264957264957265,0.2898330804248862,0.9104683195592287,0.08953168044077135,0.07866868381240545,1330,0.20355065809611264
test,Application + Bureau + Alternative,Thin-file,5:1,0.22,6534,191,5481,394,468,0.3264957264957265,0.2898330804248862,0.9104683195592287,0.08953168044077135,0.07866868381240545,2734,0.41842669115396386
test,Application + Bureau + Alternative,Thin-file,10:1,0.22,6534,191,5481,394,468,0.3264957264957265,0.2898330804248862,0.9104683195592287,0.08953168044077135,0.07866868381240545,5074,0.7765534129170493
test,Application + Bureau + Alternative,Thin-file,1:1,0.23,6534,177,5535,340,482,0.34235976789168276,0.26858877086494687,0.9208754208754208,0.07912457912457913,0.08010636529832142,822,0.1258034894398531
test,Application + Bureau + Alternative,Thin-file,2:1,0.23,6534,177,5535,340,482,0.34235976789168276,0.26858877086494687,0.9208754208754208,0.07912457912457913,0.08010636529832142,1304,0.19957147229874503
test,Application + Bureau + Alternative,Thin-file,5:1,0.23,6534,177,5535,340,482,0.34235976789168276,0.26858877086494687,0.9208754208754208,0.07912457912457913,0.08010636529832142,2750,0.4208754208754209
test,Application + Bureau + Alternative,Thin-file,10:1,0.23,6534,177,5535,340,482,0.34235976789168276,0.26858877086494687,0.9208754208754208,0.07912457912457913,0.08010636529832142,5160,0.7897153351698806
test,Application + Bureau + Alternative,Thin-file,1:1,0.24,6534,167,5566,309,492,0.35084033613445376,0.2534142640364188,0.9271502907866545,0.07284970921334558,0.08121492241663915,801,0.12258953168044077
test,Application + Bureau + Alternative,Thin-file,2:1,0.24,6534,167,5566,309,492,0.35084033613445376,0.2534142640364188,0.9271502907866545,0.07284970921334558,0.08121492241663915,1293,0.19788797061524335
test,Application + Bureau + Alternative,Thin-file,5:1,0.24,6534,167,5566,309,492,0.35084033613445376,0.2534142640364188,0.9271502907866545,0.07284970921334558,0.08121492241663915,2769,0.42378328741965104
test,Application + Bureau + Alternative,Thin-file,10:1,0.24,6534,167,5566,309,492,0.35084033613445376,0.2534142640364188,0.9271502907866545,0.07284970921334558,0.08121492241663915,5229,0.800275482093664
test,Application + Bureau + Alternative,Thin-file,1:1,0.25,6534,157,5606,269,502,0.3685446009389671,0.23823975720789076,0.9348025711662076,0.06519742883379247,0.08218729535036018,771,0.1179981634527089
test,Application + Bureau + Alternative,Thin-file,2:1,0.25,6534,157,5606,269,502,0.3685446009389671,0.23823975720789076,0.9348025711662076,0.06519742883379247,0.08218729535036018,1273,0.1948270584634221
test,Application + Bureau + Alternative,Thin-file,5:1,0.25,6534,157,5606,269,502,0.3685446009389671,0.23823975720789076,0.9348025711662076,0.06519742883379247,0.08218729535036018,2779,0.42531374349556167
test,Application + Bureau + Alternative,Thin-file,10:1,0.25,6534,157,5606,269,502,0.3685446009389671,0.23823975720789076,0.9348025711662076,0.06519742883379247,0.08218729535036018,5289,0.8094582185491277
test,Application + Bureau + Alternative,Thin-file,1:1,0.26,6534,148,5637,238,511,0.38341968911917096,0.22458270106221548,0.94092439546985,0.05907560453014998,0.08311646063760572,749,0.11463116008570554
test,Application + Bureau + Alternative,Thin-file,2:1,0.26,6534,148,5637,238,511,0.38341968911917096,0.22458270106221548,0.94092439546985,0.05907560453014998,0.08311646063760572,1260,0.1928374655647383
test,Application + Bureau + Alternative,Thin-file,5:1,0.26,6534,148,5637,238,511,0.38341968911917096,0.22458270106221548,0.94092439546985,0.05907560453014998,0.08311646063760572,2793,0.42745638200183655
test,Application + Bureau + Alternative,Thin-file,10:1,0.26,6534,148,5637,238,511,0.38341968911917096,0.22458270106221548,0.94092439546985,0.05907560453014998,0.08311646063760572,5348,0.8184879093970003
test,Application + Bureau + Alternative,Thin-file,1:1,0.27,6534,133,5668,207,526,0.3911764705882353,0.20182094081942337,0.9479644934190389,0.05203550658096113,0.08492089118501776,733,0.11218243036424855
test,Application + Bureau + Alternative,Thin-file,2:1,0.27,6534,133,5668,207,526,0.3911764705882353,0.20182094081942337,0.9479644934190389,0.05203550658096113,0.08492089118501776,1259,0.19268441995714722
test,Application + Bureau + Alternative,Thin-file,5:1,0.27,6534,133,5668,207,526,0.3911764705882353,0.20182094081942337,0.9479644934190389,0.05203550658096113,0.08492089118501776,2837,0.43419038873584326
test,Application + Bureau + Alternative,Thin-file,10:1,0.27,6534,133,5668,207,526,0.3911764705882353,0.20182094081942337,0.9479644934190389,0.05203550658096113,0.08492089118501776,5467,0.8367003367003367
test,Application + Bureau + Alternative,Thin-file,1:1,0.28,6534,114,5689,186,545,0.38,0.17298937784522003,0.9540863177226814,0.04591368227731864,0.08742380494064805,731,0.11187633914906642
test,Application + Bureau + Alternative,Thin-file,2:1,0.28,6534,114,5689,186,545,0.38,0.17298937784522003,0.9540863177226814,0.04591368227731864,0.08742380494064805,1276,0.19528619528619529
test,Application + Bureau + Alternative,Thin-file,5:1,0.28,6534,114,5689,186,545,0.38,0.17298937784522003,0.9540863177226814,0.04591368227731864,0.08742380494064805,2911,0.4455157636975819
test,Application + Bureau + Alternative,Thin-file,10:1,0.28,6534,114,5689,186,545,0.38,0.17298937784522003,0.9540863177226814,0.04591368227731864,0.08742380494064805,5636,0.8625650443832262
test,Application + Bureau + Alternative,Thin-file,1:1,0.29,6534,106,5714,161,553,0.3970037453183521,0.16084977238239756,0.9591368227731865,0.04086317722681359,0.08823998723472155,714,0.10927456382001836
test,Application + Bureau + Alternative,Thin-file,2:1,0.29,6534,106,5714,161,553,0.3970037453183521,0.16084977238239756,0.9591368227731865,0.04086317722681359,0.08823998723472155,1267,0.19390878481787574
test,Application + Bureau + Alternative,Thin-file,5:1,0.29,6534,106,5714,161,553,0.3970037453183521,0.16084977238239756,0.9591368227731865,0.04086317722681359,0.08823998723472155,2926,0.4478114478114478
test,Application + Bureau + Alternative,Thin-file,10:1,0.29,6534,106,5714,161,553,0.3970037453183521,0.16084977238239756,0.9591368227731865,0.04086317722681359,0.08823998723472155,5691,0.8709825528007347
test,Application + Bureau + Alternative,Thin-file,1:1,0.3,6534,101,5734,141,558,0.41735537190082644,0.15326251896813353,0.9629629629629629,0.037037037037037035,0.08868404322949777,699,0.10697887970615243
test,Application + Bureau + Alternative,Thin-file,2:1,0.3,6534,101,5734,141,558,0.41735537190082644,0.15326251896813353,0.9629629629629629,0.037037037037037035,0.08868404322949777,1257,0.19237832874196512
test,Application + Bureau + Alternative,Thin-file,5:1,0.3,6534,101,5734,141,558,0.41735537190082644,0.15326251896813353,0.9629629629629629,0.037037037037037035,0.08868404322949777,2931,0.44857667584940314
test,Application + Bureau + Alternative,Thin-file,10:1,0.3,6534,101,5734,141,558,0.41735537190082644,0.15326251896813353,0.9629629629629629,0.037037037037037035,0.08868404322949777,5721,0.8755739210284664
test,Application + Bureau + Alternative,Thin-file,1:1,0.31,6534,91,5752,123,568,0.4252336448598131,0.13808801213960548,0.9672482399755127,0.0327517600244873,0.08987341772151898,691,0.10575451484542393
test,Application + Bureau + Alternative,Thin-file,2:1,0.31,6534,91,5752,123,568,0.4252336448598131,0.13808801213960548,0.9672482399755127,0.0327517600244873,0.08987341772151898,1259,0.19268441995714722
test,Application + Bureau + Alternative,Thin-file,5:1,0.31,6534,91,5752,123,568,0.4252336448598131,0.13808801213960548,0.9672482399755127,0.0327517600244873,0.08987341772151898,2963,0.4534741352923171
test,Application + Bureau + Alternative,Thin-file,10:1,0.31,6534,91,5752,123,568,0.4252336448598131,0.13808801213960548,0.9672482399755127,0.0327517600244873,0.08987341772151898,5803,0.8881236608509335
test,Application + Bureau + Alternative,Thin-file,1:1,0.32,6534,85,5762,113,574,0.4292929292929293,0.12898330804248861,0.9696969696969697,0.030303030303030304,0.09059343434343434,687,0.10514233241505969
test,Application + Bureau + Alternative,Thin-file,2:1,0.32,6534,85,5762,113,574,0.4292929292929293,0.12898330804248861,0.9696969696969697,0.030303030303030304,0.09059343434343434,1261,0.19299051117232935
test,Application + Bureau + Alternative,Thin-file,5:1,0.32,6534,85,5762,113,574,0.4292929292929293,0.12898330804248861,0.9696969696969697,0.030303030303030304,0.09059343434343434,2983,0.45653504744413836
test,Application + Bureau + Alternative,Thin-file,10:1,0.32,6534,85,5762,113,574,0.4292929292929293,0.12898330804248861,0.9696969696969697,0.030303030303030304,0.09059343434343434,5853,0.8957759412304866
test,Application + Bureau + Alternative,Thin-file,1:1,0.33,6534,78,5775,100,581,0.43820224719101125,0.11836115326251896,0.972757881848791,0.027242118151209062,0.09140969162995595,681,0.10422405876951331
test,Application + Bureau + Alternative,Thin-file,2:1,0.33,6534,78,5775,100,581,0.43820224719101125,0.11836115326251896,0.972757881848791,0.027242118151209062,0.09140969162995595,1262,0.19314355677992043
test,Application + Bureau + Alternative,Thin-file,5:1,0.33,6534,78,5775,100,581,0.43820224719101125,0.11836115326251896,0.972757881848791,0.027242118151209062,0.09140969162995595,3005,0.4599020508111417
test,Application + Bureau + Alternative,Thin-file,10:1,0.33,6534,78,5775,100,581,0.43820224719101125,0.11836115326251896,0.972757881848791,0.027242118151209062,0.09140969162995595,5910,0.9044995408631772
test,Application + Bureau + Alternative,Thin-file,1:1,0.34,6534,71,5784,91,588,0.4382716049382716,0.10773899848254932,0.9752066115702479,0.024793388429752067,0.09227871939736347,679,0.10391796755433119
test,Application + Bureau + Alternative,Thin-file,2:1,0.34,6534,71,5784,91,588,0.4382716049382716,0.10773899848254932,0.9752066115702479,0.024793388429752067,0.09227871939736347,1267,0.19390878481787574
test,Application + Bureau + Alternative,Thin-file,5:1,0.34,6534,71,5784,91,588,0.4382716049382716,0.10773899848254932,0.9752066115702479,0.024793388429752067,0.09227871939736347,3031,0.46388123660850933
test,Application + Bureau + Alternative,Thin-file,10:1,0.34,6534,71,5784,91,588,0.4382716049382716,0.10773899848254932,0.9752066115702479,0.024793388429752067,0.09227871939736347,5971,0.913835322926232
test,Application + Bureau + Alternative,Thin-file,1:1,0.35,6534,65,5797,78,594,0.45454545454545453,0.09863429438543247,0.9781144781144782,0.021885521885521887,0.09294320137693632,672,0.10284664830119375
test,Application + Bureau + Alternative,Thin-file,2:1,0.35,6534,65,5797,78,594,0.45454545454545453,0.09863429438543247,0.9781144781144782,0.021885521885521887,0.09294320137693632,1266,0.19375573921028466
test,Application + Bureau + Alternative,Thin-file,5:1,0.35,6534,65,5797,78,594,0.45454545454545453,0.09863429438543247,0.9781144781144782,0.021885521885521887,0.09294320137693632,3048,0.46648301193755737
test,Application + Bureau + Alternative,Thin-file,10:1,0.35,6534,65,5797,78,594,0.45454545454545453,0.09863429438543247,0.9781144781144782,0.021885521885521887,0.09294320137693632,6018,0.921028466483012
test,Application + Bureau + Alternative,Thin-file,1:1,0.36,6534,59,5808,67,600,0.46825396825396826,0.08952959028831563,0.9807162534435262,0.01928374655647383,0.09363295880149813,667,0.10208142026323845
test,Application + Bureau + Alternative,Thin-file,2:1,0.36,6534,59,5808,67,600,0.46825396825396826,0.08952959028831563,0.9807162534435262,0.01928374655647383,0.09363295880149813,1267,0.19390878481787574
test,Application + Bureau + Alternative,Thin-file,5:1,0.36,6534,59,5808,67,600,0.46825396825396826,0.08952959028831563,0.9807162534435262,0.01928374655647383,0.09363295880149813,3067,0.46939087848178757
test,Application + Bureau + Alternative,Thin-file,10:1,0.36,6534,59,5808,67,600,0.46825396825396826,0.08952959028831563,0.9807162534435262,0.01928374655647383,0.09363295880149813,6067,0.928527701254974
test,Application + Bureau + Alternative,Thin-file,1:1,0.37,6534,54,5818,57,605,0.4864864864864865,0.0819423368740516,0.9830119375573921,0.016988062442607896,0.09419274482329129,662,0.10131619222528314
test,Application + Bureau + Alternative,Thin-file,2:1,0.37,6534,54,5818,57,605,0.4864864864864865,0.0819423368740516,0.9830119375573921,0.016988062442607896,0.09419274482329129,1267,0.19390878481787574
test,Application + Bureau + Alternative,Thin-file,5:1,0.37,6534,54,5818,57,605,0.4864864864864865,0.0819423368740516,0.9830119375573921,0.016988062442607896,0.09419274482329129,3082,0.4716865625956535
test,Application + Bureau + Alternative,Thin-file,10:1,0.37,6534,54,5818,57,605,0.4864864864864865,0.0819423368740516,0.9830119375573921,0.016988062442607896,0.09419274482329129,6107,0.9346495255586165
test,Application + Bureau + Alternative,Thin-file,1:1,0.38,6534,52,5826,49,607,0.5148514851485149,0.07890743550834597,0.9845423936333028,0.015457606366697275,0.09435722058137727,656,0.10039791857973676
test,Application + Bureau + Alternative,Thin-file,2:1,0.38,6534,52,5826,49,607,0.5148514851485149,0.07890743550834597,0.9845423936333028,0.015457606366697275,0.09435722058137727,1263,0.19329660238751148
test,Application + Bureau + Alternative,Thin-file,5:1,0.38,6534,52,5826,49,607,0.5148514851485149,0.07890743550834597,0.9845423936333028,0.015457606366697275,0.09435722058137727,3084,0.4719926538108356
test,Application + Bureau + Alternative,Thin-file,10:1,0.38,6534,52,5826,49,607,0.5148514851485149,0.07890743550834597,0.9845423936333028,0.015457606366697275,0.09435722058137727,6119,0.9364860728497092
test,Application + Bureau + Alternative,Thin-file,1:1,0.39,6534,47,5833,42,612,0.5280898876404494,0.07132018209408195,0.9863789409243955,0.013621059075604531,0.09495733126454615,654,0.10009182736455463
test,Application + Bureau + Alternative,Thin-file,2:1,0.39,6534,47,5833,42,612,0.5280898876404494,0.07132018209408195,0.9863789409243955,0.013621059075604531,0.09495733126454615,1266,0.19375573921028466
test,Application + Bureau + Alternative,Thin-file,5:1,0.39,6534,47,5833,42,612,0.5280898876404494,0.07132018209408195,0.9863789409243955,0.013621059075604531,0.09495733126454615,3102,0.47474747474747475
test,Application + Bureau + Alternative,Thin-file,10:1,0.39,6534,47,5833,42,612,0.5280898876404494,0.07132018209408195,0.9863789409243955,0.013621059075604531,0.09495733126454615,6162,0.9430670339761249
test,Application + Bureau + Alternative,Thin-file,1:1,0.4,6534,45,5840,35,614,0.5625,0.06828528072837632,0.987756351392715,0.012243648607284972,0.09513480012395413,649,0.09932659932659933
test,Application + Bureau + Alternative,Thin-file,2:1,0.4,6534,45,5840,35,614,0.5625,0.06828528072837632,0.987756351392715,0.012243648607284972,0.09513480012395413,1263,0.19329660238751148
test,Application + Bureau + Alternative,Thin-file,5:1,0.4,6534,45,5840,35,614,0.5625,0.06828528072837632,0.987756351392715,0.012243648607284972,0.09513480012395413,3105,0.47520661157024796
test,Application + Bureau + Alternative,Thin-file,10:1,0.4,6534,45,5840,35,614,0.5625,0.06828528072837632,0.987756351392715,0.012243648607284972,0.09513480012395413,6175,0.9450566268748087
test,Application + Bureau + Alternative,Thin-file,1:1,0.41,6534,38,5846,29,621,0.5671641791044776,0.057663125948406675,0.9897459442913988,0.010254055708601164,0.09602597804236895,650,0.09947964493419038
test,Application + Bureau + Alternative,Thin-file,2:1,0.41,6534,38,5846,29,621,0.5671641791044776,0.057663125948406675,0.9897459442913988,0.010254055708601164,0.09602597804236895,1271,0.19452096724823997
test,Application + Bureau + Alternative,Thin-file,5:1,0.41,6534,38,5846,29,621,0.5671641791044776,0.057663125948406675,0.9897459442913988,0.010254055708601164,0.09602597804236895,3134,0.4796449341903887
test,Application + Bureau + Alternative,Thin-file,10:1,0.41,6534,38,5846,29,621,0.5671641791044776,0.057663125948406675,0.9897459442913988,0.010254055708601164,0.09602597804236895,6239,0.9548515457606367
test,Application + Bureau + Alternative,Thin-file,1:1,0.42,6534,36,5852,23,623,0.6101694915254238,0.054628224582701064,0.9909703091521274,0.009029690847872666,0.09621621621621622,646,0.09886746250382614
test,Application + Bureau + Alternative,Thin-file,2:1,0.42,6534,36,5852,23,623,0.6101694915254238,0.054628224582701064,0.9909703091521274,0.009029690847872666,0.09621621621621622,1269,0.19421487603305784
test,Application + Bureau + Alternative,Thin-file,5:1,0.42,6534,36,5852,23,623,0.6101694915254238,0.054628224582701064,0.9909703091521274,0.009029690847872666,0.09621621621621622,3138,0.480257116620753
test,Application + Bureau + Alternative,Thin-file,10:1,0.42,6534,36,5852,23,623,0.6101694915254238,0.054628224582701064,0.9909703091521274,0.009029690847872666,0.09621621621621622,6253,0.9569941842669115
test,Application + Bureau + Alternative,Thin-file,1:1,0.43,6534,30,5855,20,629,0.6,0.04552352048558422,0.9923477196204469,0.007652280379553107,0.09700801974090068,649,0.09932659932659933
test,Application + Bureau + Alternative,Thin-file,2:1,0.43,6534,30,5855,20,629,0.6,0.04552352048558422,0.9923477196204469,0.007652280379553107,0.09700801974090068,1278,0.19559228650137742
test,Application + Bureau + Alternative,Thin-file,5:1,0.43,6534,30,5855,20,629,0.6,0.04552352048558422,0.9923477196204469,0.007652280379553107,0.09700801974090068,3165,0.48438934802571165
test,Application + Bureau + Alternative,Thin-file,10:1,0.43,6534,30,5855,20,629,0.6,0.04552352048558422,0.9923477196204469,0.007652280379553107,0.09700801974090068,6310,0.9657177838996021
test,Application + Bureau + Alternative,Thin-file,1:1,0.44,6534,25,5858,17,634,0.5952380952380952,0.03793626707132018,0.9935720844811754,0.006427915518824609,0.09765865680837954,651,0.09963269054178145
test,Application + Bureau + Alternative,Thin-file,2:1,0.44,6534,25,5858,17,634,0.5952380952380952,0.03793626707132018,0.9935720844811754,0.006427915518824609,0.09765865680837954,1285,0.19666360575451486
test,Application + Bureau + Alternative,Thin-file,5:1,0.44,6534,25,5858,17,634,0.5952380952380952,0.03793626707132018,0.9935720844811754,0.006427915518824609,0.09765865680837954,3187,0.487756351392715
test,Application + Bureau + Alternative,Thin-file,10:1,0.44,6534,25,5858,17,634,0.5952380952380952,0.03793626707132018,0.9935720844811754,0.006427915518824609,0.09765865680837954,6357,0.972910927456382
test,Application + Bureau + Alternative,Thin-file,1:1,0.45,6534,22,5860,15,637,0.5945945945945946,0.03338391502276176,0.9943373125191307,0.005662687480869299,0.09804525165460982,652,0.09978573614937251
test,Application + Bureau + Alternative,Thin-file,2:1,0.45,6534,22,5860,15,637,0.5945945945945946,0.03338391502276176,0.9943373125191307,0.005662687480869299,0.09804525165460982,1289,0.1972757881848791
test,Application + Bureau + Alternative,Thin-file,5:1,0.45,6534,22,5860,15,637,0.5945945945945946,0.03338391502276176,0.9943373125191307,0.005662687480869299,0.09804525165460982,3200,0.48974594429139884
test,Application + Bureau + Alternative,Thin-file,10:1,0.45,6534,22,5860,15,637,0.5945945945945946,0.03338391502276176,0.9943373125191307,0.005662687480869299,0.09804525165460982,6385,0.9771962044689317
test,Application + Bureau + Alternative,Thin-file,1:1,0.46,6534,20,5861,14,639,0.5882352941176471,0.030349013657056147,0.9947964493419039,0.005203550658096113,0.0983076923076923,653,0.09993878175696358
test,Application + Bureau + Alternative,Thin-file,2:1,0.46,6534,20,5861,14,639,0.5882352941176471,0.030349013657056147,0.9947964493419039,0.005203550658096113,0.0983076923076923,1292,0.19773492500765227
test,Application + Bureau + Alternative,Thin-file,5:1,0.46,6534,20,5861,14,639,0.5882352941176471,0.030349013657056147,0.9947964493419039,0.005203550658096113,0.0983076923076923,3209,0.4911233547597184
test,Application + Bureau + Alternative,Thin-file,10:1,0.46,6534,20,5861,14,639,0.5882352941176471,0.030349013657056147,0.9947964493419039,0.005203550658096113,0.0983076923076923,6404,0.9801040710131619
test,Application + Bureau + Alternative,Thin-file,1:1,0.47,6534,19,5862,13,640,0.59375,0.028831562974203338,0.995102540557086,0.004897459442913988,0.09843125192248539,653,0.09993878175696358
test,Application + Bureau + Alternative,Thin-file,2:1,0.47,6534,19,5862,13,640,0.59375,0.028831562974203338,0.995102540557086,0.004897459442913988,0.09843125192248539,1293,0.19788797061524335
test,Application + Bureau + Alternative,Thin-file,5:1,0.47,6534,19,5862,13,640,0.59375,0.028831562974203338,0.995102540557086,0.004897459442913988,0.09843125192248539,3213,0.49173553719008267
test,Application + Bureau + Alternative,Thin-file,10:1,0.47,6534,19,5862,13,640,0.59375,0.028831562974203338,0.995102540557086,0.004897459442913988,0.09843125192248539,6413,0.9814814814814815
test,Application + Bureau + Alternative,Thin-file,1:1,0.48,6534,16,5866,9,643,0.64,0.024279210925644917,0.9961738598102234,0.0038261401897765534,0.0987862958979874,652,0.09978573614937251
test,Application + Bureau + Alternative,Thin-file,2:1,0.48,6534,16,5866,9,643,0.64,0.024279210925644917,0.9961738598102234,0.0038261401897765534,0.0987862958979874,1295,0.19819406183042546
test,Application + Bureau + Alternative,Thin-file,5:1,0.48,6534,16,5866,9,643,0.64,0.024279210925644917,0.9961738598102234,0.0038261401897765534,0.0987862958979874,3224,0.49341903887358435
test,Application + Bureau + Alternative,Thin-file,10:1,0.48,6534,16,5866,9,643,0.64,0.024279210925644917,0.9961738598102234,0.0038261401897765534,0.0987862958979874,6439,0.9854606672788491
test,Application + Bureau + Alternative,Thin-file,1:1,0.49,6534,15,5868,7,644,0.6818181818181818,0.02276176024279211,0.9966329966329966,0.003367003367003367,0.0988943488943489,651,0.09963269054178145
test,Application + Bureau + Alternative,Thin-file,2:1,0.49,6534,15,5868,7,644,0.6818181818181818,0.02276176024279211,0.9966329966329966,0.003367003367003367,0.0988943488943489,1295,0.19819406183042546
test,Application + Bureau + Alternative,Thin-file,5:1,0.49,6534,15,5868,7,644,0.6818181818181818,0.02276176024279211,0.9966329966329966,0.003367003367003367,0.0988943488943489,3227,0.4938781756963575
test,Application + Bureau + Alternative,Thin-file,10:1,0.49,6534,15,5868,7,644,0.6818181818181818,0.02276176024279211,0.9966329966329966,0.003367003367003367,0.0988943488943489,6447,0.9866850321395776
test,Application + Bureau + Alternative,Thin-file,1:1,0.5,6534,15,5869,6,644,0.7142857142857143,0.02276176024279211,0.9967860422405876,0.0032139577594123047,0.09887916474742822,650,0.09947964493419038
test,Application + Bureau + Alternative,Thin-file,2:1,0.5,6534,15,5869,6,644,0.7142857142857143,0.02276176024279211,0.9967860422405876,0.0032139577594123047,0.09887916474742822,1294,0.1980410162228344
test,Application + Bureau + Alternative,Thin-file,5:1,0.5,6534,15,5869,6,644,0.7142857142857143,0.02276176024279211,0.9967860422405876,0.0032139577594123047,0.09887916474742822,3226,0.49372513008876645
test,Application + Bureau + Alternative,Thin-file,10:1,0.5,6534,15,5869,6,644,0.7142857142857143,0.02276176024279211,0.9967860422405876,0.0032139577594123047,0.09887916474742822,6446,0.9865319865319865
test,Application + Bureau + Alternative,Non-thin-file,1:1,0.01,39593,3062,540,35988,3,0.0784122919334187,0.9990212071778141,0.013714545500467254,0.9862854544995328,0.0055248618784530384,35991,0.9090243224812466
test,Application + Bureau + Alternative,Non-thin-file,2:1,0.01,39593,3062,540,35988,3,0.0784122919334187,0.9990212071778141,0.013714545500467254,0.9862854544995328,0.0055248618784530384,35994,0.9091000934508625
test,Application + Bureau + Alternative,Non-thin-file,5:1,0.01,39593,3062,540,35988,3,0.0784122919334187,0.9990212071778141,0.013714545500467254,0.9862854544995328,0.0055248618784530384,36003,0.9093274063597101
test,Application + Bureau + Alternative,Non-thin-file,10:1,0.01,39593,3062,540,35988,3,0.0784122919334187,0.9990212071778141,0.013714545500467254,0.9862854544995328,0.0055248618784530384,36018,0.9097062612077893
test,Application + Bureau + Alternative,Non-thin-file,1:1,0.02,39593,3003,5332,31196,62,0.087809585075587,0.9797716150081566,0.13623620336928244,0.8637637966307176,0.011494252873563218,31258,0.7894829894173212
test,Application + Bureau + Alternative,Non-thin-file,2:1,0.02,39593,3003,5332,31196,62,0.087809585075587,0.9797716150081566,0.13623620336928244,0.8637637966307176,0.011494252873563218,31320,0.791048922789382
test,Application + Bureau + Alternative,Non-thin-file,5:1,0.02,39593,3003,5332,31196,62,0.087809585075587,0.9797716150081566,0.13623620336928244,0.8637637966307176,0.011494252873563218,31506,0.7957467229055641
test,Application + Bureau + Alternative,Non-thin-file,10:1,0.02,39593,3003,5332,31196,62,0.087809585075587,0.9797716150081566,0.13623620336928244,0.8637637966307176,0.011494252873563218,31816,0.8035763897658676
test,Application + Bureau + Alternative,Non-thin-file,1:1,0.03,39593,2851,11057,25471,214,0.1006637949297366,0.930179445350734,0.2846715328467153,0.7153284671532847,0.018986780232454974,25685,0.6487257848609602
test,Application + Bureau + Alternative,Non-thin-file,2:1,0.03,39593,2851,11057,25471,214,0.1006637949297366,0.930179445350734,0.2846715328467153,0.7153284671532847,0.018986780232454974,25899,0.6541307806935569
test,Application + Bureau + Alternative,Non-thin-file,5:1,0.03,39593,2851,11057,25471,214,0.1006637949297366,0.930179445350734,0.2846715328467153,0.7153284671532847,0.018986780232454974,26541,0.670345768191347
test,Application + Bureau + Alternative,Non-thin-file,10:1,0.03,39593,2851,11057,25471,214,0.1006637949297366,0.930179445350734,0.2846715328467153,0.7153284671532847,0.018986780232454974,27611,0.6973707473543304
test,Application + Bureau + Alternative,Non-thin-file,1:1,0.04,39593,2671,15899,20629,394,0.11463519313304721,0.8714518760195759,0.41151213598363345,0.5884878640163665,0.024182164119560548,21023,0.530977698077943
test,Application + Bureau + Alternative,Non-thin-file,2:1,0.04,39593,2671,15899,20629,394,0.11463519313304721,0.8714518760195759,0.41151213598363345,0.5884878640163665,0.024182164119560548,21417,0.5409289520874903
test,Application + Bureau + Alternative,Non-thin-file,5:1,0.04,39593,2671,15899,20629,394,0.11463519313304721,0.8714518760195759,0.41151213598363345,0.5884878640163665,0.024182164119560548,22599,0.5707827141161317
test,Application + Bureau + Alternative,Non-thin-file,10:1,0.04,39593,2671,15899,20629,394,0.11463519313304721,0.8714518760195759,0.41151213598363345,0.5884878640163665,0.024182164119560548,24569,0.6205389841638673
test,Application + Bureau + Alternative,Non-thin-file,1:1,0.05,39593,2495,19672,16856,570,0.1289339052245362,0.8140293637846656,0.5112519889879524,0.48874801101204757,0.02815927279913052,17426,0.4401283055085495
test,Application + Bureau + Alternative,Non-thin-file,2:1,0.05,39593,2495,19672,16856,570,0.1289339052245362,0.8140293637846656,0.5112519889879524,0.48874801101204757,0.02815927279913052,17996,0.4545247897355593
test,Application + Bureau + Alternative,Non-thin-file,5:1,0.05,39593,2495,19672,16856,570,0.1289339052245362,0.8140293637846656,0.5112519889879524,0.48874801101204757,0.02815927279913052,19706,0.4977142424165888
test,Application + Bureau + Alternative,Non-thin-file,10:1,0.05,39593,2495,19672,16856,570,0.1289339052245362,0.8140293637846656,0.5112519889879524,0.48874801101204757,0.02815927279913052,22556,0.569696663551638
test,Application + Bureau + Alternative,Non-thin-file,1:1,0.06,39593,2326,22549,13979,739,0.142655627108249,0.7588907014681893,0.5881847801379032,0.41181521986209685,0.0317330814153212,14718,0.37173237693531685
test,Application + Bureau + Alternative,Non-thin-file,2:1,0.06,39593,2326,22549,13979,739,0.142655627108249,0.7588907014681893,0.5881847801379032,0.41181521986209685,0.0317330814153212,15457,0.3903972924506857
test,Application + Bureau + Alternative,Non-thin-file,5:1,0.06,39593,2326,22549,13979,739,0.142655627108249,0.7588907014681893,0.5881847801379032,0.41181521986209685,0.0317330814153212,17674,0.44639203899679236
test,Application + Bureau + Alternative,Non-thin-file,10:1,0.06,39593,2326,22549,13979,739,0.142655627108249,0.7588907014681893,0.5881847801379032,0.41181521986209685,0.0317330814153212,21369,0.5397166165736368
test,Application + Bureau + Alternative,Non-thin-file,1:1,0.07,39593,2183,24747,11781,882,0.15633056430822115,0.7122349102773247,0.6473113934281313,0.3526886065718688,0.0344141402317687,12663,0.3198292627484656
test,Application + Bureau + Alternative,Non-thin-file,2:1,0.07,39593,2183,24747,11781,882,0.15633056430822115,0.7122349102773247,0.6473113934281313,0.3526886065718688,0.0344141402317687,13545,0.34210592781552296
test,Application + Bureau + Alternative,Non-thin-file,5:1,0.07,39593,2183,24747,11781,882,0.15633056430822115,0.7122349102773247,0.6473113934281313,0.3526886065718688,0.0344141402317687,16191,0.40893592301669485
test,Application + Bureau + Alternative,Non-thin-file,10:1,0.07,39593,2183,24747,11781,882,0.15633056430822115,0.7122349102773247,0.6473113934281313,0.3526886065718688,0.0344141402317687,20601,0.5203192483519814
test,Application + Bureau + Alternative,Non-thin-file,1:1,0.08,39593,2021,26528,10000,1044,0.1681224523750104,0.6593800978792822,0.6963857247493244,0.30361427525067564,0.03786450021761207,11044,0.27893819614578336
test,Application + Bureau + Alternative,Non-thin-file,2:1,0.08,39593,2021,26528,10000,1044,0.1681224523750104,0.6593800978792822,0.6963857247493244,0.30361427525067564,0.03786450021761207,12088,0.3053064935720961
test,Application + Bureau + Alternative,Non-thin-file,5:1,0.08,39593,2021,26528,10000,1044,0.1681224523750104,0.6593800978792822,0.6963857247493244,0.30361427525067564,0.03786450021761207,15220,0.3844113858510343
test,Application + Bureau + Alternative,Non-thin-file,10:1,0.08,39593,2021,26528,10000,1044,0.1681224523750104,0.6593800978792822,0.6963857247493244,0.30361427525067564,0.03786450021761207,20440,0.5162528729825979
test,Application + Bureau + Alternative,Non-thin-file,1:1,0.09,39593,1895,27885,8643,1170,0.17982539381286772,0.6182707993474714,0.7338418407294218,0.2661581592705781,0.040268456375838924,9813,0.24784684161341652
test,Application + Bureau + Alternative,Non-thin-file,2:1,0.09,39593,1895,27885,8643,1170,0.17982539381286772,0.6182707993474714,0.7338418407294218,0.2661581592705781,0.040268456375838924,10983,0.27739751976359456
test,Application + Bureau + Alternative,Non-thin-file,5:1,0.09,39593,1895,27885,8643,1170,0.17982539381286772,0.6182707993474714,0.7338418407294218,0.2661581592705781,0.040268456375838924,14493,0.36604955421412877
test,Application + Bureau + Alternative,Non-thin-file,10:1,0.09,39593,1895,27885,8643,1170,0.17982539381286772,0.6182707993474714,0.7338418407294218,0.2661581592705781,0.040268456375838924,20343,0.5138029449650191
test,Application + Bureau + Alternative,Non-thin-file,1:1,0.1,39593,1761,29035,7493,1304,0.19029608817808516,0.5745513866231647,0.7662718157250019,0.2337281842749981,0.04298098157487063,8797,0.2221857399035183
test,Application + Bureau + Alternative,Non-thin-file,2:1,0.1,39593,1761,29035,7493,1304,0.19029608817808516,0.5745513866231647,0.7662718157250019,0.2337281842749981,0.04298098157487063,10101,0.2551208546965373
test,Application + Bureau + Alternative,Non-thin-file,5:1,0.1,39593,1761,29035,7493,1304,0.19029608817808516,0.5745513866231647,0.7662718157250019,0.2337281842749981,0.04298098157487063,14013,0.3539261990755942
test,Application + Bureau + Alternative,Non-thin-file,10:1,0.1,39593,1761,29035,7493,1304,0.19029608817808516,0.5745513866231647,0.7662718157250019,0.2337281842749981,0.04298098157487063,20533,0.518601773040689
test,Application + Bureau + Alternative,Non-thin-file,1:1,0.11,39593,1643,30038,6490,1422,0.20201647608508547,0.5360522022838499,0.7945849013714545,0.20541509862854546,0.04520025429116338,7912,0.19983330386684514
test,Application + Bureau + Alternative,Non-thin-file,2:1,0.11,39593,1643,30038,6490,1422,0.20201647608508547,0.5360522022838499,0.7945849013714545,0.20541509862854546,0.04520025429116338,9334,0.23574874346475386
test,Application + Bureau + Alternative,Non-thin-file,5:1,0.11,39593,1643,30038,6490,1422,0.20201647608508547,0.5360522022838499,0.7945849013714545,0.20541509862854546,0.04520025429116338,13600,0.34349506225848003
test,Application + Bureau + Alternative,Non-thin-file,10:1,0.11,39593,1643,30038,6490,1422,0.20201647608508547,0.5360522022838499,0.7945849013714545,0.20541509862854546,0.04520025429116338,20710,0.5230722602480237
test,Application + Bureau + Alternative,Non-thin-file,1:1,0.12,39593,1530,30831,5697,1535,0.21170610211706103,0.499184339314845,0.8174677341954386,0.18253226580456142,0.04742631156151517,7232,0.18265855075392115
test,Application + Bureau + Alternative,Non-thin-file,2:1,0.12,39593,1530,30831,5697,1535,0.21170610211706103,0.499184339314845,0.8174677341954386,0.18253226580456142,0.04742631156151517,8767,0.22142803020735988
test,Application + Bureau + Alternative,Non-thin-file,5:1,0.12,39593,1530,30831,5697,1535,0.21170610211706103,0.499184339314845,0.8174677341954386,0.18253226580456142,0.04742631156151517,13372,0.3377364685676761
test,Application + Bureau + Alternative,Non-thin-file,10:1,0.12,39593,1530,30831,5697,1535,0.21170610211706103,0.499184339314845,0.8174677341954386,0.18253226580456142,0.04742631156151517,21047,0.5315838658348698
test,Application + Bureau + Alternative,Non-thin-file,1:1,0.13,39593,1449,31529,4999,1616,0.22472084367245657,0.47275693311582384,0.8371429293056853,0.16285707069431465,0.048755468396439884,6615,0.1670749880029298
test,Application + Bureau + Alternative,Non-thin-file,2:1,0.13,39593,1449,31529,4999,1616,0.22472084367245657,0.47275693311582384,0.8371429293056853,0.16285707069431465,0.048755468396439884,8231,0.20789028363599626
test,Application + Bureau + Alternative,Non-thin-file,5:1,0.13,39593,1449,31529,4999,1616,0.22472084367245657,0.47275693311582384,0.8371429293056853,0.16285707069431465,0.048755468396439884,13079,0.3303361705351956
test,Application + Bureau + Alternative,Non-thin-file,10:1,0.13,39593,1449,31529,4999,1616,0.22472084367245657,0.47275693311582384,0.8371429293056853,0.16285707069431465,0.048755468396439884,21159,0.5344126487005278
test,Application + Bureau + Alternative,Non-thin-file,1:1,0.14,39593,1349,32086,4442,1716,0.2329476774304956,0.4401305057096248,0.8537367716515546,0.14626322834844543,0.05076622685048222,6158,0.15553254363145
test,Application + Bureau + Alternative,Non-thin-file,2:1,0.14,39593,1349,32086,4442,1716,0.2329476774304956,0.4401305057096248,0.8537367716515546,0.14626322834844543,0.05076622685048222,7874,0.19887353825171117
test,Application + Bureau + Alternative,Non-thin-file,5:1,0.14,39593,1349,32086,4442,1716,0.2329476774304956,0.4401305057096248,0.8537367716515546,0.14626322834844543,0.05076622685048222,13022,0.32889652211249465
test,Application + Bureau + Alternative,Non-thin-file,10:1,0.14,39593,1349,32086,4442,1716,0.2329476774304956,0.4401305057096248,0.8537367716515546,0.14626322834844543,0.05076622685048222,21602,0.5456014952138004
test,Application + Bureau + Alternative,Non-thin-file,1:1,0.15,39593,1250,32620,3908,1815,0.2423419930205506,0.4078303425774878,0.869724446240497,0.13027555375950295,0.052708000580804416,5723,0.14454575303715303
test,Application + Bureau + Alternative,Non-thin-file,2:1,0.15,39593,1250,32620,3908,1815,0.2423419930205506,0.4078303425774878,0.869724446240497,0.13027555375950295,0.052708000580804416,7538,0.19038718965473694
test,Application + Bureau + Alternative,Non-thin-file,5:1,0.15,39593,1250,32620,3908,1815,0.2423419930205506,0.4078303425774878,0.869724446240497,0.13027555375950295,0.052708000580804416,12983,0.3279114995074887
test,Application + Bureau + Alternative,Non-thin-file,10:1,0.15,39593,1250,32620,3908,1815,0.2423419930205506,0.4078303425774878,0.869724446240497,0.13027555375950295,0.052708000580804416,22058,0.5571186825954083
test,Application + Bureau + Alternative,Non-thin-file,1:1,0.16,39593,1172,33058,3470,1893,0.25247738043946577,0.38238172920065255,0.8827570530144218,0.11724294698557826,0.05416154044233355,5363,0.1354532366832521
test,Application + Bureau + Alternative,Non-thin-file,2:1,0.16,39593,1172,33058,3470,1893,0.25247738043946577,0.38238172920065255,0.8827570530144218,0.11724294698557826,0.05416154044233355,7256,0.18326471851084788
test,Application + Bureau + Alternative,Non-thin-file,5:1,0.16,39593,1172,33058,3470,1893,0.25247738043946577,0.38238172920065255,0.8827570530144218,0.11724294698557826,0.05416154044233355,12935,0.32669916399363524
test,Application + Bureau + Alternative,Non-thin-file,10:1,0.16,39593,1172,33058,3470,1893,0.25247738043946577,0.38238172920065255,0.8827570530144218,0.11724294698557826,0.05416154044233355,22400,0.5657565731316142
test,Application + Bureau + Alternative,Non-thin-file,1:1,0.17,39593,1102,33446,3082,1963,0.26338432122370936,0.3595432300163132,0.8943247543757735,0.1056752456242265,0.05543788302408992,5045,0.12742151390397294
test,Application + Bureau + Alternative,Non-thin-file,2:1,0.17,39593,1102,33446,3082,1963,0.26338432122370936,0.3595432300163132,0.8943247543757735,0.1056752456242265,0.05543788302408992,7008,0.177000985022605
test,Application + Bureau + Alternative,Non-thin-file,5:1,0.17,39593,1102,33446,3082,1963,0.26338432122370936,0.3595432300163132,0.8943247543757735,0.1056752456242265,0.05543788302408992,12897,0.32573939837850124
test,Application + Bureau + Alternative,Non-thin-file,10:1,0.17,39593,1102,33446,3082,1963,0.26338432122370936,0.3595432300163132,0.8943247543757735,0.1056752456242265,0.05543788302408992,22712,0.5736367539716617
test,Application + Bureau + Alternative,Non-thin-file,1:1,0.18,39593,1028,33799,2729,2037,0.2736225712004259,0.33539967373572593,0.9051094890510949,0.0948905109489051,0.05684228150463221,4766,0.1203748137296997
test,Application + Bureau + Alternative,Non-thin-file,2:1,0.18,39593,1028,33799,2729,2037,0.2736225712004259,0.33539967373572593,0.9051094890510949,0.0948905109489051,0.05684228150463221,6803,0.17182330209885585
test,Application + Bureau + Alternative,Non-thin-file,5:1,0.18,39593,1028,33799,2729,2037,0.2736225712004259,0.33539967373572593,0.9051094890510949,0.0948905109489051,0.05684228150463221,12914,0.3261687672063244
test,Application + Bureau + Alternative,Non-thin-file,10:1,0.18,39593,1028,33799,2729,2037,0.2736225712004259,0.33539967373572593,0.9051094890510949,0.0948905109489051,0.05684228150463221,23099,0.5834112090521052
test,Application + Bureau + Alternative,Non-thin-file,1:1,0.19,39593,976,34084,2444,2089,0.28538011695906434,0.31843393148450244,0.9136210946379411,0.08637890536205894,0.05775025571558898,4533,0.11448993508953603
test,Application + Bureau + Alternative,Non-thin-file,2:1,0.19,39593,976,34084,2444,2089,0.28538011695906434,0.31843393148450244,0.9136210946379411,0.08637890536205894,0.05775025571558898,6622,0.16725178693203344
test,Application + Bureau + Alternative,Non-thin-file,5:1,0.19,39593,976,34084,2444,2089,0.28538011695906434,0.31843393148450244,0.9136210946379411,0.08637890536205894,0.05775025571558898,12889,0.32553734245952565
test,Application + Bureau + Alternative,Non-thin-file,10:1,0.19,39593,976,34084,2444,2089,0.28538011695906434,0.31843393148450244,0.9136210946379411,0.08637890536205894,0.05775025571558898,23334,0.5893466016720127
test,Application + Bureau + Alternative,Non-thin-file,1:1,0.2,39593,908,34348,2180,2157,0.29404145077720206,0.29624796084828714,0.9220064152754275,0.07799358472457253,0.05908779619230242,4337,0.1095395650746344
test,Application + Bureau + Alternative,Non-thin-file,2:1,0.2,39593,908,34348,2180,2157,0.29404145077720206,0.29624796084828714,0.9220064152754275,0.07799358472457253,0.05908779619230242,6494,0.16401889222842422
test,Application + Bureau + Alternative,Non-thin-file,5:1,0.2,39593,908,34348,2180,2157,0.29404145077720206,0.29624796084828714,0.9220064152754275,0.07799358472457253,0.05908779619230242,12965,0.32745687368979365
test,Application + Bureau + Alternative,Non-thin-file,10:1,0.2,39593,908,34348,2180,2157,0.29404145077720206,0.29624796084828714,0.9220064152754275,0.07799358472457253,0.05908779619230242,23750,0.5998535094587427
test,Application + Bureau + Alternative,Non-thin-file,1:1,0.21,39593,852,34563,1965,2213,0.30244941427050054,0.27797716150081564,0.9288510595307251,0.07114894046927488,0.06017511420491625,4178,0.10552370368499482
test,Application + Bureau + Alternative,Non-thin-file,2:1,0.21,39593,852,34563,1965,2213,0.30244941427050054,0.27797716150081564,0.9288510595307251,0.07114894046927488,0.06017511420491625,6391,0.16141742227161368
test,Application + Bureau + Alternative,Non-thin-file,5:1,0.21,39593,852,34563,1965,2213,0.30244941427050054,0.27797716150081564,0.9288510595307251,0.07114894046927488,0.06017511420491625,13030,0.3290985780314702
test,Application + Bureau + Alternative,Non-thin-file,10:1,0.21,39593,852,34563,1965,2213,0.30244941427050054,0.27797716150081564,0.9288510595307251,0.07114894046927488,0.06017511420491625,24095,0.6085671709645645
test,Application + Bureau + Alternative,Non-thin-file,1:1,0.22,39593,792,34764,1764,2273,0.30985915492957744,0.25840130505709624,0.9354431338873033,0.06455686611269669,0.061371061371061374,4037,0.10196246811305029
test,Application + Bureau + Alternative,Non-thin-file,2:1,0.22,39593,792,34764,1764,2273,0.30985915492957744,0.25840130505709624,0.9354431338873033,0.06455686611269669,0.061371061371061374,6310,0.15937160609198595
test,Application + Bureau + Alternative,Non-thin-file,5:1,0.22,39593,792,34764,1764,2273,0.30985915492957744,0.25840130505709624,0.9354431338873033,0.06455686611269669,0.061371061371061374,13129,0.331599020028793
test,Application + Bureau + Alternative,Non-thin-file,10:1,0.22,39593,792,34764,1764,2273,0.30985915492957744,0.25840130505709624,0.9354431338873033,0.06455686611269669,0.061371061371061374,24494,0.6186447099234713
test,Application + Bureau + Alternative,Non-thin-file,1:1,0.23,39593,733,34946,1582,2332,0.31663066954643626,0.23915171288743883,0.9415300684464426,0.058469931553557446,0.06255700413112292,3914,0.0988558583588008
test,Application + Bureau + Alternative,Non-thin-file,2:1,0.23,39593,733,34946,1582,2332,0.31663066954643626,0.23915171288743883,0.9415300684464426,0.058469931553557446,0.06255700413112292,6246,0.15775515874018134
test,Application + Bureau + Alternative,Non-thin-file,5:1,0.23,39593,733,34946,1582,2332,0.31663066954643626,0.23915171288743883,0.9415300684464426,0.058469931553557446,0.06255700413112292,13242,0.334453059884323
test,Application + Bureau + Alternative,Non-thin-file,10:1,0.23,39593,733,34946,1582,2332,0.31663066954643626,0.23915171288743883,0.9415300684464426,0.058469931553557446,0.06255700413112292,24902,0.6289495617912257
test,Application + Bureau + Alternative,Non-thin-file,1:1,0.24,39593,689,35116,1412,2376,0.32793907663017613,0.22479608482871125,0.9469350642790392,0.05306493572096078,0.0633735196841993,3788,0.09567347763493547
test,Application + Bureau + Alternative,Non-thin-file,2:1,0.24,39593,689,35116,1412,2376,0.32793907663017613,0.22479608482871125,0.9469350642790392,0.05306493572096078,0.0633735196841993,6164,0.1556840855706817
test,Application + Bureau + Alternative,Non-thin-file,5:1,0.24,39593,689,35116,1412,2376,0.32793907663017613,0.22479608482871125,0.9469350642790392,0.05306493572096078,0.0633735196841993,13292,0.33571590937792034
test,Application + Bureau + Alternative,Non-thin-file,10:1,0.24,39593,689,35116,1412,2376,0.32793907663017613,0.22479608482871125,0.9469350642790392,0.05306493572096078,0.0633735196841993,25172,0.6357689490566514
test,Application + Bureau + Alternative,Non-thin-file,1:1,0.25,39593,653,35276,1252,2412,0.34278215223097114,0.21305057096247962,0.9518854342939409,0.048114565706059154,0.06399915092337083,3664,0.09254161089081403
test,Application + Bureau + Alternative,Non-thin-file,2:1,0.25,39593,653,35276,1252,2412,0.34278215223097114,0.21305057096247962,0.9518854342939409,0.048114565706059154,0.06399915092337083,6076,0.15346147046195036
test,Application + Bureau + Alternative,Non-thin-file,5:1,0.25,39593,653,35276,1252,2412,0.34278215223097114,0.21305057096247962,0.9518854342939409,0.048114565706059154,0.06399915092337083,13312,0.3362210491753593
test,Application + Bureau + Alternative,Non-thin-file,10:1,0.25,39593,653,35276,1252,2412,0.34278215223097114,0.21305057096247962,0.9518854342939409,0.048114565706059154,0.06399915092337083,25372,0.6408203470310408
test,Application + Bureau + Alternative,Non-thin-file,1:1,0.26,39593,610,35431,1097,2455,0.35735207967193905,0.19902120717781402,0.9568863182885864,0.04311368171141363,0.06479966214432772,3552,0.08971282802515596
test,Application + Bureau + Alternative,Non-thin-file,2:1,0.26,39593,610,35431,1097,2455,0.35735207967193905,0.19902120717781402,0.9568863182885864,0.04311368171141363,0.06479966214432772,6007,0.151718738160786
test,Application + Bureau + Alternative,Non-thin-file,5:1,0.26,39593,610,35431,1097,2455,0.35735207967193905,0.19902120717781402,0.9568863182885864,0.04311368171141363,0.06479966214432772,13372,0.3377364685676761
test,Application + Bureau + Alternative,Non-thin-file,10:1,0.26,39593,610,35431,1097,2455,0.35735207967193905,0.19902120717781402,0.9568863182885864,0.04311368171141363,0.06479966214432772,25647,0.6477660192458263
test,Application + Bureau + Alternative,Non-thin-file,1:1,0.27,39593,569,35551,977,2496,0.3680465717981889,0.18564437194127242,0.9609526936579699,0.03904730634203016,0.06560306988724472,3473,0.08771752582527215
test,Application + Bureau + Alternative,Non-thin-file,2:1,0.27,39593,569,35551,977,2496,0.3680465717981889,0.18564437194127242,0.9609526936579699,0.03904730634203016,0.06560306988724472,5969,0.15075897254565201
test,Application + Bureau + Alternative,Non-thin-file,5:1,0.27,39593,569,35551,977,2496,0.3680465717981889,0.18564437194127242,0.9609526936579699,0.03904730634203016,0.06560306988724472,13457,0.3398833127067916
test,Application + Bureau + Alternative,Non-thin-file,10:1,0.27,39593,569,35551,977,2496,0.3680465717981889,0.18564437194127242,0.9609526936579699,0.03904730634203016,0.06560306988724472,25937,0.6550905463086909
test,Application + Bureau + Alternative,Non-thin-file,1:1,0.28,39593,519,35663,865,2546,0.375,0.1693311582381729,0.9650443260172252,0.034955673982774736,0.06663351566384883,3411,0.08615159245321143
test,Application + Bureau + Alternative,Non-thin-file,2:1,0.28,39593,519,35663,865,2546,0.375,0.1693311582381729,0.9650443260172252,0.034955673982774736,0.06663351566384883,5957,0.15045588866718865
test,Application + Bureau + Alternative,Non-thin-file,5:1,0.28,39593,519,35663,865,2546,0.375,0.1693311582381729,0.9650443260172252,0.034955673982774736,0.06663351566384883,13595,0.3433687773091203
test,Application + Bureau + Alternative,Non-thin-file,10:1,0.28,39593,519,35663,865,2546,0.375,0.1693311582381729,0.9650443260172252,0.034955673982774736,0.06663351566384883,26325,0.6648902583790064
test,Application + Bureau + Alternative,Non-thin-file,1:1,0.29,39593,478,35757,771,2587,0.38270616493194554,0.1559543230016313,0.9684540196499382,0.03154598035006188,0.06746818276653453,3358,0.08481297198999824
test,Application + Bureau + Alternative,Non-thin-file,2:1,0.29,39593,478,35757,771,2587,0.38270616493194554,0.1559543230016313,0.9684540196499382,0.03154598035006188,0.06746818276653453,5945,0.15015280478872528
test,Application + Bureau + Alternative,Non-thin-file,5:1,0.29,39593,478,35757,771,2587,0.38270616493194554,0.1559543230016313,0.9684540196499382,0.03154598035006188,0.06746818276653453,13706,0.34617230318490644
test,Application + Bureau + Alternative,Non-thin-file,10:1,0.29,39593,478,35757,771,2587,0.38270616493194554,0.1559543230016313,0.9684540196499382,0.03154598035006188,0.06746818276653453,26641,0.6728714671785416
test,Application + Bureau + Alternative,Non-thin-file,1:1,0.3,39593,452,35842,686,2613,0.39718804920913886,0.14747145187601957,0.9712575455257243,0.028742454474275755,0.06794955142374204,3299,0.08332280958755335
test,Application + Bureau + Alternative,Non-thin-file,2:1,0.3,39593,452,35842,686,2613,0.39718804920913886,0.14747145187601957,0.9712575455257243,0.028742454474275755,0.06794955142374204,5912,0.149319324122951
test,Application + Bureau + Alternative,Non-thin-file,5:1,0.3,39593,452,35842,686,2613,0.39718804920913886,0.14747145187601957,0.9712575455257243,0.028742454474275755,0.06794955142374204,13751,0.34730886772914404
test,Application + Bureau + Alternative,Non-thin-file,10:1,0.3,39593,452,35842,686,2613,0.39718804920913886,0.14747145187601957,0.9712575455257243,0.028742454474275755,0.06794955142374204,26816,0.6772914404061324
test,Application + Bureau + Alternative,Non-thin-file,1:1,0.31,39593,413,35911,617,2652,0.4009708737864078,0.13474714518760195,0.9739853004318946,0.026014699568105475,0.0687705832015144,3269,0.08256509989139495
test,Application + Bureau + Alternative,Non-thin-file,2:1,0.31,39593,413,35911,617,2652,0.4009708737864078,0.13474714518760195,0.9739853004318946,0.026014699568105475,0.0687705832015144,5921,0.14954663703179855
test,Application + Bureau + Alternative,Non-thin-file,5:1,0.31,39593,413,35911,617,2652,0.4009708737864078,0.13474714518760195,0.9739853004318946,0.026014699568105475,0.0687705832015144,13877,0.3504912484530094
test,Application + Bureau + Alternative,Non-thin-file,10:1,0.31,39593,413,35911,617,2652,0.4009708737864078,0.13474714518760195,0.9739853004318946,0.026014699568105475,0.0687705832015144,27137,0.6853989341550274
test,Application + Bureau + Alternative,Non-thin-file,1:1,0.32,39593,381,35999,529,2684,0.4186813186813187,0.12430668841761827,0.9770161392165282,0.022983860783471827,0.06938448414032004,3213,0.08115070845856591
test,Application + Bureau + Alternative,Non-thin-file,2:1,0.32,39593,381,35999,529,2684,0.4186813186813187,0.12430668841761827,0.9770161392165282,0.022983860783471827,0.06938448414032004,5897,0.1489404692748718
test,Application + Bureau + Alternative,Non-thin-file,5:1,0.32,39593,381,35999,529,2684,0.4186813186813187,0.12430668841761827,0.9770161392165282,0.022983860783471827,0.06938448414032004,13949,0.35230975172378953
test,Application + Bureau + Alternative,Non-thin-file,10:1,0.32,39593,381,35999,529,2684,0.4186813186813187,0.12430668841761827,0.9770161392165282,0.022983860783471827,0.06938448414032004,27369,0.6912585558053191
test,Application + Bureau + Alternative,Non-thin-file,1:1,0.33,39593,349,36052,476,2716,0.42303030303030303,0.11386623164763458,0.9791629833556437,0.020837016644356325,0.07005777961205117,3192,0.08062031167125502
test,Application + Bureau + Alternative,Non-thin-file,2:1,0.33,39593,349,36052,476,2716,0.42303030303030303,0.11386623164763458,0.9791629833556437,0.020837016644356325,0.07005777961205117,5908,0.14921829616346324
test,Application + Bureau + Alternative,Non-thin-file,5:1,0.33,39593,349,36052,476,2716,0.42303030303030303,0.11386623164763458,0.9791629833556437,0.020837016644356325,0.07005777961205117,14056,0.3550122496400879
test,Application + Bureau + Alternative,Non-thin-file,10:1,0.33,39593,349,36052,476,2716,0.42303030303030303,0.11386623164763458,0.9791629833556437,0.020837016644356325,0.07005777961205117,27636,0.698002172101129
test,Application + Bureau + Alternative,Non-thin-file,1:1,0.34,39593,323,36093,435,2742,0.4261213720316623,0.10538336052202284,0.9808552016770641,0.019144798322935874,0.07060641174198533,3177,0.08024145682317581
test,Application + Bureau + Alternative,Non-thin-file,2:1,0.34,39593,323,36093,435,2742,0.4261213720316623,0.10538336052202284,0.9808552016770641,0.019144798322935874,0.07060641174198533,5919,0.14949612305205465
test,Application + Bureau + Alternative,Non-thin-file,5:1,0.34,39593,323,36093,435,2742,0.4261213720316623,0.10538336052202284,0.9808552016770641,0.019144798322935874,0.07060641174198533,14145,0.3572601217386912
test,Application + Bureau + Alternative,Non-thin-file,10:1,0.34,39593,323,36093,435,2742,0.4261213720316623,0.10538336052202284,0.9808552016770641,0.019144798322935874,0.07060641174198533,27855,0.7035334528830854
test,Application + Bureau + Alternative,Non-thin-file,1:1,0.35,39593,300,36142,386,2765,0.43731778425655976,0.09787928221859707,0.9826737049478443,0.017326295052155685,0.07106690312797183,3151,0.07958477508650519
test,Application + Bureau + Alternative,Non-thin-file,2:1,0.35,39593,300,36142,386,2765,0.43731778425655976,0.09787928221859707,0.9826737049478443,0.017326295052155685,0.07106690312797183,5916,0.1494203520824388
test,Application + Bureau + Alternative,Non-thin-file,5:1,0.35,39593,300,36142,386,2765,0.43731778425655976,0.09787928221859707,0.9826737049478443,0.017326295052155685,0.07106690312797183,14211,0.3589270830702397
test,Application + Bureau + Alternative,Non-thin-file,10:1,0.35,39593,300,36142,386,2765,0.43731778425655976,0.09787928221859707,0.9826737049478443,0.017326295052155685,0.07106690312797183,28036,0.7081049680499079
test,Application + Bureau + Alternative,Non-thin-file,1:1,0.36,39593,272,36191,337,2793,0.4466338259441708,0.08874388254486133,0.9846184931679842,0.01538150683201576,0.07164477734455162,3130,0.0790543782991943
test,Application + Bureau + Alternative,Non-thin-file,2:1,0.36,39593,272,36191,337,2793,0.4466338259441708,0.08874388254486133,0.9846184931679842,0.01538150683201576,0.07164477734455162,5923,0.14959715101154245
test,Application + Bureau + Alternative,Non-thin-file,5:1,0.36,39593,272,36191,337,2793,0.4466338259441708,0.08874388254486133,0.9846184931679842,0.01538150683201576,0.07164477734455162,14302,0.3612254691485869
test,Application + Bureau + Alternative,Non-thin-file,10:1,0.36,39593,272,36191,337,2793,0.4466338259441708,0.08874388254486133,0.9846184931679842,0.01538150683201576,0.07164477734455162,28267,0.7139393327103276
test,Application + Bureau + Alternative,Non-thin-file,1:1,0.37,39593,249,36225,303,2816,0.45108695652173914,0.08123980424143556,0.9860581415906853,0.013941858409314778,0.07212929996670167,3119,0.07877655141060289
test,Application + Bureau + Alternative,Non-thin-file,2:1,0.37,39593,249,36225,303,2816,0.45108695652173914,0.08123980424143556,0.9860581415906853,0.013941858409314778,0.07212929996670167,5935,0.1499002348900058
test,Application + Bureau + Alternative,Non-thin-file,5:1,0.37,39593,249,36225,303,2816,0.45108695652173914,0.08123980424143556,0.9860581415906853,0.013941858409314778,0.07212929996670167,14383,0.36327128532821457
test,Application + Bureau + Alternative,Non-thin-file,10:1,0.37,39593,249,36225,303,2816,0.45108695652173914,0.08123980424143556,0.9860581415906853,0.013941858409314778,0.07212929996670167,28463,0.7188897027252292
test,Application + Bureau + Alternative,Non-thin-file,1:1,0.38,39593,219,36269,259,2846,0.4581589958158996,0.07145187601957585,0.9879271588412093,0.012072841158790695,0.07275981081426562,3105,0.07842295355239562
test,Application + Bureau + Alternative,Non-thin-file,2:1,0.38,39593,219,36269,259,2846,0.4581589958158996,0.07145187601957585,0.9879271588412093,0.012072841158790695,0.07275981081426562,5951,0.15030434672795695
test,Application + Bureau + Alternative,Non-thin-file,5:1,0.38,39593,219,36269,259,2846,0.4581589958158996,0.07145187601957585,0.9879271588412093,0.012072841158790695,0.07275981081426562,14489,0.36594852625464097
test,Application + Bureau + Alternative,Non-thin-file,10:1,0.38,39593,219,36269,259,2846,0.4581589958158996,0.07145187601957585,0.9879271588412093,0.012072841158790695,0.07275981081426562,28719,0.7253554921324477
test,Application + Bureau + Alternative,Non-thin-file,1:1,0.39,39593,207,36294,234,2858,0.46938775510204084,0.06753670473083197,0.9888616674664713,0.011138332533528654,0.0729975480179812,3092,0.07809461268406032
test,Application + Bureau + Alternative,Non-thin-file,2:1,0.39,39593,207,36294,234,2858,0.46938775510204084,0.06753670473083197,0.9888616674664713,0.011138332533528654,0.0729975480179812,5950,0.15027908973808501
test,Application + Bureau + Alternative,Non-thin-file,5:1,0.39,39593,207,36294,234,2858,0.46938775510204084,0.06753670473083197,0.9888616674664713,0.011138332533528654,0.0729975480179812,14524,0.3668325209001591
test,Application + Bureau + Alternative,Non-thin-file,10:1,0.39,39593,207,36294,234,2858,0.46938775510204084,0.06753670473083197,0.9888616674664713,0.011138332533528654,0.0729975480179812,28814,0.7277549061702826
test,Application + Bureau + Alternative,Non-thin-file,1:1,0.4,39593,191,36320,208,2874,0.47869674185463656,0.06231647634584013,0.9899224610410932,0.010077538958906878,0.07332755013522478,3082,0.07784204278534085
test,Application + Bureau + Alternative,Non-thin-file,2:1,0.4,39593,191,36320,208,2874,0.47869674185463656,0.06231647634584013,0.9899224610410932,0.010077538958906878,0.07332755013522478,5956,0.15043063167731668
test,Application + Bureau + Alternative,Non-thin-file,5:1,0.4,39593,191,36320,208,2874,0.47869674185463656,0.06231647634584013,0.9899224610410932,0.010077538958906878,0.07332755013522478,14578,0.36819639835324425
test,Application + Bureau + Alternative,Non-thin-file,10:1,0.4,39593,191,36320,208,2874,0.47869674185463656,0.06231647634584013,0.9899224610410932,0.010077538958906878,0.07332755013522478,28948,0.7311393428131235
test,Application + Bureau + Alternative,Non-thin-file,1:1,0.41,39593,180,36341,187,2885,0.4904632152588556,0.05872756933115824,0.9907306847169954,0.009269315283004571,0.07354815683475247,3072,0.07758947288662137
test,Application + Bureau + Alternative,Non-thin-file,2:1,0.41,39593,180,36341,187,2885,0.4904632152588556,0.05872756933115824,0.9907306847169954,0.009269315283004571,0.07354815683475247,5957,0.15045588866718865
test,Application + Bureau + Alternative,Non-thin-file,5:1,0.41,39593,180,36341,187,2885,0.4904632152588556,0.05872756933115824,0.9907306847169954,0.009269315283004571,0.07354815683475247,14612,0.36905513600889045
test,Application + Bureau + Alternative,Non-thin-file,10:1,0.41,39593,180,36341,187,2885,0.4904632152588556,0.05872756933115824,0.9907306847169954,0.009269315283004571,0.07354815683475247,29037,0.7333872149117269
test,Application + Bureau + Alternative,Non-thin-file,1:1,0.42,39593,166,36357,171,2899,0.49258160237388726,0.05415986949429037,0.9914883944131538,0.00851160558684616,0.07384858365600162,3070,0.07753895890687748
test,Application + Bureau + Alternative,Non-thin-file,2:1,0.42,39593,166,36357,171,2899,0.49258160237388726,0.05415986949429037,0.9914883944131538,0.00851160558684616,0.07384858365600162,5969,0.15075897254565201
test,Application + Bureau + Alternative,Non-thin-file,5:1,0.42,39593,166,36357,171,2899,0.49258160237388726,0.05415986949429037,0.9914883944131538,0.00851160558684616,0.07384858365600162,14666,0.3704190134619756
test,Application + Bureau + Alternative,Non-thin-file,10:1,0.42,39593,166,36357,171,2899,0.49258160237388726,0.05415986949429037,0.9914883944131538,0.00851160558684616,0.07384858365600162,29161,0.7365190816558482
test,Application + Bureau + Alternative,Non-thin-file,1:1,0.43,39593,153,36381,147,2912,0.51,0.049918433931484506,0.9924229030384158,0.007577096961584118,0.07410989234723742,3059,0.07726113201828606
test,Application + Bureau + Alternative,Non-thin-file,2:1,0.43,39593,153,36381,147,2912,0.51,0.049918433931484506,0.9924229030384158,0.007577096961584118,0.07410989234723742,5971,0.1508094865253959
test,Application + Bureau + Alternative,Non-thin-file,5:1,0.43,39593,153,36381,147,2912,0.51,0.049918433931484506,0.9924229030384158,0.007577096961584118,0.07410989234723742,14707,0.37145455004672545
test,Application + Bureau + Alternative,Non-thin-file,10:1,0.43,39593,153,36381,147,2912,0.51,0.049918433931484506,0.9924229030384158,0.007577096961584118,0.07410989234723742,29267,0.7391963225822746
test,Application + Bureau + Alternative,Non-thin-file,1:1,0.44,39593,144,36399,129,2921,0.5274725274725275,0.04698205546492659,0.9931048417649585,0.006895158235041548,0.07428789420142422,3050,0.07703381910943853
test,Application + Bureau + Alternative,Non-thin-file,2:1,0.44,39593,144,36399,129,2921,0.5274725274725275,0.04698205546492659,0.9931048417649585,0.006895158235041548,0.07428789420142422,5971,0.1508094865253959
test,Application + Bureau + Alternative,Non-thin-file,5:1,0.44,39593,144,36399,129,2921,0.5274725274725275,0.04698205546492659,0.9931048417649585,0.006895158235041548,0.07428789420142422,14734,0.372136488773268
test,Application + Bureau + Alternative,Non-thin-file,10:1,0.44,39593,144,36399,129,2921,0.5274725274725275,0.04698205546492659,0.9931048417649585,0.006895158235041548,0.07428789420142422,29339,0.7410148258530548
test,Application + Bureau + Alternative,Non-thin-file,1:1,0.45,39593,134,36408,120,2931,0.5275590551181102,0.04371941272430669,0.9935847245725254,0.006415275427474554,0.07450621520628384,3051,0.07705907609931048
test,Application + Bureau + Alternative,Non-thin-file,2:1,0.45,39593,134,36408,120,2931,0.5275590551181102,0.04371941272430669,0.9935847245725254,0.006415275427474554,0.07450621520628384,5982,0.15108731341398732
test,Application + Bureau + Alternative,Non-thin-file,5:1,0.45,39593,134,36408,120,2931,0.5275590551181102,0.04371941272430669,0.9935847245725254,0.006415275427474554,0.07450621520628384,14775,0.37317202535801786
test,Application + Bureau + Alternative,Non-thin-file,10:1,0.45,39593,134,36408,120,2931,0.5275590551181102,0.04371941272430669,0.9935847245725254,0.006415275427474554,0.07450621520628384,29430,0.743313211931402
test,Application + Bureau + Alternative,Non-thin-file,1:1,0.46,39593,126,36421,107,2939,0.5407725321888412,0.041109298531810765,0.9941151213598364,0.005884878640163666,0.07466971544715448,3046,0.07693279114995075
test,Application + Bureau + Alternative,Non-thin-file,2:1,0.46,39593,126,36421,107,2939,0.5407725321888412,0.041109298531810765,0.9941151213598364,0.005884878640163666,0.07466971544715448,5985,0.15116308438360315
test,Application + Bureau + Alternative,Non-thin-file,5:1,0.46,39593,126,36421,107,2939,0.5407725321888412,0.041109298531810765,0.9941151213598364,0.005884878640163666,0.07466971544715448,14802,0.3738539640845604
test,Application + Bureau + Alternative,Non-thin-file,10:1,0.46,39593,126,36421,107,2939,0.5407725321888412,0.041109298531810765,0.9941151213598364,0.005884878640163666,0.07466971544715448,29497,0.7450054302528225
test,Application + Bureau + Alternative,Non-thin-file,1:1,0.47,39593,112,36432,96,2953,0.5384615384615384,0.0365415986949429,0.994746546106635,0.005253453893364989,0.0749777834200838,3049,0.0770085621195666
test,Application + Bureau + Alternative,Non-thin-file,2:1,0.47,39593,112,36432,96,2953,0.5384615384615384,0.0365415986949429,0.994746546106635,0.005253453893364989,0.0749777834200838,6002,0.15159245321142625
test,Application + Bureau + Alternative,Non-thin-file,5:1,0.47,39593,112,36432,96,2953,0.5384615384615384,0.0365415986949429,0.994746546106635,0.005253453893364989,0.0749777834200838,14861,0.37534412648700527
test,Application + Bureau + Alternative,Non-thin-file,10:1,0.47,39593,112,36432,96,2953,0.5384615384615384,0.0365415986949429,0.994746546106635,0.005253453893364989,0.0749777834200838,29626,0.7482635819463036
test,Application + Bureau + Alternative,Non-thin-file,1:1,0.48,39593,98,36446,82,2967,0.5444444444444444,0.03197389885807504,0.9954537418230496,0.004546258176950471,0.07527973003831223,3049,0.0770085621195666
test,Application + Bureau + Alternative,Non-thin-file,2:1,0.48,39593,98,36446,82,2967,0.5444444444444444,0.03197389885807504,0.9954537418230496,0.004546258176950471,0.07527973003831223,6016,0.15194605106963352
test,Application + Bureau + Alternative,Non-thin-file,5:1,0.48,39593,98,36446,82,2967,0.5444444444444444,0.03197389885807504,0.9954537418230496,0.004546258176950471,0.07527973003831223,14917,0.37675851791983433
test,Application + Bureau + Alternative,Non-thin-file,10:1,0.48,39593,98,36446,82,2967,0.5444444444444444,0.03197389885807504,0.9954537418230496,0.004546258176950471,0.07527973003831223,29752,0.7514459626701689
test,Application + Bureau + Alternative,Non-thin-file,1:1,0.49,39593,92,36457,71,2973,0.5644171779141104,0.0300163132137031,0.9958831106508726,0.004116889349127371,0.07539944204920111,3044,0.07688227717020686
test,Application + Bureau + Alternative,Non-thin-file,2:1,0.49,39593,92,36457,71,2973,0.5644171779141104,0.0300163132137031,0.9958831106508726,0.004116889349127371,0.07539944204920111,6017,0.15197130805950546
test,Application + Bureau + Alternative,Non-thin-file,5:1,0.49,39593,92,36457,71,2973,0.5644171779141104,0.0300163132137031,0.9958831106508726,0.004116889349127371,0.07539944204920111,14936,0.37723840072740134
test,Application + Bureau + Alternative,Non-thin-file,10:1,0.49,39593,92,36457,71,2973,0.5644171779141104,0.0300163132137031,0.9958831106508726,0.004116889349127371,0.07539944204920111,29801,0.7526835551738944
test,Application + Bureau + Alternative,Non-thin-file,1:1,0.5,39593,78,36463,65,2987,0.5454545454545454,0.025448613376835235,0.9963882504483116,0.00361174955168843,0.07571609632446134,3052,0.07708433308918243
test,Application + Bureau + Alternative,Non-thin-file,2:1,0.5,39593,78,36463,65,2987,0.5454545454545454,0.025448613376835235,0.9963882504483116,0.00361174955168843,0.07571609632446134,6039,0.1525269618366883
test,Application + Bureau + Alternative,Non-thin-file,5:1,0.5,39593,78,36463,65,2987,0.5454545454545454,0.025448613376835235,0.9963882504483116,0.00361174955168843,0.07571609632446134,15000,0.37885484807920594
test,Application + Bureau + Alternative,Non-thin-file,10:1,0.5,39593,78,36463,65,2987,0.5454545454545454,0.025448613376835235,0.9963882504483116,0.00361174955168843,0.07571609632446134,29935,0.7560679918167352
